,2020-01-24,2020-01-25,2020-01-26,2020-01-27,2020-01-28,2020-01-29,2020-01-30,2020-01-31,2020-02-01,2020-02-02,2020-02-03,2020-02-04,2020-02-05,2020-02-06,2020-02-07,2020-02-08,2020-02-09,2020-02-10,2020-02-11,2020-02-12,2020-02-13,2020-02-14,2020-02-15,2020-02-16,2020-02-17,2020-02-18,2020-02-19,2020-02-20,2020-02-21,2020-02-22,2020-02-23,2020-02-24,2020-02-25,2020-02-26,2020-02-27,2020-02-28,2020-02-29,cityName,prov
0,3.0,4.0,4.0,7.0,12.0,15.0,21.0,25.0,30.0,31.0,32.0,34.0,35.0,40.0,41.0,41.0,42.0,45.0,46.0,46.0,48.0,48.0,48.0,51.0,51.0,52.0,53.0,53.0,53.0,53.0,53.0,53.0,53.0,53.0,53.0,53.0,53.0,昆明,云南省
1,1.0,1.0,1.0,1.0,6.0,10.0,10.0,12.0,12.0,12.0,13.0,13.0,15.0,15.0,15.0,15.0,15.0,15.0,15.0,15.0,15.0,15.0,15.0,15.0,15.0,15.0,15.0,15.0,15.0,15.0,15.0,15.0,15.0,15.0,15.0,15.0,15.0,西双版纳,云南省
2,1.0,2.0,2.0,5.0,6.0,6.0,6.0,6.0,6.0,7.0,7.0,7.0,7.0,7.0,7.0,7.0,7.0,7.0,7.0,7.0,7.0,7.0,7.0,7.0,7.0,7.0,7.0,7.0,7.0,7.0,7.0,7.0,7.0,7.0,7.0,7.0,7.0,丽江,云南省
3,15.0,20.0,31.0,36.0,57.0,80.0,98.0,134.0,170.0,207.0,245.0,271.0,291.0,316.0,339.0,354.0,366.0,369.0,375.0,386.0,391.0,400.0,406.0,414.0,415.0,416.0,416.0,416.0,416.0,417.0,417.0,417.0,417.0,417.0,417.0,417.0,417.0,深圳,广东省
4,8.0,10.0,12.0,12.0,12.0,18.0,26.0,34.0,38.0,47.0,55.0,64.0,72.0,73.0,76.0,83.0,83.0,85.0,86.0,87.0,89.0,91.0,95.0,96.0,97.0,98.0,98.0,98.0,98.0,98.0,98.0,98.0,98.0,98.0,98.0,98.0,98.0,珠海,广东省
5,7.0,9.0,10.0,14.0,18.0,21.0,25.0,33.0,39.0,43.0,45.0,49.0,50.0,57.0,59.0,64.0,67.0,70.0,70.0,78.0,81.0,82.0,84.0,84.0,84.0,84.0,84.0,84.0,84.0,84.0,84.0,84.0,84.0,84.0,84.0,84.0,84.0,佛山,广东省
6,7.0,14.0,17.0,41.0,51.0,63.0,94.0,112.0,150.0,179.0,200.0,224.0,249.0,270.0,285.0,301.0,307.0,314.0,317.0,323.0,327.0,328.0,335.0,338.0,339.0,339.0,339.0,339.0,339.0,343.0,345.0,345.0,346.0,346.0,346.0,346.0,346.0,广州,广东省
7,5.0,7.0,8.0,8.0,11.0,12.0,17.0,20.0,20.0,23.0,28.0,29.0,34.0,35.0,39.0,47.0,48.0,52.0,53.0,54.0,55.0,56.0,58.0,58.0,58.0,59.0,62.0,62.0,62.0,62.0,62.0,62.0,62.0,62.0,62.0,62.0,62.0,惠州,广东省
8,3.0,3.0,4.0,4.0,4.0,4.0,4.0,4.0,4.0,5.0,5.0,6.0,6.0,6.0,6.0,6.0,6.0,6.0,7.0,7.0,8.0,8.0,10.0,10.0,10.0,10.0,10.0,10.0,10.0,10.0,10.0,10.0,10.0,10.0,10.0,10.0,10.0,韶关,广东省
9,3.0,5.0,8.0,8.0,9.0,10.0,10.0,10.0,10.0,10.0,10.0,12.0,12.0,13.0,13.0,13.0,13.0,13.0,13.0,13.0,13.0,13.0,13.0,13.0,13.0,13.0,13.0,13.0,13.0,13.0,13.0,14.0,14.0,14.0,14.0,14.0,14.0,阳江,广东省
10,2.0,2.0,4.0,5.0,7.0,9.0,11.0,11.0,13.0,14.0,14.0,18.0,18.0,19.0,20.0,20.0,21.0,21.0,21.0,21.0,21.0,22.0,22.0,22.0,22.0,22.0,22.0,22.0,22.0,22.0,22.0,22.0,22.0,22.0,22.0,22.0,22.0,湛江,广东省
11,2.0,2.0,2.0,5.0,6.0,13.0,18.0,18.0,18.0,21.0,25.0,31.0,36.0,44.0,46.0,46.0,51.0,56.0,58.0,62.0,64.0,64.0,65.0,65.0,66.0,66.0,66.0,66.0,66.0,66.0,66.0,66.0,66.0,66.0,66.0,66.0,66.0,中山,广东省
12,1.0,2.0,4.0,4.0,4.0,5.0,5.0,6.0,6.0,7.0,10.0,10.0,13.0,14.0,14.0,14.0,14.0,15.0,15.0,16.0,16.0,17.0,17.0,17.0,17.0,18.0,18.0,18.0,18.0,19.0,19.0,19.0,19.0,19.0,19.0,19.0,19.0,肇庆,广东省
13,1.0,2.0,3.0,3.0,6.0,6.0,6.0,6.0,6.0,6.0,7.0,8.0,10.0,10.0,10.0,10.0,10.0,10.0,10.0,12.0,12.0,12.0,12.0,12.0,12.0,12.0,12.0,12.0,12.0,12.0,12.0,12.0,12.0,12.0,12.0,12.0,12.0,清远,广东省
14,18.0,20.0,21.0,22.0,22.0,40.0,64.0,81.0,95.0,100.0,109.0,115.0,122.0,124.0,129.0,133.0,138.0,141.0,143.0,143.0,144.0,144.0,145.0,146.0,146.0,146.0,146.0,146.0,146.0,146.0,146.0,146.0,146.0,146.0,146.0,146.0,146.0,台州,浙江省
15,6.0,12.0,27.0,27.0,32.0,51.0,69.0,85.0,98.0,110.0,118.0,132.0,141.0,151.0,156.0,162.0,165.0,155.0,157.0,159.0,162.0,165.0,166.0,166.0,168.0,168.0,169.0,169.0,169.0,169.0,169.0,169.0,169.0,169.0,169.0,169.0,169.0,杭州,浙江省
16,6.0,10.0,18.0,32.0,60.0,114.0,172.0,227.0,241.0,265.0,291.0,340.0,364.0,396.0,421.0,438.0,448.0,464.0,474.0,481.0,490.0,496.0,499.0,502.0,503.0,504.0,504.0,504.0,504.0,504.0,504.0,504.0,504.0,504.0,504.0,504.0,504.0,温州,浙江省
17,5.0,6.0,13.0,13.0,17.0,20.0,41.0,46.0,55.0,66.0,75.0,102.0,120.0,126.0,136.0,141.0,146.0,149.0,151.0,153.0,153.0,153.0,154.0,155.0,156.0,156.0,156.0,156.0,157.0,157.0,157.0,157.0,157.0,157.0,157.0,157.0,157.0,宁波,浙江省
18,3.0,4.0,8.0,8.0,11.0,14.0,16.0,16.0,18.0,19.0,19.0,23.0,27.0,30.0,35.0,37.0,38.0,40.0,40.0,42.0,42.0,42.0,43.0,43.0,43.0,43.0,44.0,45.0,45.0,45.0,45.0,45.0,45.0,45.0,45.0,45.0,45.0,嘉兴,浙江省
19,2.0,2.0,3.0,5.0,5.0,8.0,10.0,12.0,13.0,13.0,14.0,15.0,15.0,15.0,15.0,15.0,15.0,15.0,21.0,21.0,21.0,21.0,21.0,21.0,21.0,21.0,21.0,21.0,14.0,14.0,14.0,14.0,14.0,14.0,14.0,14.0,14.0,衢州,浙江省
20,1.0,2.0,2.0,4.0,4.0,6.0,6.0,7.0,7.0,7.0,7.0,7.0,7.0,7.0,7.0,7.0,7.0,7.0,10.0,10.0,10.0,10.0,10.0,10.0,10.0,10.0,10.0,10.0,10.0,10.0,10.0,10.0,10.0,10.0,10.0,10.0,10.0,舟山,浙江省
21,1.0,4.0,5.0,6.0,7.0,19.0,19.0,23.0,24.0,27.0,30.0,30.0,30.0,33.0,34.0,36.0,38.0,41.0,41.0,41.0,41.0,42.0,42.0,42.0,42.0,42.0,42.0,42.0,42.0,42.0,42.0,42.0,42.0,42.0,42.0,42.0,42.0,绍兴,浙江省
22,1.0,2.0,3.0,5.0,7.0,13.0,20.0,27.0,34.0,34.0,36.0,40.0,44.0,47.0,48.0,52.0,53.0,53.0,53.0,54.0,55.0,55.0,55.0,55.0,55.0,55.0,55.0,55.0,55.0,55.0,55.0,55.0,55.0,55.0,55.0,55.0,55.0,金华,浙江省
23,8.0,8.0,18.0,22.0,24.0,46.0,57.0,68.0,86.0,112.0,125.0,148.0,164.0,179.0,190.0,196.0,205.0,213.0,219.0,223.0,228.0,238.0,241.0,241.0,241.0,241.0,241.0,242.0,242.0,242.0,242.0,242.0,242.0,242.0,242.0,242.0,242.0,长沙,湖南省
24,4.0,4.0,4.0,4.0,7.0,11.0,14.0,16.0,18.0,22.0,26.0,26.0,30.0,32.0,38.0,40.0,40.0,41.0,42.0,43.0,43.0,43.0,43.0,43.0,43.0,43.0,43.0,43.0,43.0,43.0,43.0,43.0,43.0,43.0,44.0,44.0,44.0,永州,湖南省
25,3.0,5.0,8.0,11.0,16.0,18.0,23.0,26.0,28.0,31.0,32.0,35.0,35.0,36.0,38.0,38.0,39.0,39.0,39.0,39.0,39.0,39.0,40.0,40.0,40.0,40.0,40.0,40.0,40.0,40.0,40.0,40.0,40.0,40.0,40.0,40.0,40.0,怀化,湖南省
26,3.0,5.0,6.0,7.0,17.0,26.0,29.0,37.0,45.0,53.0,70.0,83.0,89.0,93.0,107.0,111.0,115.0,124.0,134.0,146.0,148.0,149.0,153.0,154.0,154.0,155.0,155.0,156.0,156.0,156.0,156.0,156.0,156.0,156.0,156.0,156.0,156.0,岳阳,湖南省
27,3.0,5.0,5.0,7.0,9.0,13.0,16.0,20.0,26.0,29.0,35.0,40.0,45.0,51.0,53.0,59.0,64.0,66.0,69.0,69.0,72.0,73.0,75.0,75.0,76.0,76.0,76.0,76.0,76.0,76.0,76.0,76.0,76.0,76.0,76.0,76.0,76.0,娄底,湖南省
28,1.0,1.0,3.0,6.0,7.0,7.0,10.0,12.0,13.0,18.0,21.0,22.0,24.0,25.0,29.0,31.0,32.0,32.0,33.0,38.0,38.0,39.0,39.0,39.0,39.0,39.0,39.0,39.0,39.0,39.0,39.0,39.0,39.0,39.0,39.0,39.0,39.0,郴州,湖南省
29,1.0,1.0,3.0,5.0,7.0,13.0,18.0,19.0,22.0,25.0,26.0,34.0,38.0,41.0,46.0,48.0,58.0,61.0,68.0,71.0,75.0,77.0,78.0,78.0,78.0,78.0,78.0,78.0,78.0,79.0,80.0,80.0,80.0,80.0,80.0,80.0,80.0,株洲,湖南省
30,1.0,2.0,3.0,4.0,6.0,8.0,9.0,10.0,13.0,16.0,19.0,21.0,23.0,24.0,25.0,28.0,28.0,31.0,32.0,32.0,32.0,34.0,35.0,35.0,35.0,35.0,35.0,35.0,35.0,36.0,36.0,36.0,36.0,36.0,36.0,36.0,36.0,湘潭,湖南省
31,7.0,16.0,22.0,33.0,37.0,46.0,59.0,69.0,72.0,73.0,77.0,87.0,92.0,97.0,102.0,109.0,120.0,123.0,124.0,125.0,131.0,135.0,139.0,140.0,140.0,140.0,141.0,141.0,143.0,143.0,143.0,143.0,143.0,143.0,143.0,143.0,143.0,成都,四川省
32,2.0,2.0,2.0,6.0,7.0,7.0,9.0,13.0,16.0,20.0,21.0,24.0,24.0,24.0,27.0,28.0,28.0,28.0,30.0,30.0,30.0,30.0,30.0,30.0,30.0,30.0,30.0,30.0,30.0,30.0,30.0,30.0,30.0,30.0,30.0,30.0,30.0,广安,四川省
33,2.0,2.0,5.0,7.0,8.0,8.0,9.0,11.0,12.0,14.0,17.0,17.0,17.0,18.0,19.0,20.0,20.0,21.0,21.0,22.0,22.0,22.0,22.0,22.0,22.0,22.0,22.0,22.0,22.0,22.0,22.0,22.0,22.0,22.0,22.0,22.0,22.0,绵阳,四川省
34,1.0,1.0,1.0,3.0,3.0,4.0,6.0,8.0,9.0,9.0,11.0,13.0,17.0,20.0,23.0,25.0,25.0,28.0,30.0,33.0,36.0,36.0,36.0,36.0,38.0,39.0,40.0,40.0,41.0,41.0,41.0,41.0,42.0,42.0,42.0,42.0,42.0,达州,四川省
35,1.0,1.0,1.0,1.0,1.0,2.0,3.0,7.0,7.0,10.0,10.0,12.0,12.0,12.0,12.0,13.0,16.0,16.0,16.0,16.0,17.0,17.0,17.0,17.0,17.0,17.0,17.0,17.0,18.0,18.0,18.0,18.0,18.0,18.0,18.0,18.0,18.0,德阳,四川省
36,1.0,2.0,2.0,2.0,3.0,3.0,4.0,5.0,5.0,5.0,5.0,5.0,5.0,5.0,5.0,6.0,8.0,10.0,10.0,10.0,10.0,10.0,10.0,12.0,17.0,17.0,17.0,17.0,17.0,17.0,17.0,17.0,17.0,17.0,17.0,17.0,17.0,遂宁,四川省
37,1.0,1.0,1.0,1.0,2.0,2.0,2.0,3.0,5.0,5.0,5.0,5.0,6.0,6.0,6.0,6.0,6.0,6.0,6.0,6.0,7.0,7.0,7.0,7.0,7.0,7.0,7.0,7.0,7.0,7.0,7.0,7.0,7.0,7.0,7.0,7.0,7.0,雅安,四川省
38,4.0,6.0,8.0,13.0,15.0,17.0,21.0,21.0,21.0,24.0,26.0,32.0,35.0,41.0,44.0,46.0,49.0,53.0,53.0,53.0,53.0,55.0,56.0,57.0,57.0,58.0,59.0,59.0,59.0,59.0,59.0,60.0,60.0,60.0,60.0,60.0,60.0,青岛,山东省
39,2.0,3.0,4.0,9.0,10.0,12.0,14.0,19.0,24.0,24.0,25.0,25.0,27.0,29.0,31.0,33.0,34.0,35.0,37.0,38.0,38.0,38.0,38.0,38.0,38.0,38.0,38.0,38.0,38.0,38.0,38.0,38.0,38.0,38.0,38.0,38.0,38.0,威海,山东省
40,2.0,3.0,7.0,7.0,8.0,16.0,16.0,23.0,23.0,24.0,25.0,28.0,30.0,32.0,35.0,40.0,40.0,42.0,44.0,45.0,45.0,47.0,47.0,47.0,47.0,48.0,48.0,49.0,49.0,49.0,49.0,49.0,49.0,49.0,49.0,49.0,49.0,临沂,山东省
41,2.0,3.0,5.0,7.0,10.0,11.0,14.0,16.0,18.0,19.0,22.0,25.0,29.0,34.0,41.0,42.0,43.0,44.0,46.0,47.0,47.0,47.0,47.0,47.0,47.0,47.0,47.0,47.0,47.0,47.0,47.0,47.0,47.0,47.0,47.0,47.0,47.0,济南,山东省
42,2.0,2.0,2.0,8.0,10.0,12.0,13.0,18.0,20.0,20.0,26.0,26.0,27.0,30.0,34.0,35.0,37.0,39.0,41.0,43.0,46.0,46.0,46.0,46.0,47.0,47.0,47.0,47.0,47.0,47.0,47.0,47.0,47.0,47.0,47.0,47.0,47.0,烟台,山东省
43,1.0,1.0,2.0,3.0,3.0,5.0,7.0,8.0,9.0,11.0,13.0,14.0,16.0,21.0,27.0,31.0,36.0,37.0,38.0,38.0,41.0,41.0,42.0,43.0,44.0,44.0,44.0,44.0,44.0,44.0,44.0,44.0,44.0,44.0,44.0,44.0,44.0,潍坊,山东省
44,1.0,3.0,4.0,5.0,6.0,8.0,9.0,9.0,10.0,11.0,14.0,14.0,14.0,14.0,14.0,15.0,15.0,15.0,15.0,15.0,15.0,15.0,16.0,16.0,16.0,16.0,16.0,16.0,16.0,16.0,16.0,16.0,16.0,16.0,16.0,16.0,16.0,日照,山东省
45,1.0,2.0,5.0,5.0,5.0,5.0,8.0,8.0,11.0,14.0,18.0,21.0,25.0,32.0,35.0,38.0,39.0,39.0,41.0,42.0,43.0,46.0,49.0,51.0,52.0,52.0,52.0,52.0,253.0,253.0,257.0,257.0,258.0,258.0,258.0,258.0,258.0,济宁,山东省
46,6.0,10.0,13.0,13.0,16.0,29.0,39.0,50.0,59.0,59.0,75.0,81.0,93.0,104.0,115.0,128.0,136.0,147.0,150.0,157.0,161.0,166.0,168.0,169.0,171.0,173.0,173.0,173.0,174.0,174.0,174.0,174.0,174.0,174.0,174.0,174.0,174.0,合肥,安徽省
47,2.0,2.0,3.0,3.0,4.0,6.0,8.0,9.0,13.0,13.0,20.0,30.0,34.0,36.0,41.0,51.0,54.0,57.0,59.0,59.0,60.0,61.0,63.0,65.0,68.0,68.0,69.0,69.0,69.0,69.0,69.0,69.0,69.0,69.0,69.0,69.0,69.0,六安,安徽省
48,2.0,7.0,10.0,10.0,21.0,23.0,28.0,38.0,47.0,59.0,65.0,79.0,84.0,95.0,105.0,113.0,118.0,125.0,132.0,138.0,142.0,146.0,150.0,152.0,153.0,154.0,155.0,155.0,155.0,155.0,155.0,155.0,155.0,155.0,155.0,155.0,155.0,阜阳,安徽省
49,1.0,2.0,2.0,2.0,4.0,4.0,4.0,4.0,6.0,6.0,8.0,11.0,11.0,11.0,11.0,11.0,11.0,12.0,12.0,12.0,13.0,13.0,13.0,13.0,13.0,13.0,13.0,13.0,13.0,13.0,13.0,13.0,13.0,13.0,13.0,13.0,13.0,滁州,安徽省
50,1.0,4.0,6.0,6.0,8.0,15.0,20.0,20.0,25.0,30.0,39.0,48.0,58.0,66.0,72.0,81.0,87.0,92.0,92.0,97.0,100.0,106.0,107.0,108.0,108.0,108.0,108.0,108.0,108.0,108.0,108.0,108.0,108.0,108.0,108.0,108.0,108.0,亳州,安徽省
51,1.0,4.0,5.0,8.0,8.0,14.0,18.0,18.0,31.0,43.0,47.0,55.0,56.0,60.0,66.0,71.0,75.0,78.0,80.0,80.0,80.0,81.0,82.0,82.0,83.0,83.0,83.0,83.0,83.0,83.0,83.0,83.0,83.0,83.0,83.0,83.0,83.0,安庆,安徽省
52,1.0,1.0,1.0,1.0,1.0,1.0,2.0,4.0,4.0,6.0,6.0,10.0,11.0,11.0,11.0,11.0,12.0,15.0,15.0,16.0,16.0,17.0,17.0,17.0,17.0,17.0,17.0,17.0,17.0,17.0,17.0,17.0,17.0,17.0,17.0,17.0,17.0,池州,安徽省
53,1.0,1.0,1.0,3.0,3.0,3.0,8.0,15.0,16.0,26.0,37.0,43.0,48.0,64.0,88.0,99.0,115.0,126.0,134.0,141.0,146.0,149.0,153.0,157.0,158.0,158.0,159.0,160.0,160.0,160.0,160.0,160.0,160.0,160.0,160.0,160.0,160.0,蚌埠,安徽省
54,6.0,6.0,9.0,9.0,11.0,13.0,15.0,17.0,23.0,23.0,26.0,27.0,29.0,31.0,31.0,32.0,33.0,35.0,36.0,39.0,39.0,40.0,43.0,43.0,43.0,44.0,44.0,44.0,44.0,44.0,44.0,44.0,44.0,44.0,44.0,44.0,44.0,北海,广西壮族自治区
55,2.0,3.0,5.0,6.0,6.0,6.0,10.0,11.0,12.0,12.0,14.0,15.0,17.0,20.0,20.0,20.0,20.0,22.0,22.0,22.0,22.0,22.0,24.0,24.0,24.0,24.0,24.0,24.0,24.0,24.0,24.0,24.0,24.0,24.0,24.0,24.0,24.0,柳州,广西壮族自治区
56,2.0,6.0,11.0,14.0,15.0,16.0,18.0,18.0,21.0,23.0,24.0,24.0,26.0,27.0,28.0,29.0,29.0,30.0,30.0,31.0,31.0,31.0,31.0,31.0,31.0,31.0,31.0,31.0,31.0,32.0,32.0,32.0,32.0,32.0,32.0,32.0,32.0,桂林,广西壮族自治区
57,1.0,1.0,2.0,2.0,4.0,4.0,4.0,4.0,5.0,5.0,5.0,5.0,5.0,5.0,5.0,5.0,5.0,5.0,5.0,5.0,5.0,5.0,5.0,5.0,5.0,5.0,5.0,5.0,5.0,5.0,5.0,5.0,5.0,5.0,5.0,5.0,5.0,梧州,广西壮族自治区
58,1.0,1.0,2.0,2.0,2.0,2.0,2.0,2.0,2.0,2.0,2.0,2.0,2.0,2.0,3.0,3.0,3.0,3.0,3.0,3.0,3.0,3.0,3.0,3.0,3.0,3.0,3.0,3.0,3.0,3.0,3.0,3.0,3.0,3.0,3.0,3.0,3.0,百色,广西壮族自治区
59,1.0,3.0,3.0,3.0,3.0,3.0,5.0,6.0,6.0,6.0,6.0,8.0,9.0,11.0,11.0,15.0,19.0,21.0,21.0,21.0,21.0,21.0,22.0,22.0,22.0,22.0,23.0,23.0,24.0,25.0,25.0,27.0,28.0,28.0,28.0,28.0,28.0,河池,广西壮族自治区
60,3.0,6.0,20.0,29.0,37.0,40.0,46.0,50.0,56.0,65.0,72.0,85.0,92.0,102.0,112.0,120.0,126.0,130.0,132.0,137.0,141.0,142.0,144.0,148.0,151.0,154.0,156.0,156.0,157.0,157.0,157.0,157.0,157.0,157.0,157.0,157.0,157.0,郑州,河南省
61,2.0,2.0,,,,,,,,,,,,,,,,,,,,,,,,,,,,,,,,,,,,巩义,河南省
62,1.0,1.0,1.0,2.0,2.0,2.0,2.0,3.0,5.0,7.0,7.0,12.0,17.0,21.0,24.0,25.0,25.0,27.0,28.0,29.0,30.0,30.0,31.0,31.0,31.0,31.0,31.0,31.0,31.0,31.0,31.0,31.0,31.0,31.0,31.0,31.0,31.0,洛阳,河南省
63,1.0,1.0,2.0,3.0,3.0,4.0,5.0,6.0,7.0,7.0,7.0,7.0,7.0,7.0,7.0,7.0,7.0,7.0,7.0,7.0,7.0,7.0,7.0,7.0,7.0,7.0,7.0,7.0,7.0,7.0,7.0,7.0,7.0,7.0,7.0,7.0,7.0,三门峡,河南省
64,1.0,5.0,22.0,23.0,29.0,32.0,42.0,49.0,70.0,88.0,99.0,112.0,138.0,164.0,176.0,192.0,205.0,220.0,228.0,231.0,240.0,243.0,252.0,261.0,262.0,266.0,268.0,269.0,270.0,273.0,274.0,274.0,274.0,274.0,274.0,274.0,274.0,信阳,河南省
65,1.0,4.0,5.0,11.0,15.0,19.0,25.0,36.0,38.0,40.0,47.0,52.0,56.0,59.0,60.0,62.0,62.0,65.0,65.0,66.0,68.0,69.0,70.0,71.0,75.0,76.0,76.0,76.0,76.0,76.0,76.0,76.0,76.0,76.0,76.0,76.0,76.0,周口,河南省
66,3.0,4.0,7.0,7.0,10.0,14.0,19.0,25.0,28.0,35.0,40.0,44.0,47.0,52.0,57.0,65.0,71.0,78.0,84.0,87.0,90.0,91.0,91.0,92.0,92.0,92.0,93.0,93.0,93.0,93.0,93.0,93.0,93.0,93.0,93.0,93.0,93.0,南京,江苏省
67,2.0,3.0,7.0,8.0,12.0,20.0,24.0,32.0,34.0,38.0,44.0,52.0,55.0,60.0,69.0,72.0,75.0,77.0,80.0,84.0,85.0,85.0,86.0,86.0,86.0,87.0,87.0,87.0,87.0,87.0,87.0,87.0,87.0,87.0,87.0,87.0,87.0,苏州,江苏省
68,1.0,1.0,3.0,3.0,3.0,3.0,6.0,9.0,13.0,13.0,14.0,17.0,20.0,22.0,24.0,27.0,32.0,35.0,37.0,39.0,42.0,45.0,46.0,48.0,48.0,48.0,48.0,48.0,48.0,48.0,48.0,48.0,48.0,48.0,48.0,48.0,48.0,连云港,江苏省
69,1.0,1.0,1.0,4.0,5.0,8.0,8.0,8.0,13.0,13.0,14.0,15.0,15.0,15.0,17.0,17.0,18.0,18.0,18.0,18.0,20.0,20.0,21.0,22.0,23.0,23.0,23.0,23.0,23.0,23.0,23.0,23.0,23.0,23.0,23.0,23.0,23.0,扬州,江苏省
70,1.0,1.0,2.0,4.0,6.0,6.0,9.0,10.0,12.0,17.0,19.0,22.0,25.0,27.0,29.0,31.0,32.0,33.0,35.0,37.0,38.0,39.0,40.0,40.0,40.0,40.0,40.0,40.0,40.0,40.0,40.0,40.0,40.0,40.0,40.0,40.0,40.0,南通,江苏省
71,1.0,1.0,2.0,4.0,6.0,9.0,10.0,12.0,13.0,19.0,23.0,25.0,26.0,28.0,31.0,34.0,38.0,41.0,45.0,48.0,49.0,51.0,52.0,53.0,55.0,55.0,55.0,55.0,55.0,55.0,55.0,55.0,55.0,55.0,55.0,55.0,55.0,无锡,江苏省
72,3.0,3.0,3.0,6.0,7.0,9.0,9.0,9.0,11.0,11.0,13.0,14.0,16.0,16.0,21.0,23.0,23.0,28.0,29.0,29.0,29.0,31.0,33.0,33.0,34.0,34.0,34.0,39.0,39.0,39.0,39.0,39.0,39.0,39.0,39.0,39.0,39.0,海口,海南省
73,2.0,6.0,8.0,11.0,14.0,14.0,14.0,14.0,15.0,17.0,18.0,18.0,22.0,30.0,34.0,37.0,41.0,43.0,46.0,54.0,54.0,54.0,54.0,54.0,54.0,54.0,54.0,54.0,54.0,54.0,54.0,54.0,54.0,54.0,54.0,54.0,54.0,三亚,海南省
74,2.0,5.0,5.0,7.0,7.0,8.0,8.0,8.0,8.0,8.0,9.0,11.0,11.0,11.0,12.0,12.0,12.0,12.0,13.0,13.0,13.0,13.0,13.0,13.0,13.0,13.0,13.0,13.0,13.0,13.0,13.0,13.0,13.0,13.0,13.0,13.0,13.0,万宁,海南省
75,1.0,1.0,1.0,1.0,1.0,1.0,1.0,2.0,3.0,4.0,4.0,4.0,5.0,5.0,5.0,5.0,5.0,6.0,6.0,6.0,6.0,6.0,6.0,6.0,6.0,6.0,6.0,6.0,6.0,6.0,6.0,6.0,6.0,6.0,6.0,6.0,6.0,临高,海南省
76,2.0,3.0,4.0,8.0,17.0,25.0,46.0,67.0,83.0,89.0,103.0,121.0,134.0,149.0,162.0,168.0,179.0,189.0,195.0,204.0,210.0,217.0,222.0,227.0,228.0,229.0,230.0,229.0,229.0,229.0,229.0,229.0,229.0,229.0,229.0,230.0,230.0,南昌,江西省
77,1.0,4.0,6.0,7.0,8.0,9.0,13.0,15.0,18.0,24.0,29.0,34.0,44.0,46.0,56.0,59.0,63.0,64.0,67.0,68.0,69.0,71.0,72.0,72.0,72.0,72.0,72.0,72.0,72.0,72.0,72.0,72.0,72.0,72.0,72.0,72.0,72.0,抚州,江西省
78,1.0,1.0,2.0,2.0,2.0,2.0,5.0,8.0,9.0,15.0,18.0,20.0,22.0,23.0,24.0,24.0,24.0,25.0,26.0,29.0,29.0,31.0,32.0,32.0,33.0,33.0,33.0,33.0,33.0,33.0,33.0,33.0,33.0,33.0,33.0,33.0,33.0,萍乡,江西省
79,1.0,2.0,2.0,4.0,9.0,16.0,31.0,42.0,43.0,55.0,64.0,78.0,86.0,92.0,95.0,97.0,100.0,101.0,101.0,105.0,109.0,114.0,115.0,117.0,117.0,118.0,118.0,118.0,118.0,118.0,118.0,118.0,118.0,118.0,118.0,118.0,118.0,九江,江西省
80,1.0,1.0,1.0,3.0,3.0,11.0,11.0,28.0,40.0,43.0,50.0,59.0,69.0,78.0,87.0,95.0,100.0,105.0,110.0,117.0,121.0,124.0,127.0,129.0,129.0,129.0,129.0,130.0,130.0,130.0,130.0,130.0,130.0,130.0,130.0,130.0,130.0,新余,江西省
81,1.0,1.0,2.0,3.0,3.0,4.0,5.0,8.0,11.0,12.0,13.0,15.0,15.0,15.0,16.0,17.0,17.0,18.0,19.0,21.0,20.0,20.0,20.0,21.0,21.0,22.0,22.0,22.0,22.0,22.0,22.0,22.0,22.0,22.0,22.0,22.0,22.0,吉安,江西省
82,2.0,4.0,8.0,12.0,15.0,18.0,22.0,32.0,39.0,47.0,55.0,60.0,70.0,74.0,80.0,88.0,96.0,98.0,104.0,110.0,114.0,114.0,114.0,114.0,117.0,117.0,118.0,120.0,120.0,120.0,120.0,120.0,120.0,120.0,120.0,120.0,120.0,西安,陕西省
83,1.0,3.0,3.0,4.0,4.0,5.0,5.0,6.0,8.0,9.0,9.0,11.0,15.0,15.0,15.0,16.0,16.0,17.0,17.0,17.0,17.0,17.0,17.0,17.0,17.0,17.0,17.0,17.0,17.0,17.0,17.0,17.0,17.0,17.0,17.0,17.0,17.0,咸阳,陕西省
84,1.0,3.0,3.0,7.0,8.0,10.0,10.0,13.0,14.0,16.0,17.0,17.0,19.0,21.0,21.0,21.0,21.0,22.0,22.0,22.0,22.0,23.0,24.0,24.0,25.0,25.0,25.0,26.0,26.0,26.0,26.0,26.0,26.0,26.0,26.0,26.0,26.0,安康,陕西省
85,1.0,1.0,1.0,2.0,2.0,3.0,3.0,7.0,7.0,7.0,7.0,7.0,7.0,7.0,7.0,8.0,8.0,8.0,8.0,8.0,8.0,8.0,8.0,8.0,8.0,8.0,8.0,8.0,8.0,8.0,8.0,8.0,8.0,8.0,8.0,8.0,8.0,延安,陕西省
86,2.0,5.0,6.0,7.0,8.0,9.0,9.0,10.0,13.0,17.0,15.0,18.0,23.0,23.0,25.0,26.0,26.0,26.0,27.0,28.0,28.0,28.0,28.0,28.0,28.0,28.0,28.0,28.0,28.0,28.0,28.0,28.0,28.0,28.0,28.0,28.0,28.0,沈阳,辽宁省
87,1.0,4.0,4.0,5.0,5.0,5.0,5.0,7.0,10.0,12.0,12.0,13.0,14.0,14.0,14.0,16.0,16.0,16.0,16.0,16.0,17.0,18.0,18.0,19.0,19.0,19.0,19.0,19.0,19.0,19.0,19.0,19.0,19.0,19.0,19.0,19.0,19.0,大连,辽宁省
88,1.0,2.0,2.0,2.0,2.0,4.0,4.0,5.0,6.0,6.0,6.0,6.0,6.0,6.0,6.0,6.0,6.0,6.0,6.0,6.0,6.0,6.0,6.0,6.0,6.0,6.0,6.0,6.0,6.0,6.0,6.0,6.0,6.0,6.0,6.0,6.0,6.0,朝阳,辽宁省
89,5.0,6.0,13.0,18.0,24.0,24.0,30.0,32.0,39.0,44.0,47.0,53.0,55.0,56.0,57.0,59.0,62.0,63.0,63.0,64.0,64.0,66.0,66.0,68.0,69.0,71.0,71.0,71.0,71.0,71.0,71.0,71.0,71.0,71.0,72.0,72.0,72.0,福州,福建省
90,3.0,3.0,4.0,4.0,5.0,6.0,7.0,13.0,17.0,18.0,19.0,20.0,21.0,21.0,23.0,25.0,25.0,28.0,31.0,32.0,34.0,34.0,34.0,34.0,35.0,35.0,35.0,35.0,35.0,35.0,35.0,35.0,35.0,35.0,35.0,35.0,35.0,厦门,福建省
91,1.0,3.0,5.0,10.0,13.0,13.0,18.0,22.0,24.0,29.0,31.0,35.0,37.0,39.0,40.0,40.0,42.0,42.0,43.0,43.0,44.0,44.0,46.0,46.0,46.0,46.0,46.0,46.0,46.0,46.0,46.0,46.0,47.0,47.0,47.0,47.0,47.0,泉州,福建省
92,1.0,2.0,3.0,6.0,6.0,7.0,8.0,9.0,9.0,9.0,12.0,12.0,14.0,16.0,16.0,21.0,23.0,24.0,24.0,24.0,25.0,25.0,25.0,25.0,25.0,25.0,26.0,26.0,26.0,26.0,26.0,26.0,26.0,26.0,26.0,26.0,26.0,宁德,福建省
93,0.0,3.0,4.0,5.0,6.0,7.0,7.0,8.0,11.0,12.0,13.0,13.0,15.0,16.0,16.0,16.0,16.0,16.0,17.0,19.0,19.0,19.0,20.0,20.0,20.0,20.0,20.0,20.0,20.0,20.0,20.0,20.0,20.0,20.0,20.0,20.0,20.0,漳州,福建省
94,0.0,1.0,4.0,4.0,8.0,9.0,10.0,10.0,10.0,11.0,11.0,11.0,11.0,11.0,12.0,12.0,13.0,13.0,13.0,13.0,13.0,13.0,13.0,13.0,14.0,14.0,14.0,14.0,14.0,14.0,14.0,14.0,14.0,14.0,14.0,14.0,14.0,三明,福建省
95,495.0,572.0,618.0,698.0,1590.0,1905.0,2261.0,2639.0,3215.0,4109.0,5142.0,6384.0,8351.0,10117.0,11618.0,13603.0,14982.0,16902.0,18454.0,19558.0,32994.0,35991.0,37914.0,39462.0,41152.0,42752.0,44412.0,45027.0,45346.0,45660.0,46201.0,46607.0,47071.0,47441.0,47824.0,48137.0,48557.0,武汉,湖北省
96,22.0,26.0,55.0,100.0,173.0,274.0,399.0,541.0,628.0,749.0,918.0,1120.0,1462.0,1886.0,2141.0,2313.0,2436.0,2541.0,2642.0,2751.0,2874.0,3009.0,3114.0,3201.0,3279.0,3320.0,3344.0,3329.0,3346.0,3429.0,3443.0,3465.0,3482.0,3501.0,3516.0,3517.0,3518.0,孝感,湖北省
97,12.0,64.0,122.0,154.0,213.0,324.0,496.0,573.0,726.0,1002.0,1246.0,1422.0,1645.0,1807.0,1897.0,2041.0,2141.0,2252.0,2332.0,2398.0,2662.0,2791.0,2817.0,2823.0,2831.0,2828.0,2844.0,2839.0,2856.0,2899.0,2904.0,2904.0,2904.0,2904.0,2904.0,2904.0,2904.0,黄冈,湖北省
98,8.0,10.0,33.0,47.0,71.0,101.0,151.0,221.0,287.0,333.0,499.0,613.0,713.0,801.0,885.0,941.0,997.0,1045.0,1075.0,1110.0,1431.0,1447.0,1478.0,1490.0,1501.0,1537.0,1541.0,1510.0,1517.0,1566.0,1574.0,1574.0,1576.0,1577.0,1579.0,1579.0,1579.0,荆州,湖北省
99,8.0,21.0,38.0,90.0,114.0,142.0,191.0,227.0,251.0,329.0,345.0,400.0,422.0,508.0,553.0,588.0,663.0,641.0,656.0,696.0,927.0,901.0,902.0,909.0,915.0,900.0,901.0,794.0,800.0,914.0,918.0,920.0,920.0,922.0,923.0,924.0,924.0,荆门,湖北省
100,2.0,10.0,11.0,12.0,27.0,32.0,55.0,90.0,97.0,140.0,169.0,188.0,225.0,265.0,307.0,359.0,379.0,416.0,438.0,460.0,480.0,500.0,514.0,523.0,531.0,544.0,562.0,567.0,568.0,571.0,571.0,573.0,575.0,575.0,575.0,575.0,575.0,仙桃,湖北省
101,1.0,1.0,20.0,31.0,51.0,63.0,117.0,167.0,276.0,353.0,392.0,452.0,496.0,563.0,610.0,633.0,711.0,749.0,772.0,784.0,810.0,877.0,906.0,901.0,895.0,904.0,907.0,891.0,895.0,914.0,917.0,924.0,926.0,927.0,929.0,931.0,931.0,宜昌,湖北省
102,1.0,5.0,20.0,40.0,65.0,88.0,119.0,150.0,177.0,212.0,256.0,291.0,318.0,353.0,395.0,438.0,467.0,481.0,505.0,536.0,562.0,586.0,597.0,602.0,612.0,626.0,638.0,641.0,654.0,659.0,667.0,669.0,671.0,671.0,671.0,671.0,671.0,十堰,湖北省
103,1.0,4.0,5.0,7.0,9.0,10.0,11.0,11.0,12.0,13.0,16.0,21.0,21.0,24.0,24.0,24.0,24.0,25.0,27.0,27.0,27.0,27.0,27.0,28.0,28.0,28.0,28.0,28.0,28.0,29.0,29.0,29.0,29.0,29.0,29.0,29.0,29.0,石家庄,河北省
104,1.0,2.0,2.0,2.0,5.0,8.0,12.0,18.0,19.0,19.0,19.0,20.0,20.0,21.0,23.0,28.0,28.0,28.0,32.0,37.0,42.0,45.0,46.0,47.0,47.0,48.0,48.0,48.0,48.0,48.0,48.0,48.0,48.0,48.0,48.0,48.0,48.0,沧州,河北省
105,1.0,1.0,1.0,1.0,1.0,1.0,1.0,2.0,6.0,7.0,8.0,8.0,9.0,10.0,11.0,13.0,12.0,12.0,12.0,12.0,12.0,12.0,12.0,12.0,12.0,13.0,13.0,14.0,14.0,14.0,14.0,14.0,14.0,14.0,14.0,14.0,14.0,牡丹江,黑龙江省
106,1.0,6.0,8.0,8.0,10.0,11.0,13.0,18.0,25.0,34.0,45.0,63.0,73.0,82.0,94.0,100.0,114.0,128.0,146.0,150.0,159.0,164.0,167.0,182.0,188.0,190.0,192.0,194.0,197.0,197.0,198.0,198.0,198.0,198.0,198.0,198.0,198.0,哈尔滨,黑龙江省
107,1.0,1.0,3.0,5.0,5.0,5.0,5.0,7.0,8.0,8.0,11.0,11.0,11.0,13.0,13.0,13.0,13.0,13.0,14.0,15.0,15.0,18.0,19.0,19.0,20.0,20.0,23.0,26.0,26.0,26.0,26.0,26.0,26.0,26.0,26.0,26.0,26.0,大庆,黑龙江省
108,1.0,1.0,2.0,3.0,8.0,8.0,10.0,12.0,13.0,14.0,16.0,22.0,24.0,29.0,39.0,44.0,35.0,37.0,39.0,43.0,45.0,45.0,46.0,46.0,46.0,46.0,47.0,47.0,47.0,47.0,47.0,47.0,47.0,47.0,47.0,47.0,47.0,绥化,黑龙江省
109,1.0,1.0,2.0,5.0,7.0,7.0,9.0,11.0,15.0,16.0,19.0,20.0,20.0,25.0,27.0,29.0,28.0,28.0,30.0,31.0,32.0,32.0,33.0,33.0,33.0,33.0,33.0,33.0,33.0,33.0,33.0,33.0,33.0,33.0,33.0,33.0,34.0,银川,宁夏回族自治区
110,1.0,1.0,1.0,1.0,1.0,1.0,1.0,2.0,2.0,2.0,2.0,3.0,3.0,3.0,3.0,3.0,3.0,3.0,3.0,3.0,3.0,3.0,3.0,3.0,3.0,3.0,3.0,3.0,3.0,3.0,3.0,3.0,3.0,3.0,4.0,4.0,4.0,中卫,宁夏回族自治区
111,1.0,1.0,1.0,1.0,,,,,,,,,,,,,,,,,,,,,,,,,,,,,,,,,,满洲里,内蒙古自治区
112,1.0,1.0,,1.0,1.0,1.0,4.0,4.0,7.0,13.0,17.0,18.0,28.0,29.0,32.0,32.0,37.0,39.0,40.0,42.0,42.0,43.0,44.0,45.0,45.0,45.0,45.0,45.0,45.0,45.0,45.0,45.0,45.0,45.0,45.0,45.0,45.0,长春,吉林省
113,1.0,2.0,,2.0,3.0,3.0,3.0,3.0,3.0,3.0,4.0,5.0,5.0,5.0,5.0,5.0,5.0,5.0,5.0,5.0,5.0,5.0,5.0,5.0,5.0,5.0,5.0,5.0,5.0,5.0,5.0,5.0,5.0,5.0,5.0,5.0,5.0,吉林,吉林省
114,1.0,1.0,,2.0,2.0,2.0,2.0,2.0,2.0,2.0,2.0,2.0,2.0,2.0,2.0,2.0,2.0,2.0,2.0,2.0,2.0,2.0,2.0,2.0,2.0,2.0,2.0,2.0,2.0,2.0,2.0,2.0,2.0,2.0,2.0,2.0,2.0,松原,吉林省
115,1.0,1.0,1.0,1.0,1.0,1.0,1.0,4.0,4.0,6.0,7.0,10.0,12.0,15.0,18.0,18.0,24.0,27.0,29.0,31.0,33.0,34.0,34.0,34.0,36.0,36.0,36.0,36.0,36.0,36.0,36.0,36.0,36.0,36.0,36.0,36.0,36.0,贵阳,贵州省
116,1.0,2.0,2.0,2.0,2.0,2.0,2.0,3.0,3.0,3.0,6.0,6.0,6.0,6.0,6.0,6.0,7.0,8.0,9.0,10.0,10.0,10.0,10.0,10.0,10.0,10.0,10.0,10.0,10.0,10.0,10.0,10.0,10.0,10.0,10.0,10.0,10.0,铜仁,贵州省
117,1.0,1.0,1.0,2.0,4.0,4.0,4.0,4.0,4.0,5.0,5.0,6.0,6.0,6.0,7.0,7.0,7.0,8.0,16.0,17.0,17.0,17.0,17.0,17.0,17.0,17.0,17.0,17.0,17.0,17.0,17.0,17.0,17.0,17.0,17.0,17.0,17.0,黔南州,贵州省
118,1.0,2.0,4.0,8.0,11.0,14.0,14.0,15.0,23.0,23.0,26.0,30.0,30.0,30.0,32.0,33.0,33.0,33.0,35.0,35.0,35.0,35.0,35.0,35.0,36.0,36.0,36.0,36.0,36.0,36.0,36.0,36.0,36.0,36.0,36.0,36.0,36.0,兰州,甘肃省
119,1.0,1.0,1.0,1.0,1.0,1.0,1.0,1.0,1.0,1.0,1.0,1.0,1.0,2.0,4.0,4.0,4.0,4.0,4.0,4.0,4.0,4.0,4.0,4.0,4.0,4.0,4.0,4.0,4.0,4.0,4.0,4.0,4.0,4.0,4.0,4.0,4.0,白银,甘肃省
120,1.0,2.0,2.0,2.0,3.0,3.0,3.0,4.0,4.0,6.0,6.0,6.0,9.0,9.0,11.0,12.0,15.0,17.0,18.0,18.0,18.0,18.0,19.0,19.0,19.0,19.0,19.0,19.0,20.0,20.0,20.0,20.0,20.0,20.0,20.0,20.0,20.0,太原,山西省
121,,31.0,31.0,36.0,53.0,86.0,113.0,168.0,209.0,252.0,334.0,405.0,509.0,566.0,635.0,703.0,760.0,805.0,835.0,874.0,911.0,943.0,980.0,988.0,983.0,985.0,983.0,967.0,974.0,997.0,1001.0,1005.0,1008.0,1011.0,1013.0,1013.0,1013.0,黄石,湖北省
122,,11.0,17.0,25.0,38.0,51.0,66.0,75.0,87.0,105.0,111.0,123.0,138.0,144.0,157.0,160.0,171.0,187.0,195.0,203.0,229.0,237.0,244.0,247.0,249.0,250.0,249.0,244.0,245.0,251.0,251.0,251.0,251.0,251.0,251.0,251.0,252.0,恩施州,湖北省
123,,5.0,36.0,52.0,70.0,116.0,143.0,228.0,304.0,384.0,458.0,641.0,706.0,834.0,915.0,953.0,984.0,1049.0,1095.0,1129.0,1160.0,1206.0,1232.0,1254.0,1267.0,1278.0,1280.0,1283.0,1287.0,1296.0,1300.0,1303.0,1305.0,1306.0,1307.0,1307.0,1307.0,随州,湖北省
124,,3.0,5.0,13.0,23.0,34.0,44.0,67.0,82.0,99.0,115.0,117.0,128.0,138.0,163.0,179.0,197.0,217.0,261.0,293.0,362.0,416.0,422.0,447.0,485.0,500.0,486.0,473.0,477.0,493.0,494.0,494.0,495.0,496.0,496.0,496.0,496.0,天门,湖北省
125,,1.0,1.0,20.0,57.0,84.0,123.0,189.0,227.0,278.0,306.0,332.0,382.0,423.0,471.0,569.0,639.0,725.0,790.0,861.0,1065.0,1125.0,1192.0,1230.0,1274.0,1339.0,1343.0,1338.0,1343.0,1375.0,1379.0,1383.0,1385.0,1387.0,1389.0,1389.0,1390.0,鄂州,湖北省
126,,1.0,8.0,36.0,70.0,131.0,163.0,286.0,347.0,441.0,548.0,632.0,735.0,787.0,838.0,907.0,988.0,1019.0,1063.0,1088.0,1101.0,1111.0,1128.0,1144.0,1155.0,1163.0,1165.0,1167.0,1170.0,1173.0,1173.0,1174.0,1175.0,1175.0,1175.0,1175.0,1175.0,襄阳,湖北省
127,,3.0,5.0,5.0,5.0,5.0,5.0,5.0,5.0,6.0,7.0,7.0,7.0,7.0,8.0,8.0,8.0,8.0,8.0,8.0,8.0,8.0,8.0,8.0,8.0,8.0,8.0,8.0,8.0,8.0,8.0,8.0,8.0,8.0,8.0,8.0,8.0,铜川,陕西省
128,,1.0,1.0,1.0,2.0,2.0,2.0,2.0,2.0,2.0,2.0,5.0,6.0,6.0,7.0,7.0,7.0,7.0,7.0,7.0,7.0,7.0,7.0,7.0,7.0,7.0,7.0,7.0,7.0,7.0,7.0,7.0,7.0,7.0,7.0,7.0,7.0,商洛,陕西省
129,,2.0,2.0,2.0,2.0,2.0,2.0,2.0,2.0,2.0,2.0,2.0,2.0,2.0,2.0,2.0,2.0,2.0,2.0,2.0,3.0,5.0,6.0,6.0,8.0,8.0,9.0,9.0,9.0,9.0,9.0,9.0,9.0,9.0,9.0,9.0,9.0,锡林郭勒盟,内蒙古自治区
130,,2.0,2.0,2.0,2.0,2.0,3.0,3.0,5.0,6.0,9.0,9.0,11.0,11.0,11.0,11.0,11.0,11.0,11.0,11.0,11.0,11.0,11.0,11.0,11.0,11.0,11.0,11.0,11.0,11.0,11.0,11.0,11.0,11.0,11.0,11.0,11.0,鄂尔多斯,内蒙古自治区
131,,1.0,1.0,1.0,2.0,2.0,2.0,2.0,2.0,2.0,2.0,2.0,3.0,3.0,4.0,4.0,4.0,4.0,4.0,5.0,5.0,7.0,7.0,9.0,9.0,9.0,9.0,9.0,9.0,9.0,9.0,9.0,9.0,9.0,9.0,9.0,9.0,赤峰,内蒙古自治区
132,,1.0,,,2.0,2.0,2.0,1.0,2.0,2.0,2.0,3.0,3.0,5.0,5.0,5.0,5.0,5.0,5.0,6.0,6.0,6.0,6.0,6.0,6.0,6.0,7.0,7.0,7.0,7.0,7.0,7.0,7.0,7.0,7.0,7.0,7.0,呼伦贝尔,内蒙古自治区
133,,3.0,3.0,5.0,5.0,5.0,5.0,5.0,6.0,6.0,7.0,8.0,10.0,10.0,11.0,11.0,11.0,11.0,11.0,15.0,15.0,15.0,15.0,15.0,15.0,15.0,15.0,15.0,15.0,15.0,15.0,15.0,15.0,15.0,15.0,15.0,15.0,儋州,海南省
134,,1.0,1.0,1.0,1.0,1.0,2.0,3.0,5.0,5.0,5.0,5.0,4.0,4.0,4.0,4.0,4.0,4.0,4.0,4.0,4.0,4.0,4.0,4.0,4.0,4.0,4.0,4.0,4.0,4.0,4.0,4.0,4.0,4.0,4.0,4.0,4.0,陵水,海南省
135,,2.0,2.0,2.0,2.0,2.0,2.0,3.0,2.0,2.0,3.0,3.0,3.0,3.0,3.0,3.0,4.0,4.0,4.0,7.0,7.0,7.0,7.0,7.0,7.0,7.0,7.0,7.0,7.0,7.0,7.0,7.0,7.0,7.0,7.0,7.0,7.0,铁岭,辽宁省
136,,2.0,2.0,2.0,2.0,4.0,4.0,4.0,5.0,5.0,5.0,6.0,7.0,7.0,9.0,9.0,9.0,9.0,11.0,11.0,11.0,11.0,11.0,12.0,12.0,12.0,12.0,12.0,12.0,12.0,12.0,12.0,12.0,12.0,12.0,12.0,12.0,葫芦岛,辽宁省
137,,1.0,2.0,2.0,2.0,2.0,3.0,3.0,3.0,3.0,3.0,3.0,3.0,3.0,3.0,3.0,3.0,3.0,3.0,3.0,3.0,3.0,3.0,3.0,3.0,3.0,3.0,3.0,3.0,3.0,3.0,3.0,3.0,3.0,3.0,3.0,3.0,本溪,辽宁省
138,,1.0,1.0,2.0,2.0,5.0,5.0,5.0,5.0,5.0,6.0,9.0,10.0,10.0,10.0,11.0,11.0,12.0,13.0,13.0,13.0,13.0,13.0,13.0,13.0,13.0,13.0,13.0,13.0,13.0,13.0,13.0,13.0,13.0,13.0,13.0,13.0,曲靖,云南省
139,,1.0,1.0,1.0,5.0,5.0,6.0,6.0,7.0,11.0,12.0,12.0,12.0,13.0,13.0,14.0,14.0,14.0,14.0,14.0,14.0,14.0,14.0,14.0,14.0,14.0,14.0,14.0,14.0,14.0,14.0,14.0,14.0,14.0,14.0,14.0,14.0,玉溪,云南省
140,,1.0,1.0,2.0,2.0,2.0,4.0,4.0,5.0,5.0,5.0,5.0,5.0,5.0,5.0,5.0,5.0,6.0,6.0,7.0,7.0,8.0,8.0,8.0,8.0,8.0,8.0,8.0,9.0,9.0,9.0,9.0,9.0,9.0,9.0,9.0,9.0,红河州,云南省
141,,1.0,1.0,2.0,3.0,3.0,4.0,6.0,6.0,7.0,7.0,7.0,7.0,10.0,11.0,11.0,11.0,13.0,,,,,,,,,,,,,,,,,,,,大理,云南省
142,,1.0,1.0,2.0,2.0,2.0,2.0,2.0,2.0,2.0,3.0,3.0,3.0,3.0,3.0,3.0,3.0,3.0,3.0,3.0,3.0,3.0,3.0,3.0,3.0,3.0,3.0,3.0,3.0,3.0,3.0,3.0,3.0,3.0,3.0,3.0,3.0,临夏,甘肃省
143,,1.0,,6.0,6.0,6.0,6.0,8.0,9.0,9.0,12.0,12.0,14.0,15.0,15.0,15.0,15.0,15.0,15.0,15.0,15.0,15.0,15.0,15.0,15.0,15.0,15.0,15.0,15.0,15.0,15.0,15.0,15.0,15.0,15.0,15.0,15.0,西宁,青海省
144,,1.0,3.0,6.0,8.0,11.0,15.0,16.0,17.0,19.0,19.0,19.0,24.0,26.0,27.0,29.0,30.0,32.0,32.0,33.0,35.0,35.0,36.0,37.0,37.0,37.0,37.0,37.0,37.0,37.0,37.0,37.0,37.0,37.0,37.0,37.0,37.0,德州,山东省
145,,1.0,1.0,1.0,3.0,4.0,5.0,7.0,8.0,9.0,10.0,10.0,12.0,15.0,20.0,27.0,33.0,34.0,37.0,38.0,38.0,38.0,38.0,38.0,38.0,38.0,38.0,38.0,38.0,38.0,38.0,38.0,38.0,38.0,38.0,38.0,38.0,聊城,山东省
146,,1.0,3.0,3.0,4.0,7.0,9.0,9.0,9.0,10.0,11.0,11.0,11.0,11.0,11.0,11.0,11.0,11.0,11.0,12.0,12.0,14.0,14.0,14.0,15.0,15.0,15.0,15.0,15.0,15.0,15.0,15.0,15.0,15.0,15.0,15.0,15.0,滨州,山东省
147,,1.0,1.0,4.0,5.0,7.0,7.0,8.0,8.0,9.0,10.0,10.0,12.0,13.0,13.0,14.0,16.0,16.0,17.0,18.0,18.0,18.0,18.0,18.0,18.0,18.0,18.0,18.0,18.0,18.0,18.0,18.0,18.0,18.0,18.0,18.0,18.0,菏泽,山东省
148,,1.0,1.0,2.0,7.0,7.0,7.0,9.0,9.0,9.0,9.0,9.0,9.0,9.0,9.0,9.0,9.0,9.0,9.0,9.0,9.0,9.0,9.0,9.0,9.0,9.0,9.0,9.0,9.0,9.0,9.0,9.0,9.0,9.0,9.0,9.0,9.0,自贡,四川省
149,,1.0,2.0,3.0,4.0,5.0,5.0,5.0,5.0,6.0,7.0,9.0,10.0,12.0,13.0,13.0,16.0,17.0,18.0,19.0,19.0,19.0,19.0,19.0,19.0,19.0,20.0,24.0,24.0,24.0,24.0,24.0,24.0,24.0,24.0,24.0,24.0,泸州,四川省
150,,1.0,1.0,1.0,3.0,4.0,4.0,6.0,10.0,11.0,12.0,15.0,15.0,16.0,17.0,17.0,17.0,17.0,18.0,20.0,21.0,21.0,22.0,22.0,22.0,22.0,22.0,22.0,22.0,22.0,22.0,22.0,22.0,22.0,22.0,22.0,22.0,内江,四川省
151,,1.0,1.0,1.0,1.0,1.0,1.0,2.0,2.0,2.0,2.0,2.0,2.0,2.0,2.0,2.0,2.0,3.0,3.0,3.0,5.0,5.0,5.0,5.0,5.0,5.0,5.0,5.0,5.0,5.0,5.0,5.0,5.0,5.0,5.0,5.0,5.0,固原,宁夏回族自治区
152,,3.0,3.0,4.0,5.0,6.0,7.0,8.0,8.0,8.0,10.0,12.0,12.0,15.0,18.0,19.0,20.0,20.0,20.0,20.0,21.0,23.0,23.0,23.0,23.0,23.0,23.0,23.0,23.0,23.0,23.0,23.0,23.0,23.0,23.0,23.0,23.0,乌鲁木齐,新疆维吾尔自治区
153,,5.0,5.0,6.0,8.0,8.0,10.0,13.0,14.0,15.0,15.0,19.0,24.0,27.0,29.0,31.0,31.0,31.0,31.0,36.0,38.0,43.0,43.0,46.0,49.0,50.0,51.0,51.0,51.0,51.0,51.0,51.0,51.0,51.0,51.0,51.0,51.0,常州,江苏省
154,,1.0,1.0,1.0,1.0,6.0,6.0,8.0,13.0,15.0,15.0,15.0,15.0,16.0,16.0,17.0,17.0,18.0,18.0,21.0,25.0,26.0,27.0,27.0,27.0,27.0,27.0,27.0,27.0,27.0,27.0,27.0,27.0,27.0,27.0,27.0,27.0,盐城,江苏省
155,,1.0,1.0,1.0,3.0,4.0,4.0,7.0,8.0,8.0,9.0,10.0,11.0,11.0,12.0,12.0,12.0,12.0,12.0,12.0,12.0,12.0,12.0,13.0,13.0,13.0,13.0,13.0,13.0,13.0,13.0,13.0,13.0,13.0,13.0,13.0,13.0,宿迁,江苏省
156,,1.0,3.0,3.0,3.0,6.0,7.0,11.0,11.0,13.0,13.0,13.0,17.0,17.0,18.0,18.0,21.0,26.0,30.0,31.0,31.0,31.0,32.0,32.0,32.0,32.0,32.0,32.0,32.0,32.0,32.0,32.0,32.0,32.0,32.0,32.0,32.0,保定,河北省
157,,1.0,1.0,1.0,1.0,1.0,2.0,2.0,2.0,2.0,2.0,3.0,4.0,5.0,6.0,7.0,7.0,7.0,7.0,7.0,7.0,7.0,7.0,7.0,7.0,7.0,7.0,7.0,7.0,7.0,7.0,7.0,7.0,7.0,7.0,7.0,7.0,承德,河北省
158,,8.0,15.0,19.0,26.0,31.0,51.0,61.0,66.0,62.0,84.0,99.0,107.0,111.0,118.0,128.0,133.0,134.0,136.0,138.0,145.0,146.0,150.0,151.0,154.0,155.0,155.0,155.0,155.0,155.0,155.0,155.0,155.0,155.0,156.0,156.0,156.0,南阳,河南省
159,,2.0,7.0,9.0,10.0,16.0,25.0,30.0,40.0,46.0,58.0,72.0,82.0,98.0,106.0,113.0,116.0,123.0,126.0,128.0,134.0,137.0,138.0,138.0,138.0,139.0,139.0,139.0,139.0,139.0,139.0,139.0,139.0,139.0,139.0,139.0,139.0,驻马店,河南省
160,,1.0,3.0,4.0,6.0,7.0,11.0,15.0,21.0,21.0,27.0,33.0,39.0,41.0,41.0,43.0,44.0,46.0,48.0,53.0,54.0,55.0,55.0,56.0,57.0,57.0,57.0,57.0,57.0,57.0,57.0,57.0,57.0,57.0,57.0,57.0,57.0,新乡,河南省
161,,1.0,2.0,5.0,5.0,5.0,8.0,10.0,11.0,14.0,19.0,28.0,34.0,41.0,46.0,48.0,50.0,52.0,54.0,55.0,56.0,57.0,58.0,58.0,58.0,58.0,58.0,58.0,58.0,58.0,58.0,58.0,58.0,58.0,58.0,58.0,58.0,平顶山,河南省
162,,1.0,1.0,,,,,,,,,,,,,,,,,,,,,,,,,,,,,,,,,,,固始县,河南省
163,,4.0,4.0,7.0,10.0,14.0,17.0,20.0,24.0,27.0,30.0,35.0,40.0,41.0,43.0,44.0,46.0,53.0,54.0,58.0,59.0,59.0,59.0,59.0,59.0,59.0,59.0,59.0,59.0,59.0,59.0,59.0,59.0,59.0,59.0,59.0,60.0,益阳,湖南省
164,,3.0,3.0,4.0,7.0,17.0,20.0,25.0,26.0,30.0,32.0,35.0,39.0,43.0,43.0,43.0,45.0,45.0,45.0,45.0,45.0,46.0,47.0,47.0,48.0,48.0,48.0,48.0,48.0,48.0,48.0,48.0,48.0,48.0,48.0,48.0,48.0,衡阳,湖南省
165,,3.0,7.0,12.0,19.0,26.0,30.0,37.0,39.0,42.0,45.0,50.0,56.0,62.0,64.0,66.0,66.0,72.0,73.0,75.0,77.0,78.0,78.0,79.0,79.0,79.0,79.0,79.0,80.0,80.0,82.0,82.0,82.0,82.0,82.0,82.0,82.0,常德,湖南省
166,,2.0,2.0,8.0,11.0,19.0,29.0,36.0,41.0,49.0,51.0,55.0,68.0,74.0,83.0,86.0,87.0,89.0,91.0,94.0,99.0,100.0,100.0,101.0,101.0,101.0,102.0,102.0,102.0,102.0,102.0,102.0,102.0,102.0,102.0,102.0,102.0,邵阳,湖南省
167,,4.0,7.0,7.0,10.0,11.0,14.0,14.0,22.0,27.0,28.0,28.0,30.0,30.0,30.0,31.0,31.0,31.0,32.0,32.0,32.0,34.0,35.0,36.0,36.0,36.0,37.0,37.0,37.0,38.0,38.0,38.0,38.0,38.0,38.0,38.0,38.0,马鞍山,安徽省
168,,3.0,3.0,3.0,9.0,9.0,10.0,14.0,16.0,16.0,18.0,19.0,19.0,20.0,22.0,23.0,24.0,25.0,27.0,27.0,28.0,28.0,28.0,28.0,28.0,29.0,29.0,29.0,29.0,29.0,29.0,29.0,29.0,29.0,29.0,29.0,29.0,铜陵,安徽省
169,,1.0,3.0,6.0,9.0,11.0,14.0,14.0,15.0,16.0,16.0,21.0,23.0,26.0,27.0,29.0,29.0,30.0,31.0,31.0,31.0,31.0,31.0,31.0,31.0,33.0,33.0,33.0,33.0,33.0,33.0,33.0,33.0,33.0,33.0,34.0,34.0,芜湖,安徽省
170,,1.0,2.0,2.0,7.0,7.0,11.0,16.0,21.0,27.0,31.0,37.0,44.0,47.0,53.0,56.0,58.0,60.0,62.0,67.0,70.0,73.0,81.0,89.0,89.0,91.0,91.0,92.0,93.0,93.0,94.0,96.0,97.0,97.0,97.0,98.0,99.0,东莞,广东省
171,,1.0,2.0,2.0,5.0,8.0,12.0,12.0,14.0,15.0,18.0,18.0,20.0,21.0,22.0,25.0,25.0,25.0,25.0,25.0,25.0,25.0,25.0,25.0,25.0,25.0,25.0,25.0,25.0,25.0,25.0,25.0,25.0,25.0,25.0,25.0,25.0,汕头,广东省
172,,2.0,2.0,2.0,3.0,4.0,7.0,8.0,10.0,10.0,13.0,16.0,17.0,17.0,17.0,17.0,18.0,18.0,19.0,19.0,19.0,19.0,19.0,19.0,19.0,19.0,19.0,19.0,19.0,19.0,19.0,19.0,19.0,19.0,19.0,19.0,19.0,运城,山西省
173,,1.0,1.0,1.0,1.0,3.0,4.0,5.0,6.0,8.0,9.0,9.0,9.0,9.0,9.0,10.0,11.0,11.0,11.0,11.0,12.0,12.0,12.0,12.0,12.0,12.0,12.0,12.0,12.0,12.0,12.0,12.0,12.0,12.0,12.0,12.0,12.0,大同,山西省
174,,1.0,1.0,1.0,1.0,1.0,3.0,3.0,3.0,3.0,3.0,3.0,3.0,5.0,5.0,5.0,7.0,7.0,7.0,8.0,8.0,8.0,8.0,8.0,8.0,8.0,8.0,8.0,8.0,8.0,8.0,8.0,8.0,8.0,8.0,8.0,8.0,长治,山西省
175,,2.0,7.0,7.0,10.0,16.0,21.0,27.0,30.0,34.0,35.0,42.0,48.0,52.0,59.0,64.0,69.0,71.0,72.0,72.0,76.0,76.0,76.0,76.0,76.0,76.0,76.0,76.0,76.0,76.0,76.0,76.0,76.0,76.0,76.0,76.0,76.0,赣州,江西省
176,,2.0,6.0,6.0,7.0,9.0,11.0,12.0,16.0,19.0,32.0,50.0,69.0,78.0,86.0,92.0,98.0,103.0,111.0,116.0,119.0,122.0,123.0,123.0,123.0,123.0,123.0,123.0,123.0,123.0,123.0,123.0,123.0,123.0,123.0,123.0,123.0,上饶,江西省
177,,1.0,1.0,2.0,2.0,2.0,2.0,3.0,3.0,3.0,3.0,4.0,4.0,4.0,4.0,4.0,5.0,5.0,5.0,5.0,5.0,5.0,5.0,5.0,6.0,6.0,6.0,6.0,6.0,6.0,6.0,6.0,6.0,6.0,6.0,6.0,6.0,景德镇,江西省
178,,1.0,5.0,6.0,10.0,14.0,14.0,26.0,29.0,31.0,36.0,45.0,48.0,54.0,62.0,67.0,74.0,77.0,83.0,88.0,95.0,101.0,102.0,104.0,106.0,106.0,106.0,106.0,106.0,106.0,106.0,106.0,106.0,106.0,106.0,106.0,106.0,宜春,江西省
179,,2.0,2.0,3.0,3.0,5.0,5.0,7.0,8.0,8.0,9.0,11.0,13.0,15.0,15.0,16.0,16.0,17.0,17.0,17.0,17.0,17.0,17.0,18.0,18.0,18.0,18.0,19.0,19.0,19.0,19.0,19.0,19.0,19.0,19.0,19.0,19.0,防城港,广西壮族自治区
180,,1.0,1.0,2.0,2.0,2.0,2.0,4.0,5.0,7.0,8.0,8.0,8.0,8.0,8.0,9.0,9.0,9.0,9.0,9.0,9.0,9.0,10.0,10.0,10.0,10.0,11.0,11.0,11.0,11.0,11.0,11.0,11.0,11.0,11.0,11.0,11.0,玉林,广西壮族自治区
181,,,2.0,3.0,4.0,4.0,5.0,6.0,8.0,8.0,8.0,8.0,8.0,8.0,9.0,9.0,9.0,9.0,9.0,9.0,9.0,9.0,9.0,9.0,9.0,9.0,9.0,9.0,9.0,9.0,9.0,9.0,9.0,9.0,9.0,9.0,9.0,保山,云南省
182,,,2.0,2.0,2.0,2.0,2.0,3.0,3.0,4.0,4.0,5.0,5.0,5.0,5.0,5.0,5.0,5.0,,,,,,,,,,,,,,,,,,,,德宏,云南省
183,,,1.0,1.0,2.0,2.0,4.0,6.0,6.0,8.0,8.0,9.0,10.0,10.0,10.0,10.0,12.0,12.0,14.0,14.0,14.0,19.0,25.0,25.0,25.0,25.0,25.0,25.0,25.0,25.0,25.0,25.0,25.0,25.0,25.0,25.0,25.0,昭通,云南省
184,,,1.0,10.0,14.0,14.0,17.0,22.0,25.0,27.0,34.0,37.0,38.0,42.0,44.0,47.0,47.0,51.0,51.0,52.0,54.0,54.0,55.0,55.0,55.0,55.0,55.0,55.0,55.0,55.0,55.0,55.0,55.0,55.0,56.0,56.0,56.0,莆田,福建省
185,,,1.0,2.0,3.0,3.0,3.0,3.0,8.0,8.0,11.0,11.0,12.0,12.0,12.0,14.0,16.0,18.0,19.0,19.0,20.0,20.0,20.0,20.0,20.0,20.0,20.0,20.0,20.0,20.0,20.0,20.0,20.0,20.0,20.0,20.0,20.0,南平,福建省
186,,,3.0,3.0,4.0,6.0,6.0,6.0,6.0,6.0,6.0,6.0,6.0,7.0,7.0,7.0,7.0,7.0,8.0,8.0,8.0,8.0,8.0,8.0,8.0,8.0,8.0,8.0,8.0,8.0,8.0,8.0,8.0,8.0,8.0,8.0,8.0,揭阳,广东省
187,,,1.0,3.0,4.0,4.0,5.0,5.0,6.0,7.0,8.0,9.0,10.0,12.0,12.0,13.0,13.0,13.0,13.0,13.0,13.0,14.0,15.0,16.0,16.0,16.0,16.0,16.0,16.0,16.0,16.0,16.0,16.0,16.0,16.0,16.0,16.0,梅州,广东省
188,,,1.0,5.0,5.0,7.0,15.0,16.0,16.0,16.0,22.0,27.0,28.0,30.0,31.0,32.0,35.0,37.0,41.0,44.0,44.0,47.0,49.0,50.0,51.0,54.0,54.0,54.0,54.0,55.0,55.0,55.0,55.0,55.0,55.0,55.0,55.0,南宁,广西壮族自治区
189,,,1.0,1.0,1.0,1.0,1.0,1.0,1.0,1.0,1.0,1.0,1.0,1.0,1.0,1.0,1.0,1.0,1.0,1.0,1.0,1.0,1.0,1.0,1.0,1.0,1.0,1.0,1.0,1.0,1.0,1.0,1.0,1.0,1.0,1.0,1.0,营口,辽宁省
190,,,1.0,4.0,5.0,5.0,5.0,5.0,6.0,6.0,6.0,6.0,7.0,7.0,7.0,7.0,7.0,7.0,7.0,7.0,7.0,7.0,7.0,7.0,7.0,7.0,7.0,7.0,7.0,7.0,7.0,7.0,7.0,7.0,7.0,7.0,7.0,丹东,辽宁省
191,,,1.0,2.0,2.0,2.0,3.0,4.0,7.0,6.0,8.0,8.0,8.0,11.0,11.0,11.0,11.0,11.0,11.0,11.0,11.0,11.0,11.0,11.0,11.0,11.0,11.0,11.0,11.0,11.0,11.0,11.0,11.0,11.0,11.0,11.0,11.0,盘锦,辽宁省
192,,,2.0,2.0,2.0,2.0,2.0,2.0,2.0,3.0,3.0,5.0,6.0,8.0,9.0,11.0,12.0,12.0,12.0,12.0,12.0,12.0,12.0,12.0,12.0,12.0,12.0,12.0,12.0,12.0,12.0,12.0,12.0,12.0,12.0,12.0,12.0,镇江,江苏省
193,,,1.0,2.0,2.0,3.0,7.0,10.0,12.0,13.0,18.0,22.0,26.0,34.0,37.0,40.0,44.0,46.0,46.0,47.0,51.0,56.0,60.0,63.0,65.0,66.0,66.0,66.0,66.0,66.0,66.0,66.0,66.0,66.0,66.0,66.0,66.0,淮安,江苏省
194,,,1.0,2.0,4.0,8.0,9.0,12.0,17.0,17.0,21.0,23.0,26.0,28.0,29.0,30.0,30.0,31.0,34.0,36.0,37.0,37.0,37.0,37.0,37.0,37.0,37.0,37.0,37.0,37.0,37.0,37.0,37.0,37.0,37.0,37.0,37.0,泰州,江苏省
195,,,1.0,2.0,2.0,4.0,8.0,9.0,10.0,12.0,12.0,12.0,14.0,14.0,15.0,15.0,16.0,17.0,20.0,20.0,23.0,28.0,29.0,29.0,29.0,29.0,29.0,29.0,30.0,30.0,30.0,30.0,30.0,30.0,30.0,30.0,30.0,淄博,山东省
196,,,43.0,64.0,91.0,112.0,130.0,166.0,206.0,246.0,296.0,348.0,384.0,399.0,443.0,476.0,493.0,507.0,515.0,525.0,534.0,732.0,840.0,852.0,861.0,868.0,832.0,766.0,766.0,836.0,836.0,836.0,836.0,836.0,836.0,836.0,836.0,咸宁,湖北省
197,,,1.0,3.0,4.0,6.0,6.0,11.0,13.0,15.0,15.0,16.0,19.0,20.0,21.0,21.0,21.0,21.0,21.0,21.0,21.0,21.0,21.0,25.0,25.0,25.0,26.0,26.0,26.0,26.0,26.0,26.0,26.0,26.0,26.0,26.0,26.0,汉中,陕西省
198,,,2.0,2.0,4.0,5.0,9.0,11.0,16.0,23.0,26.0,27.0,28.0,29.0,30.0,31.0,32.0,33.0,34.0,34.0,35.0,35.0,35.0,35.0,35.0,38.0,38.0,38.0,38.0,38.0,38.0,39.0,39.0,39.0,39.0,39.0,39.0,南充,四川省
199,,,2.0,2.0,3.0,3.0,5.0,5.0,5.0,5.0,6.0,8.0,10.0,12.0,17.0,17.0,17.0,23.0,27.0,36.0,37.0,43.0,44.0,50.0,57.0,62.0,65.0,67.0,68.0,69.0,69.0,69.0,69.0,71.0,74.0,78.0,78.0,甘孜州,四川省
200,,,1.0,1.0,2.0,2.0,2.0,2.0,2.0,2.0,2.0,2.0,2.0,2.0,3.0,3.0,3.0,3.0,3.0,3.0,3.0,3.0,3.0,3.0,3.0,3.0,3.0,3.0,3.0,3.0,3.0,3.0,3.0,3.0,3.0,3.0,3.0,乐山,四川省
201,,,1.0,1.0,1.0,1.0,2.0,2.0,2.0,2.0,3.0,5.0,5.0,5.0,5.0,6.0,7.0,7.0,7.0,8.0,8.0,8.0,8.0,8.0,8.0,8.0,8.0,8.0,8.0,8.0,8.0,8.0,8.0,8.0,8.0,8.0,8.0,眉山,四川省
202,,,1.0,2.0,2.0,2.0,2.0,2.0,2.0,2.0,2.0,3.0,4.0,4.0,7.0,7.0,7.0,7.0,8.0,8.0,8.0,8.0,9.0,9.0,9.0,9.0,9.0,9.0,9.0,9.0,9.0,9.0,9.0,9.0,9.0,9.0,9.0,澄迈,海南省
203,,,3.0,7.0,11.0,14.0,16.0,20.0,24.0,24.0,29.0,33.0,35.0,37.0,40.0,43.0,44.0,45.0,46.0,49.0,50.0,50.0,51.0,51.0,51.0,52.0,52.0,53.0,53.0,53.0,53.0,53.0,53.0,53.0,53.0,53.0,53.0,安阳,河南省
204,,,3.0,6.0,9.0,9.0,11.0,13.0,14.0,16.0,20.0,23.0,24.0,26.0,26.0,29.0,30.0,30.0,31.0,33.0,33.0,33.0,34.0,34.0,34.0,34.0,34.0,35.0,35.0,35.0,35.0,35.0,35.0,35.0,35.0,35.0,35.0,漯河,河南省
205,,,3.0,3.0,5.0,6.0,6.0,7.0,8.0,14.0,16.0,16.0,16.0,16.0,16.0,17.0,17.0,17.0,17.0,17.0,17.0,17.0,17.0,17.0,17.0,17.0,17.0,17.0,17.0,17.0,17.0,17.0,17.0,17.0,17.0,17.0,17.0,丽水,浙江省
206,,,1.0,3.0,3.0,5.0,5.0,6.0,6.0,6.0,9.0,9.0,9.0,9.0,9.0,10.0,10.0,10.0,10.0,10.0,10.0,10.0,10.0,10.0,10.0,10.0,10.0,10.0,10.0,10.0,10.0,10.0,10.0,10.0,10.0,10.0,10.0,湖州,浙江省
207,,,3.0,3.0,3.0,3.0,4.0,5.0,6.0,6.0,6.0,6.0,7.0,7.0,8.0,8.0,8.0,8.0,8.0,8.0,8.0,8.0,8.0,8.0,8.0,8.0,8.0,8.0,8.0,8.0,8.0,8.0,8.0,8.0,8.0,8.0,8.0,湘西自治州,湖南省
208,,,2.0,3.0,3.0,9.0,10.0,10.0,12.0,14.0,21.0,23.0,24.0,25.0,27.0,28.0,28.0,31.0,33.0,36.0,38.0,39.0,39.0,39.0,40.0,41.0,41.0,41.0,41.0,41.0,41.0,41.0,41.0,41.0,41.0,41.0,41.0,宿州,安徽省
209,,,1.0,1.0,2.0,2.0,4.0,4.0,4.0,4.0,4.0,4.0,4.0,5.0,5.0,5.0,5.0,6.0,6.0,6.0,6.0,6.0,6.0,6.0,6.0,6.0,6.0,6.0,6.0,6.0,6.0,6.0,6.0,6.0,6.0,6.0,6.0,宣城,安徽省
210,,,1.0,1.0,2.0,2.0,2.0,2.0,6.0,6.0,8.0,11.0,14.0,17.0,22.0,22.0,23.0,23.0,24.0,24.0,25.0,25.0,26.0,26.0,27.0,27.0,27.0,27.0,27.0,27.0,27.0,27.0,27.0,27.0,27.0,27.0,27.0,淮北,安徽省
211,,,1.0,2.0,2.0,2.0,6.0,6.0,6.0,6.0,7.0,8.0,12.0,12.0,14.0,21.0,22.0,23.0,24.0,24.0,23.0,23.0,23.0,24.0,25.0,27.0,27.0,27.0,27.0,27.0,27.0,27.0,27.0,27.0,27.0,27.0,27.0,淮南,安徽省
212,,,1.0,1.0,4.0,7.0,7.0,9.0,9.0,9.0,9.0,9.0,9.0,9.0,9.0,9.0,9.0,9.0,9.0,9.0,9.0,9.0,9.0,9.0,9.0,9.0,9.0,9.0,9.0,9.0,9.0,9.0,9.0,9.0,9.0,9.0,9.0,黄山,安徽省
213,,,1.0,1.0,2.0,3.0,3.0,3.0,3.0,3.0,6.0,6.0,20.0,26.0,27.0,27.0,27.0,30.0,32.0,33.0,33.0,36.0,36.0,38.0,42.0,43.0,43.0,43.0,43.0,43.0,43.0,43.0,43.0,43.0,43.0,43.0,43.0,齐齐哈尔,黑龙江省
214,,,2.0,2.0,4.0,4.0,6.0,7.0,10.0,11.0,11.0,14.0,14.0,18.0,22.0,26.0,27.0,27.0,27.0,29.0,31.0,31.0,31.0,31.0,31.0,31.0,31.0,31.0,31.0,31.0,32.0,32.0,32.0,32.0,32.0,32.0,32.0,邯郸,河北省
215,,,1.0,1.0,1.0,1.0,2.0,2.0,3.0,3.0,3.0,3.0,3.0,5.0,5.0,8.0,8.0,8.0,8.0,8.0,9.0,9.0,9.0,9.0,9.0,9.0,9.0,9.0,9.0,9.0,9.0,9.0,9.0,9.0,9.0,9.0,9.0,定西,甘肃省
216,,,1.0,1.0,1.0,1.0,1.0,1.0,1.0,1.0,1.0,3.0,3.0,3.0,3.0,4.0,4.0,4.0,4.0,4.0,4.0,4.0,4.0,4.0,4.0,4.0,4.0,4.0,4.0,4.0,4.0,4.0,4.0,4.0,4.0,4.0,4.0,黔西南州,贵州省
217,,,1.0,1.0,2.0,4.0,4.0,5.0,5.0,5.0,6.0,7.0,9.0,9.0,9.0,9.0,10.0,10.0,10.0,12.0,14.0,14.0,16.0,16.0,18.0,18.0,18.0,18.0,18.0,18.0,18.0,18.0,18.0,18.0,18.0,18.0,18.0,伊犁州,新疆维吾尔自治区
218,,,2.0,2.0,5.0,9.0,9.0,9.0,11.0,13.0,15.0,19.0,21.0,26.0,27.0,30.0,32.0,32.0,33.0,34.0,35.0,35.0,35.0,35.0,36.0,36.0,36.0,36.0,36.0,36.0,36.0,36.0,37.0,37.0,37.0,37.0,37.0,晋中,山西省
219,,,1.0,1.0,1.0,1.0,1.0,1.0,1.0,1.0,2.0,2.0,2.0,3.0,4.0,4.0,4.0,4.0,4.0,4.0,4.0,4.0,4.0,4.0,4.0,4.0,4.0,4.0,4.0,4.0,4.0,4.0,4.0,4.0,4.0,4.0,4.0,阳泉,山西省
220,,,1.0,1.0,,,,,,,,,,,,,,,,,,,,,,,,,,,,,,,,,,呼伦贝尔牙克石市,内蒙古自治区
221,,,2.0,,,,,,,,,,,,,,,,,,,,,,,,,,,,,,,,,,,澳门,澳门
222,,,,1.0,1.0,1.0,1.0,3.0,4.0,4.0,5.0,5.0,5.0,5.0,5.0,5.0,5.0,5.0,5.0,5.0,5.0,5.0,5.0,5.0,5.0,5.0,5.0,5.0,5.0,5.0,5.0,5.0,5.0,5.0,5.0,5.0,5.0,汕尾,广东省
223,,,,2.0,5.0,8.0,9.0,9.0,12.0,15.0,16.0,16.0,17.0,17.0,19.0,20.0,21.0,21.0,23.0,23.0,23.0,23.0,24.0,24.0,24.0,24.0,24.0,24.0,24.0,24.0,24.0,24.0,24.0,24.0,24.0,24.0,24.0,枣庄,山东省
224,,,,5.0,7.0,8.0,10.0,12.0,27.0,35.0,35.0,44.0,54.0,64.0,74.0,80.0,82.0,85.0,90.0,90.0,94.0,104.0,116.0,166.0,182.0,185.0,185.0,185.0,188.0,189.0,191.0,194.0,195.0,196.0,197.0,198.0,198.0,潜江,湖北省
225,,,,1.0,3.0,3.0,4.0,5.0,5.0,5.0,6.0,6.0,9.0,9.0,9.0,9.0,13.0,14.0,14.0,14.0,14.0,14.0,15.0,15.0,15.0,15.0,15.0,15.0,15.0,15.0,15.0,15.0,15.0,15.0,15.0,15.0,15.0,渭南,陕西省
226,,,,1.0,,,,,,,,,,,,,,,,,,,,,,,,,,,,,,,,,,锡林郭勒盟锡林浩特,内蒙古自治区
227,,,,1.0,,,,,,,,,,,,,,,,,,,,,,,,,,,,,,,,,,鄂尔多斯东胜区,内蒙古自治区
228,,,,1.0,,,,,,,,,,,,,,,,,,,,,,,,,,,,,,,,,,呼伦贝尔满洲里,内蒙古自治区
229,,,,1.0,,,,,,,,,,,,,,,,,,,,,,,,,,,,,,,,,,兴安盟乌兰浩特,内蒙古自治区
230,,,,1.0,,,,,,,,,,,,,,,,,,,,,,,,,,,,,,,,,,锡林郭勒盟二连浩特,内蒙古自治区
231,,,,1.0,,,,,,,,,,,,,,,,,,,,,,,,,,,,,,,,,,鄂尔多斯鄂托克前旗,内蒙古自治区
232,,,,1.0,,,,,,,,,,,,,,,,,,,,,,,,,,,,,,,,,,呼伦贝尔牙克石,内蒙古自治区
233,,,,1.0,1.0,1.0,1.0,1.0,1.0,1.0,1.0,1.0,1.0,1.0,1.0,1.0,1.0,1.0,1.0,1.0,1.0,1.0,1.0,1.0,1.0,1.0,1.0,1.0,1.0,1.0,1.0,1.0,1.0,1.0,1.0,1.0,1.0,兴安盟,内蒙古自治区
234,,,,1.0,1.0,1.0,1.0,1.0,1.0,1.0,1.0,1.0,1.0,1.0,2.0,3.0,3.0,6.0,6.0,6.0,6.0,6.0,6.0,6.0,6.0,7.0,7.0,7.0,7.0,7.0,7.0,7.0,7.0,7.0,7.0,7.0,7.0,通辽,内蒙古自治区
235,,,,2.0,3.0,3.0,3.0,3.0,3.0,5.0,6.0,6.0,7.0,9.0,9.0,10.0,10.0,11.0,11.0,11.0,11.0,11.0,11.0,11.0,11.0,11.0,11.0,11.0,11.0,11.0,11.0,11.0,11.0,11.0,11.0,11.0,11.0,包头,内蒙古自治区
236,,,,2.0,2.0,2.0,2.0,2.0,2.0,2.0,2.0,2.0,2.0,2.0,2.0,3.0,3.0,3.0,3.0,3.0,3.0,3.0,3.0,3.0,3.0,3.0,3.0,3.0,3.0,3.0,3.0,3.0,4.0,4.0,4.0,4.0,4.0,资阳,四川省
237,,,,1.0,1.0,2.0,5.0,7.0,7.0,7.0,7.0,7.0,7.0,8.0,9.0,9.0,9.0,9.0,9.0,10.0,11.0,11.0,11.0,11.0,11.0,12.0,12.0,12.0,12.0,12.0,12.0,12.0,12.0,12.0,12.0,12.0,12.0,宜宾,四川省
238,,,,1.0,2.0,2.0,2.0,3.0,5.0,5.0,6.0,6.0,7.0,7.0,7.0,9.0,9.0,10.0,10.0,10.0,10.0,10.0,11.0,13.0,13.0,13.0,13.0,13.0,13.0,13.0,13.0,13.0,13.0,13.0,13.0,13.0,13.0,凉山州,四川省
239,,,,2.0,6.0,9.0,9.0,9.0,11.0,11.0,12.0,12.0,13.0,14.0,15.0,20.0,22.0,24.0,26.0,28.0,29.0,29.0,29.0,30.0,30.0,30.0,30.0,30.0,30.0,30.0,30.0,30.0,30.0,30.0,30.0,30.0,30.0,廊坊,河北省
240,,,,1.0,2.0,3.0,5.0,7.0,10.0,10.0,14.0,16.0,16.0,19.0,20.0,21.0,21.0,21.0,21.0,21.0,21.0,22.0,22.0,22.0,23.0,23.0,23.0,23.0,23.0,23.0,23.0,23.0,23.0,23.0,23.0,23.0,23.0,邢台,河北省
241,,,,1.0,1.0,2.0,2.0,2.0,2.0,2.0,2.0,2.0,2.0,2.0,2.0,2.0,2.0,2.0,2.0,2.0,2.0,2.0,2.0,2.0,2.0,2.0,2.0,2.0,2.0,2.0,2.0,2.0,2.0,2.0,2.0,2.0,2.0,张掖,甘肃省
242,,,,1.0,1.0,1.0,1.0,3.0,3.0,3.0,4.0,4.0,4.0,4.0,4.0,4.0,4.0,4.0,4.0,4.0,4.0,4.0,4.0,4.0,4.0,4.0,4.0,4.0,4.0,4.0,4.0,4.0,4.0,4.0,4.0,4.0,4.0,陇南,甘肃省
243,,,,1.0,1.0,1.0,1.0,1.0,1.0,1.0,4.0,7.0,8.0,9.0,10.0,10.0,12.0,12.0,12.0,12.0,13.0,14.0,14.0,14.0,14.0,14.0,15.0,15.0,15.0,15.0,15.0,15.0,15.0,15.0,15.0,15.0,15.0,四平,吉林省
244,,,,3.0,8.0,8.0,15.0,20.0,23.0,30.0,36.0,39.0,45.0,45.0,49.0,52.0,56.0,60.0,63.0,66.0,71.0,76.0,77.0,78.0,79.0,79.0,79.0,79.0,79.0,79.0,79.0,79.0,79.0,79.0,79.0,79.0,79.0,徐州,江苏省
245,,,,1.0,1.0,5.0,5.0,8.0,11.0,11.0,11.0,11.0,11.0,12.0,13.0,13.0,13.0,14.0,15.0,15.0,15.0,15.0,15.0,15.0,15.0,15.0,15.0,15.0,15.0,15.0,15.0,15.0,15.0,15.0,15.0,15.0,15.0,佳木斯,黑龙江省
246,,,,1.0,1.0,1.0,1.0,1.0,2.0,4.0,7.0,12.0,16.0,20.0,36.0,36.0,38.0,38.0,38.0,39.0,39.0,48.0,48.0,49.0,50.0,52.0,52.0,52.0,52.0,52.0,52.0,52.0,52.0,52.0,52.0,52.0,52.0,双鸭山,黑龙江省
247,,,,1.0,2.0,2.0,2.0,3.0,5.0,6.0,7.0,8.0,9.0,9.0,10.0,11.0,13.0,14.0,15.0,15.0,16.0,16.0,16.0,16.0,16.0,17.0,17.0,17.0,17.0,17.0,17.0,17.0,17.0,17.0,17.0,17.0,17.0,七台河,黑龙江省
248,,,,1.0,1.0,1.0,1.0,8.0,8.0,8.0,9.0,9.0,9.0,9.0,9.0,9.0,10.0,10.0,10.0,10.0,10.0,10.0,10.0,10.0,10.0,10.0,10.0,10.0,10.0,10.0,10.0,10.0,10.0,10.0,10.0,10.0,10.0,六盘水,贵州省
249,,,,6.0,7.0,14.0,18.0,27.0,29.0,36.0,50.0,60.0,61.0,65.0,72.0,76.0,82.0,83.0,86.0,86.0,87.0,88.0,90.0,91.0,91.0,91.0,91.0,91.0,91.0,91.0,91.0,91.0,91.0,91.0,91.0,91.0,91.0,商丘,河南省
250,,,,2.0,2.0,5.0,6.0,6.0,6.0,8.0,8.0,10.0,10.0,10.0,11.0,13.0,17.0,17.0,18.0,19.0,19.0,19.0,19.0,19.0,19.0,19.0,19.0,19.0,19.0,19.0,19.0,19.0,19.0,19.0,19.0,19.0,19.0,鹤壁,河南省
251,,,,1.0,2.0,3.0,4.0,6.0,8.0,11.0,11.0,12.0,17.0,18.0,20.0,21.0,24.0,24.0,25.0,25.0,25.0,25.0,25.0,26.0,26.0,26.0,26.0,26.0,26.0,26.0,26.0,26.0,26.0,26.0,26.0,26.0,26.0,开封,河南省
252,,,,1.0,2.0,2.0,3.0,8.0,12.0,13.0,15.0,19.0,24.0,26.0,28.0,30.0,31.0,31.0,32.0,34.0,34.0,37.0,37.0,38.0,38.0,38.0,39.0,39.0,39.0,39.0,39.0,39.0,39.0,39.0,39.0,39.0,39.0,许昌,河南省
253,,,,2.0,2.0,2.0,3.0,3.0,3.0,3.0,3.0,3.0,4.0,4.0,4.0,4.0,6.0,7.0,7.0,7.0,7.0,7.0,7.0,7.0,7.0,8.0,8.0,8.0,8.0,8.0,8.0,8.0,8.0,8.0,8.0,8.0,8.0,朔州,山西省
254,,,,1.0,1.0,1.0,1.0,1.0,1.0,1.0,1.0,1.0,1.0,1.0,2.0,2.0,2.0,2.0,2.0,2.0,2.0,2.0,2.0,2.0,2.0,2.0,2.0,2.0,2.0,2.0,2.0,2.0,2.0,2.0,2.0,2.0,2.0,临汾,山西省
255,,,,1.0,3.0,3.0,4.0,5.0,5.0,5.0,5.0,5.0,5.0,6.0,6.0,6.0,6.0,6.0,6.0,6.0,6.0,6.0,6.0,6.0,6.0,6.0,6.0,6.0,6.0,6.0,6.0,6.0,6.0,6.0,6.0,6.0,6.0,吕梁,山西省
256,,,,,1.0,3.0,5.0,7.0,7.0,7.0,7.0,10.0,10.0,10.0,10.0,10.0,10.0,10.0,10.0,10.0,10.0,10.0,10.0,10.0,10.0,10.0,10.0,10.0,10.0,11.0,11.0,11.0,11.0,11.0,11.0,11.0,11.0,神农架林区,湖北省
257,,,,,1.0,1.0,1.0,1.0,1.0,1.0,1.0,1.0,1.0,1.0,3.0,3.0,3.0,3.0,3.0,3.0,3.0,3.0,3.0,3.0,4.0,4.0,4.0,4.0,4.0,4.0,4.0,4.0,4.0,4.0,4.0,4.0,4.0,河源,广东省
258,,,,,2.0,2.0,2.0,2.0,2.0,7.0,8.0,12.0,15.0,17.0,18.0,20.0,24.0,25.0,28.0,28.0,29.0,29.0,30.0,30.0,32.0,32.0,32.0,32.0,32.0,32.0,32.0,32.0,32.0,32.0,32.0,32.0,32.0,焦作,河南省
259,,,,,1.0,3.0,3.0,4.0,6.0,9.0,12.0,12.0,14.0,18.0,20.0,20.0,24.0,31.0,32.0,32.0,32.0,32.0,32.0,32.0,32.0,32.0,32.0,33.0,34.0,35.0,35.0,35.0,35.0,35.0,35.0,35.0,35.0,泰安,山东省
260,,,,,1.0,1.0,1.0,1.0,1.0,1.0,1.0,2.0,2.0,2.0,4.0,5.0,6.0,6.0,6.0,6.0,6.0,6.0,6.0,6.0,6.0,6.0,6.0,6.0,6.0,6.0,6.0,6.0,6.0,6.0,6.0,6.0,6.0,龙岩,福建省
261,,,,,1.0,1.0,3.0,4.0,4.0,8.0,8.0,8.0,9.0,9.0,10.0,11.0,11.0,12.0,14.0,18.0,18.0,18.0,18.0,18.0,18.0,18.0,18.0,18.0,18.0,18.0,18.0,18.0,18.0,18.0,18.0,18.0,18.0,鹰潭,江西省
262,,,,,3.0,4.0,4.0,4.0,6.0,7.0,8.0,10.0,10.0,10.0,12.0,12.0,13.0,13.0,13.0,13.0,13.0,13.0,13.0,13.0,13.0,13.0,13.0,13.0,13.0,13.0,13.0,13.0,13.0,13.0,13.0,13.0,13.0,宝鸡,陕西省
263,,,,,1.0,1.0,3.0,4.0,5.0,6.0,6.0,6.0,6.0,6.0,6.0,6.0,6.0,6.0,6.0,6.0,6.0,6.0,6.0,6.0,6.0,6.0,6.0,6.0,6.0,6.0,6.0,6.0,6.0,6.0,6.0,6.0,6.0,琼海,海南省
264,,,,,1.0,1.0,1.0,1.0,1.0,1.0,1.0,2.0,2.0,3.0,3.0,3.0,3.0,3.0,3.0,3.0,3.0,3.0,3.0,3.0,3.0,3.0,3.0,3.0,3.0,3.0,3.0,3.0,3.0,3.0,3.0,3.0,3.0,东方,海南省
265,,,,,1.0,1.0,1.0,1.0,1.0,1.0,1.0,1.0,1.0,1.0,1.0,1.0,1.0,1.0,1.0,1.0,1.0,1.0,1.0,1.0,1.0,1.0,1.0,1.0,1.0,1.0,1.0,1.0,1.0,1.0,1.0,1.0,1.0,琼中,海南省
266,,,,,4.0,4.0,4.0,5.0,7.0,7.0,7.0,7.0,7.0,7.0,8.0,10.0,11.0,11.0,11.0,12.0,12.0,12.0,12.0,12.0,12.0,12.0,12.0,12.0,12.0,12.0,12.0,12.0,12.0,12.0,12.0,12.0,12.0,锦州,辽宁省
267,,,,,1.0,1.0,1.0,1.0,1.0,2.0,2.0,2.0,2.0,2.0,2.0,3.0,3.0,3.0,3.0,3.0,3.0,3.0,3.0,3.0,3.0,3.0,3.0,3.0,3.0,3.0,3.0,3.0,3.0,3.0,3.0,3.0,3.0,辽阳,辽宁省
268,,,,,2.0,3.0,4.0,4.0,4.0,4.0,4.0,5.0,5.0,7.0,7.0,7.0,8.0,8.0,8.0,8.0,8.0,8.0,8.0,8.0,8.0,8.0,8.0,8.0,8.0,8.0,8.0,8.0,8.0,8.0,8.0,8.0,8.0,衡水,河北省
269,,,,,1.0,3.0,3.0,7.0,8.0,11.0,11.0,11.0,12.0,17.0,19.0,23.0,27.0,28.0,31.0,33.0,35.0,43.0,46.0,51.0,51.0,51.0,55.0,56.0,57.0,57.0,58.0,58.0,58.0,58.0,58.0,58.0,58.0,唐山,河北省
270,,,,,1.0,1.0,1.0,1.0,1.0,1.0,1.0,1.0,1.0,1.0,1.0,1.0,1.0,1.0,1.0,1.0,1.0,1.0,1.0,1.0,1.0,1.0,1.0,1.0,1.0,1.0,1.0,1.0,1.0,1.0,1.0,1.0,1.0,金昌,甘肃省
271,,,,,1.0,1.0,2.0,2.0,3.0,3.0,8.0,10.0,10.0,10.0,10.0,12.0,12.0,12.0,12.0,12.0,12.0,12.0,12.0,12.0,12.0,12.0,12.0,12.0,12.0,12.0,12.0,12.0,12.0,12.0,12.0,12.0,12.0,天水,甘肃省
272,,,,,2.0,2.0,2.0,2.0,2.0,2.0,4.0,4.0,5.0,5.0,7.0,7.0,7.0,7.0,7.0,7.0,7.0,7.0,7.0,7.0,7.0,7.0,7.0,7.0,7.0,7.0,7.0,7.0,7.0,7.0,7.0,7.0,7.0,呼和浩特,内蒙古自治区
273,,,,,2.0,3.0,5.0,5.0,6.0,7.0,7.0,7.0,7.0,8.0,9.0,9.0,10.0,13.0,15.0,19.0,22.0,25.0,27.0,27.0,27.0,27.0,28.0,28.0,28.0,28.0,28.0,28.0,28.0,28.0,28.0,28.0,28.0,吴忠,宁夏回族自治区
274,,,,,1.0,1.0,1.0,1.0,1.0,1.0,1.0,1.0,1.0,1.0,1.0,1.0,1.0,1.0,1.0,1.0,1.0,1.0,2.0,3.0,3.0,3.0,3.0,3.0,3.0,3.0,3.0,3.0,3.0,3.0,3.0,3.0,3.0,吐鲁番,新疆维吾尔自治区
275,,,,,1.0,,,1.0,,,,,,1.0,1.0,1.0,1.0,1.0,2.0,2.0,2.0,2.0,3.0,3.0,3.0,4.0,4.0,4.0,4.0,4.0,4.0,4.0,4.0,4.0,4.0,4.0,4.0,石河子,新疆维吾尔自治区
276,,,,,1.0,1.0,1.0,1.0,1.0,1.0,1.0,3.0,4.0,4.0,4.0,6.0,6.0,6.0,6.0,6.0,6.0,6.0,6.0,6.0,6.0,6.0,6.0,6.0,6.0,6.0,6.0,6.0,6.0,6.0,6.0,6.0,6.0,公主岭,吉林省
277,,,,,,3.0,3.0,3.0,3.0,3.0,4.0,5.0,6.0,6.0,6.0,8.0,10.0,10.0,11.0,13.0,13.0,13.0,13.0,13.0,14.0,14.0,14.0,14.0,14.0,14.0,14.0,14.0,14.0,14.0,14.0,14.0,14.0,茂名,广东省
278,,,,,,1.0,1.0,2.0,3.0,3.0,4.0,6.0,7.0,9.0,14.0,15.0,19.0,20.0,20.0,21.0,22.0,22.0,22.0,23.0,23.0,23.0,23.0,23.0,23.0,23.0,23.0,23.0,23.0,23.0,23.0,23.0,23.0,江门,广东省
279,,,,,,1.0,1.0,3.0,3.0,3.0,3.0,4.0,4.0,5.0,5.0,7.0,9.0,10.0,11.0,13.0,13.0,13.0,17.0,17.0,17.0,17.0,17.0,17.0,17.0,17.0,17.0,17.0,17.0,17.0,17.0,17.0,17.0,濮阳,河南省
280,,,,,,4.0,6.0,6.0,6.0,,,,,,,,,,,,,,,,,,,,,,,,,,,,,宿松,安徽省
281,,,,,,2.0,4.0,5.0,8.0,8.0,12.0,12.0,15.0,19.0,20.0,21.0,21.0,22.0,22.0,22.0,22.0,24.0,24.0,24.0,24.0,24.0,24.0,24.0,24.0,24.0,24.0,24.0,24.0,24.0,24.0,24.0,24.0,巴中,四川省
282,,,,,,1.0,3.0,2.0,2.0,5.0,5.0,6.0,6.0,6.0,6.0,6.0,6.0,6.0,6.0,6.0,6.0,6.0,6.0,6.0,6.0,6.0,6.0,6.0,6.0,6.0,6.0,6.0,6.0,6.0,6.0,6.0,6.0,广元,四川省
283,,,,,,1.0,3.0,4.0,4.0,4.0,4.0,4.0,4.0,4.0,4.0,4.0,4.0,4.0,4.0,4.0,4.0,4.0,4.0,4.0,4.0,4.0,4.0,4.0,4.0,4.0,4.0,4.0,4.0,4.0,4.0,4.0,4.0,普洱,云南省
284,,,,,,1.0,6.0,6.0,8.0,9.0,9.0,9.0,10.0,12.0,13.0,14.0,14.0,17.0,21.0,21.0,25.0,31.0,33.0,34.0,34.0,34.0,34.0,34.0,34.0,34.0,34.0,34.0,34.0,35.0,40.0,41.0,41.0,张家口,河北省
285,,,,,,1.0,1.0,2.0,4.0,4.0,6.0,9.0,12.0,21.0,29.0,31.0,34.0,34.0,38.0,43.0,44.0,44.0,45.0,46.0,46.0,46.0,46.0,46.0,46.0,46.0,46.0,46.0,46.0,46.0,46.0,46.0,46.0,鸡西,黑龙江省
286,,,,,,1.0,2.0,2.0,2.0,2.0,2.0,2.0,2.0,2.0,2.0,2.0,2.0,2.0,2.0,2.0,2.0,2.0,2.0,2.0,2.0,2.0,2.0,2.0,2.0,2.0,2.0,2.0,2.0,2.0,2.0,2.0,2.0,大兴安岭,黑龙江省
287,,,,,,1.0,1.0,1.0,1.0,1.0,1.0,1.0,1.0,1.0,1.0,4.0,4.0,7.0,8.0,8.0,9.0,9.0,9.0,9.0,9.0,9.0,9.0,9.0,9.0,9.0,9.0,9.0,9.0,9.0,9.0,9.0,9.0,平凉,甘肃省
288,,,,,,1.0,2.0,2.0,3.0,3.0,3.0,3.0,4.0,4.0,4.0,4.0,6.0,6.0,6.0,6.0,6.0,6.0,8.0,8.0,8.0,8.0,8.0,8.0,8.0,8.0,8.0,8.0,8.0,8.0,8.0,8.0,8.0,巴彦淖尔,内蒙古自治区
289,,,,,,1.0,1.0,1.0,1.0,1.0,1.0,1.0,1.0,1.0,2.0,2.0,3.0,3.0,3.0,3.0,3.0,3.0,3.0,3.0,3.0,3.0,3.0,4.0,4.0,4.0,4.0,6.0,6.0,6.0,6.0,6.0,6.0,通化,吉林省
290,,,,,,,1.0,1.0,1.0,1.0,,,,,,,,,,,,,,,,,,,,,,,,,,,,滑县,河南省
291,,,,,,,1.0,2.0,2.0,2.0,,,,,,,,,,,,,,,,,,,,,,,,,,,,长垣,河南省
292,,,,,,,1.0,1.0,2.0,3.0,3.0,3.0,3.0,3.0,5.0,5.0,5.0,5.0,5.0,5.0,5.0,5.0,5.0,5.0,5.0,5.0,5.0,5.0,5.0,5.0,5.0,5.0,5.0,5.0,5.0,5.0,5.0,张家界,湖南省
293,,,,,,,1.0,1.0,1.0,2.0,2.0,3.0,4.0,7.0,7.0,8.0,8.0,8.0,8.0,8.0,8.0,8.0,8.0,8.0,8.0,8.0,8.0,8.0,8.0,8.0,8.0,8.0,8.0,8.0,8.0,8.0,8.0,钦州,广西壮族自治区
294,,,,,,,1.0,1.0,1.0,3.0,4.0,4.0,4.0,4.0,4.0,4.0,4.0,4.0,4.0,4.0,4.0,4.0,4.0,4.0,4.0,4.0,4.0,4.0,4.0,4.0,4.0,4.0,4.0,4.0,4.0,4.0,4.0,贺州,广西壮族自治区
295,,,,,,,1.0,1.0,1.0,1.0,1.0,1.0,1.0,2.0,2.0,3.0,3.0,3.0,3.0,3.0,3.0,3.0,3.0,3.0,3.0,3.0,3.0,3.0,3.0,3.0,3.0,3.0,3.0,3.0,3.0,3.0,3.0,榆林,陕西省
296,,,,,,,1.0,1.0,1.0,1.0,1.0,1.0,1.0,1.0,1.0,1.0,1.0,1.0,1.0,1.0,1.0,1.0,1.0,1.0,1.0,1.0,1.0,1.0,1.0,1.0,1.0,1.0,1.0,1.0,1.0,1.0,1.0,韩城,陕西省
297,,,,,,,1.0,1.0,1.0,1.0,1.0,2.0,2.0,2.0,2.0,3.0,4.0,5.0,5.0,5.0,5.0,5.0,5.0,5.0,5.0,5.0,5.0,5.0,5.0,5.0,5.0,5.0,5.0,5.0,5.0,5.0,5.0,鹤岗,黑龙江省
298,,,,,,,2.0,2.0,2.0,2.0,2.0,3.0,3.0,4.0,5.0,5.0,5.0,5.0,5.0,5.0,5.0,5.0,5.0,5.0,5.0,5.0,5.0,5.0,5.0,5.0,5.0,5.0,5.0,5.0,5.0,5.0,5.0,延边,吉林省
299,,,,,,,1.0,4.0,4.0,5.0,8.0,9.0,9.0,11.0,12.0,15.0,15.0,19.0,24.0,25.0,25.0,28.0,31.0,32.0,32.0,32.0,32.0,32.0,32.0,32.0,32.0,32.0,32.0,32.0,32.0,32.0,32.0,遵义,贵州省
300,,,,,,,1.0,2.0,2.0,4.0,4.0,4.0,5.0,5.0,5.0,5.0,7.0,8.0,10.0,10.0,10.0,10.0,10.0,10.0,10.0,10.0,10.0,10.0,10.0,10.0,10.0,10.0,10.0,10.0,10.0,10.0,10.0,黔东南州,贵州省
301,,,,,,,1.0,3.0,3.0,4.0,4.0,9.0,11.0,13.0,17.0,21.0,21.0,21.0,21.0,22.0,22.0,23.0,23.0,23.0,23.0,23.0,23.0,23.0,23.0,23.0,23.0,23.0,23.0,23.0,23.0,23.0,23.0,毕节,贵州省
302,,,,,,,,4.0,7.0,8.0,,,,,,,,,,,,,,,,,,,,,,,,,,,,永城,河南省
303,,,,,,,,1.0,7.0,9.0,10.0,10.0,11.0,11.0,11.0,12.0,13.0,13.0,13.0,13.0,13.0,13.0,13.0,13.0,13.0,16.0,16.0,16.0,16.0,16.0,16.0,16.0,16.0,16.0,16.0,16.0,16.0,攀枝花,四川省
304,,,,,,,,1.0,1.0,1.0,1.0,1.0,1.0,1.0,1.0,1.0,1.0,1.0,1.0,1.0,1.0,1.0,1.0,1.0,1.0,1.0,1.0,1.0,1.0,1.0,1.0,1.0,1.0,1.0,1.0,1.0,1.0,阿坝州,四川省
305,,,,,,,,1.0,1.0,1.0,1.0,3.0,3.0,3.0,3.0,3.0,3.0,3.0,3.0,3.0,3.0,3.0,3.0,3.0,3.0,3.0,3.0,3.0,3.0,3.0,3.0,3.0,3.0,3.0,3.0,3.0,3.0,定安,海南省
306,,,,,,,,1.0,1.0,1.0,3.0,3.0,3.0,3.0,4.0,5.0,5.0,6.0,6.0,7.0,7.0,7.0,7.0,7.0,7.0,7.0,7.0,7.0,7.0,7.0,7.0,7.0,7.0,7.0,7.0,7.0,7.0,昌江,海南省
307,,,,,,,,1.0,1.0,1.0,1.0,1.0,1.0,1.0,1.0,1.0,2.0,2.0,2.0,2.0,2.0,2.0,2.0,2.0,2.0,2.0,2.0,2.0,2.0,2.0,2.0,2.0,2.0,2.0,2.0,2.0,2.0,乐东,海南省
308,,,,,,,,2.0,2.0,2.0,3.0,3.0,3.0,3.0,3.0,3.0,3.0,3.0,3.0,3.0,3.0,3.0,3.0,3.0,3.0,3.0,3.0,3.0,3.0,3.0,3.0,3.0,3.0,3.0,3.0,3.0,3.0,乌兰察布,内蒙古自治区
309,,,,,,,,1.0,,,,,,1.0,,,,,,,,,,,,,,,,,,,,,,,,胡杨河,新疆维吾尔自治区
310,,,,,,,,1.0,1.0,1.0,1.0,1.0,1.0,1.0,1.0,1.0,1.0,1.0,1.0,1.0,1.0,1.0,1.0,1.0,1.0,1.0,1.0,1.0,1.0,1.0,1.0,1.0,1.0,1.0,1.0,1.0,1.0,阿克苏地区,新疆维吾尔自治区
311,,,,,,,,,3.0,4.0,4.0,4.0,5.0,5.0,5.0,5.0,5.0,5.0,5.0,5.0,5.0,5.0,5.0,5.0,5.0,5.0,5.0,5.0,5.0,5.0,5.0,5.0,5.0,5.0,5.0,5.0,5.0,潮州,广东省
312,,,,,,,,,1.0,1.0,2.0,2.0,3.0,3.0,5.0,7.0,7.0,7.0,9.0,9.0,9.0,9.0,10.0,10.0,10.0,10.0,10.0,10.0,10.0,10.0,10.0,10.0,10.0,10.0,10.0,10.0,10.0,秦皇岛,河北省
313,,,,,,,,,1.0,1.0,1.0,1.0,1.0,1.0,1.0,1.0,1.0,1.0,1.0,1.0,1.0,1.0,1.0,1.0,1.0,1.0,1.0,1.0,1.0,1.0,1.0,1.0,1.0,1.0,1.0,1.0,1.0,临沧,云南省
314,,,,,,,,,2.0,3.0,5.0,7.0,7.0,7.0,7.0,7.0,7.0,8.0,8.0,8.0,8.0,8.0,8.0,8.0,8.0,8.0,8.0,8.0,8.0,8.0,8.0,8.0,8.0,8.0,8.0,8.0,8.0,阜新,辽宁省
315,,,,,,,,,1.0,,1.0,1.0,1.0,3.0,3.0,3.0,3.0,3.0,3.0,3.0,3.0,4.0,4.0,4.0,4.0,4.0,4.0,4.0,4.0,4.0,4.0,4.0,4.0,4.0,4.0,4.0,4.0,鞍山,辽宁省
316,,,,,,,,,2.0,3.0,6.0,7.0,7.0,7.0,8.0,8.0,8.0,8.0,8.0,8.0,8.0,8.0,8.0,9.0,9.0,9.0,10.0,10.0,10.0,10.0,10.0,10.0,10.0,10.0,10.0,10.0,10.0,晋城,山西省
317,,,,,,,,,1.0,3.0,3.0,3.0,3.0,3.0,3.0,6.0,6.0,7.0,7.0,7.0,7.0,7.0,7.0,7.0,7.0,7.0,7.0,7.0,7.0,7.0,7.0,7.0,7.0,7.0,7.0,7.0,7.0,忻州,山西省
318,,,,,,,,,1.0,1.0,1.0,1.0,1.0,2.0,3.0,6.0,6.0,6.0,6.0,6.0,8.0,8.0,8.0,8.0,8.0,8.0,8.0,8.0,8.0,8.0,8.0,8.0,8.0,8.0,8.0,8.0,8.0,甘南,甘肃省
319,,,,,,,,,,14.0,,,,,,,,,,,,,,,,,,,,,,,,,,,,邓州,河南省
320,,,,,,,,,,4.0,5.0,5.0,5.0,7.0,7.0,7.0,7.0,8.0,8.0,8.0,8.0,8.0,8.0,8.0,8.0,8.0,8.0,8.0,8.0,8.0,8.0,8.0,8.0,8.0,8.0,8.0,8.0,贵港,广西壮族自治区
321,,,,,,,,,,2.0,2.0,4.0,4.0,4.0,4.0,4.0,4.0,4.0,4.0,4.0,4.0,4.0,4.0,4.0,4.0,4.0,4.0,4.0,4.0,4.0,4.0,4.0,4.0,4.0,4.0,4.0,4.0,楚雄州,云南省
322,,,,,,,,,,1.0,1.0,1.0,1.0,1.0,1.0,2.0,2.0,4.0,4.0,6.0,10.0,13.0,13.0,14.0,14.0,14.0,14.0,14.0,14.0,14.0,14.0,14.0,14.0,14.0,14.0,14.0,14.0,黑河,黑龙江省
323,,,,,,,,,,2.0,2.0,2.0,3.0,3.0,4.0,4.0,4.0,4.0,4.0,4.0,4.0,4.0,4.0,4.0,4.0,4.0,4.0,4.0,4.0,4.0,4.0,4.0,4.0,4.0,4.0,4.0,4.0,安顺,贵州省
324,,,,,,,,,,1.0,1.0,1.0,2.0,2.0,2.0,2.0,2.0,2.0,2.0,2.0,2.0,2.0,2.0,2.0,2.0,2.0,2.0,2.0,2.0,2.0,2.0,2.0,2.0,2.0,2.0,2.0,2.0,乌海,内蒙古自治区
325,,,,,,,,,,,2.0,2.0,2.0,3.0,4.0,4.0,4.0,4.0,4.0,4.0,4.0,4.0,4.0,4.0,5.0,5.0,5.0,5.0,5.0,5.0,5.0,5.0,5.0,5.0,5.0,5.0,5.0,济源,河南省
326,,,,,,,,,,,1.0,1.0,1.0,1.0,3.0,3.0,3.0,3.0,3.0,3.0,3.0,3.0,3.0,3.0,3.0,3.0,3.0,3.0,3.0,3.0,3.0,3.0,3.0,3.0,3.0,3.0,3.0,文昌,海南省
327,,,,,,,,,,,1.0,1.0,1.0,2.0,2.0,2.0,2.0,3.0,3.0,3.0,3.0,3.0,3.0,3.0,3.0,3.0,3.0,3.0,3.0,3.0,3.0,3.0,3.0,3.0,3.0,3.0,3.0,庆阳,甘肃省
328,,,,,,,,,,,1.0,3.0,3.0,3.0,3.0,3.0,3.0,3.0,3.0,3.0,3.0,3.0,3.0,3.0,3.0,3.0,3.0,3.0,3.0,3.0,3.0,3.0,3.0,3.0,3.0,3.0,3.0,海北州,青海省
329,,,,,,,,,,,,1.0,1.0,1.0,1.0,1.0,1.0,1.0,1.0,1.0,1.0,1.0,1.0,1.0,1.0,1.0,1.0,1.0,1.0,1.0,1.0,1.0,1.0,1.0,1.0,1.0,1.0,杨凌,陕西省
330,,,,,,,,,,,,1.0,1.0,1.0,1.0,1.0,1.0,2.0,2.0,2.0,2.0,2.0,2.0,2.0,2.0,2.0,2.0,2.0,2.0,2.0,2.0,2.0,2.0,2.0,2.0,2.0,2.0,文山州,云南省
331,,,,,,,,,,,,3.0,3.0,5.0,5.0,6.0,6.0,6.0,6.0,6.0,6.0,6.0,7.0,7.0,7.0,7.0,7.0,7.0,7.0,7.0,7.0,7.0,7.0,7.0,7.0,7.0,7.0,辽源,吉林省
332,,,,,,,,,,,,1.0,1.0,1.0,1.0,1.0,1.0,1.0,1.0,1.0,1.0,1.0,1.0,1.0,1.0,1.0,1.0,1.0,1.0,1.0,1.0,1.0,1.0,1.0,1.0,1.0,1.0,石嘴山,宁夏回族自治区
333,,,,,,,,,,,,1.0,2.0,2.0,2.0,2.0,2.0,3.0,4.0,4.0,4.0,4.0,4.0,4.0,4.0,4.0,4.0,4.0,4.0,4.0,4.0,4.0,4.0,4.0,4.0,4.0,4.0,昌吉州,新疆维吾尔自治区
334,,,,,,,,,,,,1.0,1.0,1.0,1.0,1.0,1.0,1.0,1.0,1.0,1.0,1.0,1.0,1.0,1.0,1.0,1.0,1.0,1.0,1.0,1.0,1.0,1.0,1.0,1.0,1.0,1.0,拉萨,西藏自治区
335,,,,,,,,,,,,,2.0,2.0,2.0,2.0,3.0,3.0,3.0,3.0,3.0,3.0,3.0,3.0,3.0,3.0,3.0,3.0,3.0,3.0,3.0,3.0,3.0,3.0,3.0,3.0,3.0,保亭,海南省
336,,,,,,,,,,,,,,1.0,1.0,3.0,7.0,11.0,11.0,11.0,11.0,11.0,11.0,11.0,11.0,11.0,11.0,11.0,11.0,11.0,11.0,11.0,11.0,11.0,11.0,11.0,11.0,来宾,广西壮族自治区
337,,,,,,,,,,,,,,4.0,,,,,,,,,,,,,,,,,,,,,,,,塔城,新疆维吾尔自治区
338,,,,,,,,,,,,,,1.0,,,,,,,,,,,,,,,,,,,,,,,,五家渠,新疆维吾尔自治区
339,,,,,,,,,,,,,,1.0,1.0,2.0,3.0,3.0,3.0,3.0,3.0,3.0,3.0,3.0,3.0,3.0,3.0,3.0,3.0,3.0,3.0,3.0,3.0,3.0,3.0,3.0,3.0,巴州,新疆维吾尔自治区
340,,,,,,,,,,,,,,,,1.0,1.0,1.0,1.0,1.0,1.0,1.0,1.0,1.0,1.0,1.0,1.0,1.0,1.0,1.0,1.0,1.0,1.0,1.0,1.0,1.0,1.0,白城,吉林省
341,,,,,,,,,,,,,,,,,1.0,1.0,1.0,1.0,1.0,1.0,1.0,1.0,1.0,1.0,1.0,1.0,1.0,1.0,1.0,1.0,1.0,1.0,1.0,1.0,1.0,梅河口,吉林省
342,,,,,,,,,,,,,,,,,1.0,1.0,1.0,1.0,1.0,1.0,1.0,1.0,1.0,1.0,1.0,1.0,1.0,1.0,1.0,1.0,1.0,1.0,1.0,1.0,1.0,宁东,宁夏回族自治区
343,,,,,,,,,,,,,,,,,,1.0,1.0,1.0,1.0,1.0,1.0,1.0,1.0,1.0,1.0,1.0,1.0,1.0,1.0,1.0,1.0,1.0,1.0,1.0,1.0,赣江新区,江西省
344,,,,,,,,,,,,,,,,,,,13.0,13.0,13.0,13.0,13.0,13.0,13.0,13.0,13.0,13.0,13.0,13.0,13.0,13.0,13.0,13.0,13.0,13.0,13.0,大理州,云南省
345,,,,,,,,,,,,,,,,,,,5.0,5.0,5.0,5.0,5.0,5.0,5.0,5.0,5.0,5.0,5.0,5.0,5.0,5.0,5.0,5.0,5.0,5.0,5.0,德宏州,云南省
346,,,,,,,,,,,,,,,,,,,,,,1.0,1.0,1.0,1.0,1.0,1.0,1.0,1.0,1.0,1.0,1.0,1.0,1.0,1.0,1.0,1.0,伊春,黑龙江省
