ct_shortname,prov,citycode,ctnm,centlon,centlat,locked_down,lockdown_date,bdidx_19m20,xc_lockdown,xc_closed,daySinceFirstCase,sub_prov_ct,gdp2018,自治州-盟-地区,in_291,pdensity,gdp_p,hospital_d,popHR18_all,Log_popHR18_all,gdp_per_10k,primary_ind,second_ind,third_ind,prov_leader_rank,num_hospital_total,num_doctors_total,num_firm_total,non_domestic_firms_total,pct_of_non_domestic_firm,primary_emp_share_total,secondary_emp_share_total,tertiary_emp_share_total,inaug_time,birthmonth,is_female,age_feb20,party_age,work_age,tenure,majorchara,is_STEM_major,rule_in_native_prov,is_BA,is_MA,is_PhD,cumulative_case,ct_shortname,log_cumulative_case
七台河,黑龙江省,230900,七台河市,130.862488105,45.89689115109999,0,,3.8118,0.0,0.0,,0,1757953.0,False,True,133.42,2.65,0.1789,79.0,4.3694478524670215,22252.569620253165,8.79,41.54,49.66,31.47,27.0,1789.0,83.0,1.0,1.2048192771084338,4.660000000000005,50.76,44.58,2018-12,1965-1,0,55,34.0,32.0,1,2.0,1.0,1,0,0,1,17.0,七台河,2.833213344056216
三亚,海南省,460200,三亚市,109.418151568,18.3915943154,0,,2.9093000000000004,0.0,1.0,,0,5298048.0,False,True,301.93,6.3273,0.2219,59.0,4.07753744390572,89797.42372881355,12.39,19.98,67.63,32.74,11.0,2219.0,21.0,5.0,23.809523809523807,2.789999999999992,8.12,89.09,2018-11,1967-10,0,52,15.0,28.0,1,1.0,0.0,0,0,1,0,54.0,三亚,3.9889840465642745
三明,福建省,350400,三明市,117.395196122,26.299947419000002,0,,2.5189,0.0,0.0,,0,4532584.0,False,True,123.67,7.3261,0.5439,288.0,5.662960480135946,15738.138888888889,2.97,54.36,42.67,35.3,46.0,5439.0,1770.0,75.0,4.23728813559322,1.5399999999999991,35.39,63.07,2019-3,1962-12,0,57,35.0,38.0,0,1.0,0.0,1,0,1,0,14.0,三明,2.6390573296152584
三门峡,河南省,411200,三门峡市,111.10668223100001,34.362921654000004,0,,2.8705,0.0,1.0,,0,4316182.0,False,True,217.23,5.8894,0.5297,228.0,5.429345628954442,18930.622807017546,5.85,45.02,49.12,55.64,51.0,5297.0,501.0,14.0,2.7944111776447107,0.2999999999999972,50.95,48.75,2016-8,1963-10,0,56,34.0,32.0,3,1.0,0.0,1,0,0,1,7.0,三门峡,1.9459101490553132
上饶,江西省,361100,上饶市,117.46923933,28.7745571675,1,2020-02-06 00:00:00.000000000,4.0219000000000005,1.0,1.0,-12.0,0,6203743.0,False,True,339.61,2.6996,1.1101,783.0,6.663132695990803,7923.043422733077,4.8,41.95,53.24,32.02,147.0,11101.0,1303.0,34.0,2.609363008442057,1.2700000000000031,42.54,56.19,2016-4,1962-11,0,57,36.0,37.0,3,1.0,0.0,1,0,1,0,123.0,上饶,4.812184355372417
东莞,广东省,441900,东莞市,113.876317575,22.9354042681,0,,2.5214,0.0,1.0,,0,82785900.0,False,True,792.68,8.2682,1.7506,211.0,5.351858133476067,392350.2369668246,0.3,48.6,51.1,182.12,97.0,17506.0,7669.0,3139.0,40.93102099361064,0.010000000000001565,81.08,18.91,2018-3,1962-10,0,57,35.0,38.0,1,1.0,0.0,1,0,1,0,99.0,东莞,4.59511985013459
中卫,宁夏回族自治区,640500,中卫市,105.47407866,37.052688394,0,,2.9702,0.0,0.0,,0,1716928.0,False,True,68.78,2.9549,0.1866,122.0,4.804021044733257,14073.180327868853,13.52,38.66,47.82,30.69,28.0,1866.0,133.0,4.0,3.007518796992481,4.159999999999997,19.34,76.5,2017-6,1965-10,0,54,34.0,33.0,2,1.0,0.0,0,0,1,0,4.0,中卫,1.3862943611198906
中山,广东省,442000,中山市,113.389440541,22.522217315,0,,3.6549,1.0,1.0,,0,36327000.0,False,True,891.26,9.9471,0.8115,170.0,5.135798437050261,213688.23529411765,1.7,49.0,49.3,182.12,59.0,8115.0,3211.0,910.0,28.340080971659926,-3.552713678800501e-15,74.48,25.52,2019-10,1965-9,0,54,29.0,31.0,0,1.0,0.0,1,0,1,0,66.0,中山,4.189654742026425
临汾,山西省,141000,临汾市,111.37285012299999,36.2355485068,0,,3.4092,0.0,0.0,,0,2829721.0,False,True,212.58,2.7102,1.1043,433.0,6.07073772800249,6535.152424942265,2.88,21.86,75.26,31.47,189.0,11043.0,380.0,13.0,3.4210526315789487,0.9200000000000016,33.72,65.36,2020-1,1963-1,0,57,35.0,34.0,0,2.0,1.0,1,0,1,0,2.0,临汾,0.6931471805599453
临沂,山东省,371300,临沂市,118.27956636399999,35.3106121108,1,2020-02-04 00:00:00.000000000,3.3096000000000005,1.0,1.0,-11.0,0,18035241.0,False,True,653.83,3.8803,2.1287,1162.0,7.057897937411856,15520.861445783132,1.84,51.46,46.7,89.72,188.0,21287.0,4074.0,189.0,4.639175257731959,0.2399999999999949,49.81,49.95,2017-8,1962-10,0,57,36.0,34.0,2,2.0,1.0,1,0,1,0,49.0,临沂,3.8918202981106265
临沧,云南省,530900,临沧市,99.67723789899999,23.9429613817,0,,1.6239,0.0,1.0,,0,1065841.0,False,True,99.49,2.1906,0.3315,239.0,5.476463551931511,4459.585774058577,15.09,34.02,50.89,30.69,53.0,3315.0,173.0,2.0,1.1560693641618496,6.700000000000002,28.84,64.46,2017-1,1965-1,0,55,34.0,33.0,3,1.0,0.0,1,0,1,0,1.0,临沧,0.0
丹东,辽宁省,210600,丹东市,124.407963439,40.5478431211,1,2020-02-05 00:00:00.000000000,2.6888000000000005,1.0,1.0,-10.0,0,2298381.0,False,True,155.66,3.1223,0.5659,235.0,5.459585514144161,9780.344680851065,3.82,31.58,64.6,60.3,44.0,5659.0,345.0,40.0,11.594202898550725,0.7899999999999922,35.37,63.84,2019-12,1964-10,0,55,31.0,30.0,0,2.0,1.0,0,0,1,0,7.0,丹东,1.9459101490553132
丽水,浙江省,331100,丽水市,119.51021301200001,28.1981923481,0,,3.242,0.0,1.0,,0,3261953.0,False,True,153.78,5.6238,0.7913,269.0,5.594711379601837,12126.219330855018,5.81,36.27,57.92,66.3,54.0,7913.0,849.0,28.0,3.2979976442873973,0.3400000000000034,21.83,77.83,2018-7,1972-11,0,47,24.0,21.0,1,1.0,0.0,0,0,1,0,17.0,丽水,2.833213344056216
丽江,云南省,530700,丽江市,100.524862036,26.942247215100004,0,,2.1296000000000004,0.0,1.0,,0,1242906.0,False,True,57.02,2.4116,0.2085,123.0,4.812184355372417,10104.926829268292,4.52,31.19,64.29,30.69,30.0,2085.0,78.0,2.0,2.564102564102564,0.5499999999999972,16.75,82.7,2017-5,1965-12,0,54,29.0,32.0,2,1.0,0.0,1,1,0,0,7.0,丽江,1.9459101490553132
乌兰察布,内蒙古自治区,150900,乌兰察布市,112.445628615,41.6859071165,1,2020-02-13 00:00:00.000000000,2.9268000000000005,1.0,1.0,-13.0,0,1534132.0,False,True,50.28,4.4517,0.3942,272.0,5.605802066295998,5640.191176470588,2.58,37.7,59.73,35.79,51.0,3942.0,230.0,11.0,4.782608695652174,1.5099999999999911,16.01,82.48,2017-5,1965-5,0,54,31.0,39.0,2,1.0,0.0,1,0,0,1,3.0,乌兰察布,1.0986122886681098
乌海,内蒙古自治区,150300,乌海市,106.88294124299999,39.5671836323,1,2020-02-13 00:00:00.000000000,3.0563,0.0,1.0,-11.0,0,4100777.0,False,True,263.63,10.2725,0.1536,44.0,3.7841896339182615,93199.47727272726,1.23,57.7,41.07,35.79,27.0,1536.0,144.0,2.0,1.3888888888888888,0.17999999999999972,49.71,50.11,2016-12,1963-4,0,56,35.0,36.0,3,1.0,0.0,1,0,1,0,2.0,乌海,0.6931471805599453
乌鲁木齐,新疆维吾尔自治区,650100,乌鲁木齐市,87.8125612808,43.530938935500004,0,,4.0669,0.0,0.0,,0,27075290.0,False,True,193.65,6.9865,1.4482,223.0,5.407171771460121,121413.85650224215,0.64,30.24,69.11,73.45,127.0,14482.0,360.0,16.0,4.4444444444444455,1.3500000000000083,31.77,66.88,2017-3,1964-11,0,55,35.0,34.0,2,1.0,0.0,0,0,1,0,23.0,乌鲁木齐,3.1354942159291497
乐山,四川省,511100,乐山市,103.532932734,29.178991464899998,0,,2.375,0.0,1.0,,0,7191902.0,False,True,278.24,4.311,0.7537,352.0,5.863631175598098,20431.539772727272,6.23,51.52,42.25,66.1,97.0,7537.0,625.0,13.0,2.08,0.9100000000000036,41.54,57.55,2016-2,1963-6,0,56,33.0,35.0,4,2.0,1.0,0,0,0,1,3.0,乐山,1.0986122886681098
九江,江西省,360400,九江市,115.43844294600001,29.325854003899998,1,2020-02-06 00:00:00.000000000,3.5577,1.0,1.0,-13.0,0,10076908.0,False,True,261.14,4.3338,1.0027,520.0,6.253828811575472,19378.669230769232,2.3,41.66,56.03,32.02,62.0,10027.0,1607.0,110.0,6.845052893590545,1.6000000000000014,47.67,50.73,2018-3,1963-9,0,56,34.0,33.0,1,1.0,0.0,1,0,1,0,118.0,九江,4.770684624465665
亳州,安徽省,341600,亳州市,116.180524415,33.4334026342,0,,3.7462,0.0,1.0,,0,4212362.0,False,True,745.22,2.0611,0.6397,651.0,6.478509642208568,6470.602150537636,15.69,42.41,41.89,36.14,62.0,6397.0,1032.0,7.0,0.6782945736434108,0.07000000000000739,31.33,68.6,2016-4,1965-3,0,54,31.0,35.0,3,2.0,1.0,1,0,1,0,108.0,亳州,4.68213122712422
伊春,黑龙江省,230700,伊春市,129.208870322,47.8075776338,0,,2.5700000000000003,1.0,1.0,,0,1650320.0,False,True,36.89,2.1043,0.2684,116.0,4.7535901911063645,14226.896551724138,32.53,25.26,42.21,31.47,40.0,2684.0,97.0,7.0,7.216494845360824,53.50000000000001,12.74,33.76,2018-12,1962-9,0,57,34.0,39.0,1,1.0,0.0,1,0,1,0,1.0,伊春,0.0
佛山,广东省,440600,佛山市,112.945063477,23.0129541212,1,2020-02-08 00:00:00.000000000,3.3110000000000004,0.0,1.0,-15.0,0,93985162.0,False,True,1024.22,11.5891,1.8134,420.0,6.040254711277415,223774.19523809524,1.42,57.72,40.86,182.12,110.0,18134.0,6212.0,1143.0,18.399871216999355,0.01999999999999957,70.75,29.23,2016-2,1964-10,0,55,33.0,37.0,4,1.0,0.0,0,0,0,1,84.0,佛山,4.430816798843313
佳木斯,黑龙江省,230800,佳木斯市,132.212184214,47.24463706149999,0,,3.3686000000000003,1.0,1.0,,0,4561525.0,False,True,72.77,3.6878,0.5694,235.0,5.459585514144161,19410.744680851065,6.31,25.78,67.91,31.47,92.0,5694.0,288.0,11.0,3.8194444444444446,11.939999999999998,21.65,66.41,2019-12,1968-9,0,51,28.0,32.0,0,1.0,0.0,0,0,1,0,15.0,佳木斯,2.70805020110221
保定,河北省,130600,保定市,115.16842685399999,39.0225989467,0,,3.088,1.0,1.0,,0,13573495.0,False,True,541.81,2.9992,2.83,1199.0,7.089243155027512,11320.679733110923,5.56,49.05,45.38,31.22,365.0,28300.0,1828.0,82.0,4.485776805251642,0.13000000000000256,38.83,61.04,2013-2,1959-11,0,60,36.0,36.0,6,1.0,0.0,1,0,1,0,32.0,保定,3.4657359027997265
保山,云南省,530500,保山市,98.9723810051,24.9792580441,0,,1.8542,0.0,1.0,,0,2604239.0,False,True,131.89,2.3692,0.436,263.0,5.572154032177764,9902.049429657794,19.5,35.96,44.55,30.69,50.0,4360.0,258.0,5.0,1.937984496124031,1.3300000000000054,46.51,52.16,2016-3,1962-5,0,57,34.0,37.0,3,1.0,0.0,1,0,1,0,9.0,保山,2.1972245773362196
信阳,河南省,411500,信阳市,114.88209963,32.0812152197,1,2020-02-06 00:00:00.000000000,4.1028,1.0,1.0,-13.0,0,5867475.0,False,True,477.99,3.1733,0.9940000000000001,911.0,6.814542897259956,6440.697036223929,12.26,44.66,43.08,55.64,270.0,9940.0,1110.0,15.0,1.3513513513513509,0.1700000000000017,43.66,56.17,2016-5,1961-10,0,58,29.0,35.0,3,1.0,0.0,1,0,1,0,274.0,信阳,5.6131281063880705
儋州,海南省,460400,儋州市,109.428828,19.563299,0,,2.6181,0.0,0.0,,0,3229700.0,False,True,267.6470588235294,3.5569,0.2719,96.0,4.564348191467836,33642.708333333336,38.3,13.1,48.6,32.74,22.0,1680.0,18.0,3.0,16.666666666666664,43.762576,11.730382,44.507042,2017-12,1966-4,0,53,33.0,29.0,2,1.0,0.0,0,0,0,1,15.0,儋州,2.70805020110221
六安,安徽省,341500,六安市,116.312362528,31.7571430365,0,,3.2369,1.0,1.0,,0,5320556.0,False,True,390.24,2.3298,0.9062,588.0,6.376726947898628,9048.56462585034,14.4,43.58,42.02,36.14,29.0,9062.0,914.0,25.0,2.7352297592997807,2.9200000000000017,19.64,77.44,2011-4,1962-8,0,57,33.0,35.0,8,1.0,0.0,1,1,0,0,69.0,六安,4.23410650459726
六盘水,贵州省,520200,六盘水市,104.88982720899999,26.1372995666,0,,2.2595000000000005,0.0,1.0,,0,4673400.0,False,True,335.89,4.5325,0.5106,342.0,5.834810737062607,13664.912280701752,1.35,46.61,52.04,35.3,111.0,5106.0,452.0,5.0,1.1061946902654871,0.2700000000000031,46.0,53.73,2017-12,1964-3,0,55,36.0,36.0,2,1.0,0.0,1,0,1,0,10.0,六盘水,2.302585092994046
兰州,甘肃省,620100,兰州市,103.633790425,36.3581817432,0,,3.1392,0.0,1.0,,0,20965283.0,False,True,246.06,6.1207,1.3692,326.0,5.786897381366707,64310.684049079755,0.57,32.59,66.84,31.0,127.0,13692.0,351.0,17.0,4.843304843304843,0.07000000000000027,42.07,57.86,2016-10,1966-9,0,53,30.0,30.0,3,1.0,0.0,0,0,1,0,36.0,兰州,3.58351893845611
内江,四川省,511000,内江市,104.932837659,29.6720218234,1,2020-02-06 00:00:00.000000000,2.5611,0.0,1.0,-12.0,0,4772911.0,False,True,779.8,3.4667,0.5507,415.0,6.028278520230697,11500.990361445783,13.9,44.3,41.8,66.1,72.0,5507.0,317.0,14.0,4.416403785488959,0.28000000000000114,50.86,48.86,2016-7,1964-10,0,55,33.0,37.0,3,1.0,0.0,0,0,1,0,22.0,内江,3.091042453358316
包头,内蒙古自治区,150200,包头市,110.21793232700001,41.645620003699996,1,2020-02-13 00:00:00.000000000,3.3788,0.0,1.0,-17.0,0,24190700.0,False,True,80.67,13.6021,0.8588,224.0,5.4116460518550396,107994.19642857145,1.13,40.7,58.17,35.79,84.0,8588.0,401.0,19.0,4.7381546134663335,0.7299999999999969,47.71,51.56,2016-11,1959-11,0,60,36.0,36.0,3,1.0,0.0,1,1,0,0,11.0,包头,2.3978952727983707
北海,广西壮族自治区,450500,北海市,109.333894691,21.6742612087,0,,2.9356000000000004,0.0,1.0,,0,9651455.0,False,True,515.43,6.1579999999999995,0.3514,175.0,5.1647859739235145,55151.17142857143,10.08,62.12,27.8,37.35,25.0,3514.0,212.0,37.0,17.452830188679243,3.3999999999999986,35.53,61.07,2016-11,1962-12,0,57,33.0,35.0,3,1.0,0.0,0,0,0,1,44.0,北海,3.784189633918261
十堰,湖北省,420300,十堰市,110.44108665700001,32.4590892553,1,2020-01-24 00:00:00.000000000,3.7787,1.0,1.0,0.0,0,10794677.0,False,True,146.03,4.2083,0.9469,346.0,5.846438775057725,31198.488439306362,2.81,60.1,37.09,56.66,58.0,9469.0,847.0,19.0,2.2432113341204247,1.1000000000000014,47.29,51.61,2016-12,1963-10,0,56,33.0,36.0,3,1.0,0.0,1,0,1,0,671.0,十堰,6.508769136971682
南京,江苏省,320100,南京市,118.842002095,31.9301990085,1,2020-02-04 00:00:00.000000000,3.928,0.0,1.0,-11.0,1,117151000.0,False,True,991.35,12.7264,2.81,681.0,6.523562306149513,172027.90014684288,2.25,38.03,59.73,39.66,220.0,28100.0,2348.0,532.0,22.657580919931856,0.060000000000002274,44.32,55.62,2017-7,1962-7,0,57,34.0,34.0,2,1.0,0.0,1,1,0,0,93.0,南京,4.532599493153256
南充,四川省,511300,南充市,106.20447814799999,31.1964425127,0,,2.6295,0.0,1.0,,0,6692215.0,False,True,594.69,2.5871,1.3077,733.0,6.597145701886651,9129.897680763985,13.05,43.99,42.96,66.1,112.0,13077.0,722.0,12.0,1.662049861495845,0.1900000000000049,39.98,59.83,2016-7,1962-6,0,57,36.0,36.0,3,1.0,0.0,1,1,0,0,39.0,南充,3.6635616461296463
南宁,广西壮族自治区,450100,南宁市,108.463381591,23.058742984299997,1,2020-02-05 00:00:00.000000000,2.8505000000000003,0.0,1.0,-10.0,0,34107409.0,False,True,332.81,5.2723,2.3412,757.0,6.6293632534374485,45056.022457067374,6.18,40.15,53.66,37.35,115.0,23412.0,960.0,75.0,7.8125,0.9600000000000009,40.44,58.6,2015-5,1962-1,0,58,39.0,43.0,4,2.0,1.0,0,0,1,0,55.0,南宁,4.007333185232471
南平,福建省,350700,南平市,118.14263055100001,27.340275495100002,0,,2.9163,0.0,0.0,,0,5263855.0,False,True,121.77,5.5009,0.5382,319.0,5.765191102784844,16501.112852664573,13.13,48.34,38.53,35.3,51.0,5382.0,1089.0,44.0,4.040404040404041,2.7600000000000047,37.19,60.05,2016-9,1964-3,0,55,35.0,33.0,3,2.0,1.0,0,0,0,1,20.0,南平,2.995732273553991
南昌,江西省,360100,南昌市,116.023990516,28.6636745134,1,2020-02-05 00:00:00.000000000,3.1887,1.0,1.0,-12.0,0,36408753.0,False,True,702.51,8.1598,1.4143,525.0,6.2633982625916245,69350.00571428571,1.71,50.04,48.25,32.02,118.0,14143.0,1473.0,140.0,9.504412763068569,0.2999999999999972,59.03,40.67,2016-11,1963-8,0,56,34.0,34.0,3,1.0,0.0,1,0,1,0,230.0,南昌,5.438079308923196
南通,江苏省,320600,南通市,120.994124874,32.1899448962,1,2020-02-04 00:00:00.000000000,2.9923,1.0,1.0,-11.0,0,28626300.0,False,True,727.08,9.2702,1.88,764.0,6.6385677891665225,37468.97905759162,2.14,45.61,52.25,39.66,222.0,18800.0,5131.0,1022.0,19.918144611186907,0.23000000000000045,81.89,17.88,2019-12,1963-4,0,56,32.0,38.0,0,1.0,0.0,1,0,1,0,40.0,南通,3.6888794541139363
南阳,河南省,411300,南阳市,112.28340493600001,33.046328015,0,,3.5264,1.0,1.0,,0,7557584.0,False,True,448.53,3.1010000000000004,1.7993,1200.0,7.090076835776093,6297.986666666668,6.7,33.79,59.51,55.64,108.0,17993.0,1969.0,37.0,1.8791264601320468,0.5399999999999991,41.35,58.11,2016-12,1961-9,0,58,35.0,37.0,3,2.0,1.0,1,0,1,0,156.0,南阳,5.049856007249537
厦门,福建省,350200,厦门市,118.11161853799999,24.68193311,0,,3.5579,0.0,0.0,,1,43517181.0,False,True,1241.91,9.7282,1.2705,231.0,5.442417710521793,188386.06493506493,0.54,41.64,57.82,35.3,51.0,12705.0,1894.0,687.0,36.272439281942965,0.10999999999999943,62.43,37.46,2019-2,1963-12,0,56,34.0,33.0,0,1.0,0.0,0,0,0,1,35.0,厦门,3.5553480614894135
双鸭山,黑龙江省,230500,双鸭山市,132.5160707,46.6490553159,0,,3.4012,1.0,1.0,,0,1213525.0,False,True,64.99,2.9959,0.1972,94.0,4.543294782270004,12909.840425531916,3.09,28.57,68.33,31.47,54.0,1972.0,144.0,5.0,3.4722222222222223,4.5800000000000125,29.79,65.63,2018-2,1963-10,0,56,31.0,33.0,1,1.0,0.0,1,0,1,0,52.0,双鸭山,3.9512437185814275
台州,浙江省,331000,台州市,121.09912211299999,28.7760915637,0,,3.5552,1.0,1.0,,0,16240361.0,False,True,634.36,6.4287,1.7235,604.0,6.403574197934816,26888.014900662245,3.19,44.27,52.53,66.3,111.0,17235.0,3760.0,152.0,4.042553191489361,0.049999999999993605,68.68,31.27,2019-12,1970-4,0,49,28.0,29.0,0,2.0,1.0,0,0,0,1,146.0,台州,4.983606621708336
合肥,安徽省,340100,合肥市,117.244417731,31.993576289299998,1,2020-02-05 00:00:00.000000000,3.6011,1.0,1.0,-12.0,0,48124819.0,False,True,627.35,8.0138,2.0964,743.0,6.610696044717759,64770.95423956931,0.31,47.33,52.35,36.14,172.0,20964.0,2257.0,172.0,7.620735489587949,0.07000000000000027,56.9,43.03,2016-11,1960-3,0,59,34.0,37.0,3,1.0,0.0,1,0,1,0,174.0,合肥,5.159055299214529
吉安,江西省,360800,吉安市,114.823455743,26.9733222152,1,2020-02-06 00:00:00.000000000,3.8954,1.0,1.0,-13.0,0,2531933.0,False,True,208.88,2.9772,0.8028,536.0,6.284134161070802,4723.755597014925,6.73,44.99,48.27,32.02,57.0,8028.0,1222.0,88.0,7.201309328968903,2.009999999999998,48.85,49.14,2016-9,1963-11,0,56,36.0,30.0,3,2.0,1.0,0,0,1,0,22.0,吉安,3.091042453358316
吉林,吉林省,220200,吉林市,126.84140012299999,43.580577812799994,0,,2.4125,0.0,1.0,,0,13344871.0,False,True,153.73,5.7818,1.2862,415.0,6.028278520230697,32156.3156626506,3.5,35.32,61.18,44.12,148.0,12862.0,1076.0,25.0,2.3234200743494418,2.5400000000000063,40.8,56.66,2018-2,1967-1,0,53,29.0,31.0,1,1.0,0.0,1,0,1,0,5.0,吉林,1.6094379124341003
吐鲁番,新疆维吾尔自治区,650400,吐鲁番市,89.84277451790001,42.3844459925,0,,3.5247,0.0,0.0,,0,854603.0,False,True,9.048571428571428,4.9279,0.0318,64.0,4.1588830833596715,13353.171875,24.07,24.09,51.84,73.45,22.0,1590.0,135.0,2.0,1.4814814814814816,0.7800000000000011,31.74,67.48,2017-4,1968-1,0,52,31.0,29.0,2,1.0,0.0,0,0,1,0,3.0,吐鲁番,1.0986122886681098
吕梁,山西省,141100,吕梁市,111.262063708,37.679325374499996,0,,2.8262,1.0,1.0,,0,813938.0,False,True,182.21,2.5896,0.7201,392.0,5.971261839790463,2076.372448979592,2.44,28.09,69.47,31.47,104.0,7201.0,451.0,14.0,3.1042128603104215,0.21000000000000085,42.8,56.99,2016-11,1962-8,0,57,35.0,37.0,3,1.0,0.0,1,0,1,0,6.0,吕梁,1.791759469228055
吴忠,宁夏回族自治区,640300,吴忠市,106.496413251,37.4371258006,1,2020-01-31 00:00:00.000000000,3.1561,0.0,1.0,-3.0,0,1895152.0,False,True,83.54,3.2039,0.2647,143.0,4.962844630259907,13252.811188811189,9.32,61.99,28.69,30.69,50.0,2647.0,357.0,4.0,1.1204481792717087,2.5000000000000067,34.63,62.87,2017-4,1963-10,0,56,32.0,32.0,2,2.0,1.0,0,0,1,0,28.0,吴忠,3.332204510175204
周口,河南省,411600,周口市,114.877448123,33.7249577197,0,,5.0722000000000005,1.0,1.0,,0,2360046.0,False,True,1040.05,2.5682,1.6413,1258.0,7.1372784372603855,1876.0302066772656,3.63,49.87,46.49,55.64,140.0,16413.0,1274.0,22.0,1.7268445839874411,0.17999999999999972,48.39,51.43,2017-2,1963-4,0,56,35.0,24.0,2,1.0,0.0,1,0,1,0,76.0,周口,4.330733340286331
呼伦贝尔,内蒙古自治区,150700,呼伦贝尔市,121.201101686,49.6618765199,1,2020-02-13 00:00:00.000000000,2.4319999999999995,0.0,1.0,-19.0,0,3047356.0,False,True,10.25,6.414,0.9623,260.0,5.5606816310155285,11720.6,2.89,46.24,50.87,35.79,219.0,9623.0,160.0,12.0,7.5,26.139999999999993,20.65,53.21,2018-3,1965-11,0,54,27.0,32.0,1,1.0,0.0,1,1,0,0,7.0,呼伦贝尔,1.9459101490553132
呼和浩特,内蒙古自治区,150100,呼和浩特市,111.39720019399999,40.5828391154,1,2020-02-13 00:00:00.000000000,3.9095,1.0,1.0,-16.0,0,21851700.0,False,True,139.07,10.3235,1.0225,243.0,5.493061443340548,89924.69135802469,1.05,24.81,74.14,35.79,108.0,10225.0,232.0,20.0,8.620689655172415,0.7800000000000011,25.91,73.31,2019-8,1964-6,1,55,27.0,34.0,0,1.0,0.0,0,0,0,1,7.0,呼和浩特,1.9459101490553132
咸宁,湖北省,421200,咸宁市,114.174701414,29.6260779783,1,2020-01-24 00:00:00.000000000,4.422899999999999,1.0,1.0,1.0,0,2830000.0,False,True,307.66,4.4027,0.6743,304.0,5.717027701406223,9309.210526315792,10.6,57.24,32.16,56.66,32.0,6743.0,880.0,26.0,2.9545454545454546,0.17999999999999972,38.64,61.18,2019-12,1966-6,0,53,29.0,30.0,0,1.0,0.0,0,0,0,1,868.0,咸宁,6.7661917146603505
咸阳,陕西省,610400,咸阳市,108.449310629,34.8279477852,0,,2.7983,1.0,1.0,,0,7049152.0,False,True,518.21,4.8016,1.082,468.0,6.148468295917647,15062.290598290598,0.95,71.34,27.71,43.47,151.0,10820.0,727.0,31.0,4.264099037138927,0.3999999999999986,49.65,49.95,2015-4,1961-11,0,58,34.0,37.0,4,2.0,1.0,0,0,0,1,17.0,咸阳,2.833213344056216
哈尔滨,黑龙江省,230100,哈尔滨市,127.962249395,45.6384010894,1,2020-02-04 00:00:00.000000000,3.6881,1.0,1.0,-11.0,1,47127585.0,False,True,180.98,6.3445,2.2,955.0,6.86171134048073,49348.25654450262,5.83,29.93,64.24,31.47,310.0,22000.0,1275.0,76.0,5.96078431372549,2.5600000000000023,30.49,66.95,2017-5,1962-12,0,57,35.0,32.0,2,2.0,1.0,1,0,1,0,198.0,哈尔滨,5.288267030694535
唐山,河北省,130200,唐山市,118.339163835,39.7369101931,1,2020-01-28 00:00:00.000000000,2.8016000000000005,1.0,1.0,0.0,0,32053543.0,False,True,560.42,8.1239,1.869,755.0,6.626717749249027,42455.0238410596,4.27,62.1,33.63,31.22,173.0,18690.0,1630.0,88.0,5.398773006134969,2.1700000000000017,42.58,55.25,2020-1,1963-4,0,56,35.0,35.0,0,1.0,0.0,0,0,1,0,58.0,唐山,4.060443010546419
商丘,河南省,411400,商丘市,115.697064821,34.2910762816,0,,3.998,0.0,0.0,,0,4793000.0,False,True,897.8,2.7332,1.4756,987.0,6.894670039433483,4856.129685916921,14.01,43.97,42.02,55.64,79.0,14756.0,1350.0,26.0,1.925925925925926,0.10999999999999943,46.88,53.01,2016-8,1965-2,0,54,35.0,27.0,3,2.0,1.0,1,0,1,0,91.0,商丘,4.51085950651685
商洛,陕西省,611000,商洛市,109.89893406700001,33.6486843741,0,,2.0047000000000006,1.0,1.0,,0,1478000.0,False,True,130.11,2.9574,0.4362,253.0,5.53338948872752,5841.897233201581,9.64,43.3,47.06,43.47,180.0,4362.0,250.0,0.0,0.0,0.9499999999999956,42.84,56.21,2019-12,1968-7,1,51,29.0,29.0,0,1.0,0.0,0,1,0,0,7.0,商洛,1.9459101490553132
嘉兴,浙江省,330400,嘉兴市,120.753962091,30.6548102842,0,,3.4720000000000004,1.0,1.0,,0,11254564.0,False,True,891.44,8.3968,1.1392,356.0,5.87493073085203,31613.94382022472,2.64,45.48,51.88,66.3,75.0,11392.0,5394.0,1003.0,18.594734890619208,0.05000000000000426,63.55,36.4,2018-7,1966-4,0,53,34.0,29.0,1,1.0,0.0,0,0,1,0,45.0,嘉兴,3.8066624897703196
四平,吉林省,220300,四平市,124.46916686700001,43.5696006413,0,,2.7486,0.0,1.0,,0,1613303.0,False,True,226.67,3.6732,0.7178,320.0,5.768320995793773,5041.571875,2.87,52.11,45.02,44.12,63.0,7178.0,601.0,18.0,2.9950083194675536,3.5900000000000034,21.89,74.52,2018-3,1965-2,0,54,24.0,34.0,1,1.0,0.0,1,0,1,0,15.0,四平,2.70805020110221
固原,宁夏回族自治区,640400,固原市,106.18294085299999,35.949800976999995,0,,2.9634,0.0,0.0,,0,1176599.0,False,True,114.97,1.972,0.2513,151.0,5.017279836814924,7792.046357615894,12.78,27.41,59.81,30.69,13.0,2513.0,50.0,0.0,0.0,1.840000000000004,13.29,84.87,2017-6,1968-2,0,52,31.0,30.0,2,1.0,0.0,1,0,1,0,5.0,固原,1.6094379124341003
大同,山西省,140200,大同市,113.717310267,39.9028772435,0,,2.1599,0.0,0.0,,0,8866388.0,False,True,222.91,3.0046,0.9464,318.0,5.762051382780178,27881.72327044025,1.47,38.54,60.0,31.47,143.0,9464.0,232.0,16.0,6.896551724137932,0.3299999999999983,50.68,48.99,2016-11,1964-9,0,55,34.0,30.0,3,2.0,1.0,0,0,0,1,12.0,大同,2.4849066497880004
大庆,黑龙江省,230600,大庆市,124.689855219,46.33658105479999,0,,3.362,1.0,1.0,,0,22907157.0,False,True,129.6,9.469,0.9926,273.0,5.609471795184961,83909.0,2.4,62.09,35.51,31.47,113.0,9926.0,419.0,16.0,3.8186157517899764,0.5700000000000003,49.62,49.81,2017-3,1963-11,0,56,33.0,30.0,2,2.0,1.0,1,0,0,1,26.0,大庆,3.258096538021482
大连,辽宁省,210200,大连市,122.217400629,39.603595543400004,1,2020-02-05 00:00:00.000000000,3.5541,0.0,1.0,-12.0,1,53917639.0,False,True,472.4,9.747,2.0301,595.0,6.38856140554563,90617.8806722689,2.93,38.42,58.65,60.3,153.0,20301.0,1683.0,586.0,34.818775995246575,0.5899999999999963,40.49,58.92,2017-4,1968-10,0,51,29.0,29.0,2,1.0,0.0,0,0,1,0,19.0,大连,2.9444389791664403
天水,甘肃省,620500,天水市,105.739951768,34.6501489475,0,,2.9985000000000004,0.0,0.0,,0,3697913.0,False,True,257.06,1.78,0.5045,371.0,5.916202062607435,9967.420485175202,6.3,40.14,53.56,31.0,49.0,5045.0,170.0,2.0,1.1764705882352942,2.3699999999999903,30.18,67.45,2013-9,1963-10,0,56,35.0,34.0,6,1.0,0.0,0,0,1,0,12.0,天水,2.4849066497880004
太原,山西省,140100,太原市,112.314144155,37.9594522291,0,,3.5076,1.0,1.0,,0,31483179.0,False,True,525.19,6.8234,2.1476,369.0,5.910796644040527,85320.26829268293,0.54,36.52,62.93,31.47,175.0,21476.0,376.0,20.0,5.319148936170213,0.1699999999999946,46.95,52.88,2017-6,1963-10,0,56,33.0,33.0,2,2.0,1.0,1,0,1,0,20.0,太原,2.995732273553991
威海,山东省,371000,威海市,121.98210801,37.1186963917,0,,3.2496,0.0,1.0,,0,17730689.0,False,True,439.88,11.422,0.8097,256.0,5.545177444479562,69260.50390625,5.7,47.52,46.77,89.72,50.0,8097.0,1847.0,429.0,23.226854358419057,0.11999999999999035,64.93,34.95,2018-11,1961-11,0,58,39.0,35.0,1,2.0,1.0,1,0,0,1,38.0,威海,3.6375861597263857
娄底,湖南省,431300,娄底市,111.61160971700001,27.7402531312,0,,2.766,0.0,1.0,,0,4601745.0,False,True,551.79,3.6058,0.9548,454.0,6.118097198041347,10136.002202643172,3.86,52.31,43.83,35.3,86.0,9548.0,794.0,10.0,1.2594458438287155,0.5,49.17,50.33,2019-12,1969-9,0,50,29.0,26.0,0,1.0,0.0,0,0,0,1,76.0,娄底,4.330733340286331
孝感,湖北省,420900,孝感市,113.88025339100001,31.119830985,1,2020-01-24 00:00:00.000000000,3.8142,1.0,1.0,0.0,0,3164822.0,False,True,590.35,3.2236,0.8781,519.0,6.251903883165888,6097.922928709057,10.17,46.23,43.59,56.66,56.0,8781.0,1186.0,54.0,4.5531197301854975,1.0500000000000045,54.91,44.04,2017-12,1965-1,0,55,27.0,33.0,2,1.0,0.0,1,0,1,0,3518.0,孝感,8.165647925297504
宁德,福建省,350900,宁德市,119.476599315,26.9729627659,0,,2.0016,0.0,0.0,,0,3906094.0,False,True,259.44,5.6358,0.5455,351.0,5.8607862234658645,11128.472934472937,9.91,51.17,38.92,35.3,44.0,5455.0,1086.0,23.0,2.117863720073665,0.4299999999999997,47.07,52.5,2018-4,1968-1,0,52,28.0,30.0,1,1.0,0.0,1,0,1,0,26.0,宁德,3.258096538021482
宁波,浙江省,330200,宁波市,121.475239799,29.709635305,1,2020-02-04 00:00:00.000000000,4.0208,1.0,1.0,-11.0,1,62826874.0,False,True,598.0,11.0656,2.4268,597.0,6.391917113392602,105237.64489112227,1.5,49.53,48.97,66.3,154.0,24268.0,7500.0,1468.0,19.573333333333334,0.019999999999996014,61.02,38.96,2017-12,1961-11,0,58,34.0,37.0,2,1.0,0.0,0,0,1,0,157.0,宁波,5.056245805348308
安庆,安徽省,340800,安庆市,116.59447983,30.6107539879,0,,3.4231000000000003,0.0,1.0,,0,5138061.0,False,True,403.84,3.3294,0.8638,531.0,6.274762021241939,9676.197740112995,2.72,43.69,53.59,36.14,69.0,8638.0,1716.0,48.0,2.797202797202797,3.910000000000004,40.22,55.87,2016-4,1964-12,0,55,21.0,32.0,3,2.0,1.0,0,1,0,0,83.0,安庆,4.418840607796598
安康,陕西省,610900,安康市,108.92738946600001,32.758972792600005,0,,2.5637,0.0,0.0,,0,2909198.0,False,True,129.59,3.177,0.8577,305.0,5.720311776607412,9538.354098360656,8.5,43.51,47.98,43.47,48.0,8577.0,647.0,3.0,0.4636785162287481,0.1799999999999926,27.71,72.11,2013-3,1963-10,0,56,35.0,37.0,6,1.0,0.0,0,0,0,1,26.0,安康,3.258096538021482
安阳,河南省,410500,安阳市,114.349536275,35.8790364654,0,,3.7219000000000007,0.0,0.0,,0,6166974.0,False,True,839.23,3.9603,1.3263,624.0,6.436150368369428,9882.971153846154,1.18,45.1,53.72,55.64,100.0,13263.0,944.0,16.0,1.6949152542372878,0.12000000000000455,59.76,40.12,2016-5,1962-3,0,57,36.0,37.0,3,2.0,1.0,1,1,0,0,53.0,安阳,3.970291913552122
安顺,贵州省,520400,安顺市,105.951426539,25.9961545901,0,,2.8791,0.0,1.0,,0,4488895.0,False,True,319.41,3.0216,0.3743,301.0,5.7071102647488745,14913.27242524917,12.58,38.83,48.59,35.3,73.0,3743.0,368.0,6.0,1.6304347826086956,0.5499999999999972,35.45,64.0,2019-7,1961-12,0,58,34.0,36.0,0,1.0,0.0,1,0,1,0,4.0,安顺,1.3862943611198906
定西,甘肃省,621100,定西市,104.451531965,35.1205533988,0,,2.537,0.0,0.0,,0,767389.0,False,True,153.5,1.1892,0.4783,303.0,5.713732805509371,2532.636963696369,12.69,29.63,57.68,31.0,47.0,4783.0,153.0,1.0,0.6535947712418301,0.8200000000000074,24.3,74.88,2017-5,1963-6,0,56,25.0,36.0,2,1.0,0.0,0,1,0,0,9.0,定西,2.1972245773362196
宜宾,四川省,511500,宜宾市,104.635322691,28.571729646199998,1,2020-02-06 00:00:00.000000000,2.5501,0.0,1.0,-10.0,0,7516818.0,False,True,415.94,3.6735,0.9022,555.0,6.3189681137464335,13543.816216216215,6.34,51.06,42.6,66.1,172.0,9022.0,692.0,9.0,1.300578034682081,0.5600000000000023,48.21,51.23,2016-6,1962-11,0,57,37.0,24.0,3,1.0,0.0,1,0,1,0,12.0,宜宾,2.4849066497880004
宜昌,湖北省,420500,宜昌市,111.136046112,30.748986850300003,1,2020-01-24 00:00:00.000000000,3.7625,1.0,1.0,0.0,0,16525000.0,False,True,187.47,8.9978,1.0919,392.0,5.971261839790463,42155.612244897966,4.76,55.96,39.28,56.66,91.0,10919.0,1169.0,54.0,4.619332763045338,0.37999999999999545,53.95,45.67,2017-1,1964-5,0,55,31.0,35.0,3,2.0,1.0,1,0,1,0,931.0,宜昌,6.836259277277067
宜春,江西省,360900,宜春市,114.97313992299999,28.3076895146,1,2020-02-06 00:00:00.000000000,4.4211,1.0,1.0,-12.0,0,2850981.0,False,True,319.78,3.2269,0.8102,602.0,6.400257445308821,4735.848837209303,11.09,37.67,51.24,32.02,40.0,8102.0,1542.0,78.0,5.058365758754863,0.7899999999999991,50.18,49.03,2017-6,1962-2,0,57,34.0,37.0,2,1.0,0.0,1,1,0,0,106.0,宜春,4.663439094112067
宝鸡,陕西省,610300,宝鸡市,107.201996492,34.3790969077,0,,3.0207999999999995,0.0,0.0,,0,10803650.0,False,True,211.98,5.1262,0.9858,381.0,5.942799375126701,28356.036745406826,3.06,66.26,30.68,43.47,105.0,9858.0,730.0,15.0,2.054794520547945,0.6099999999999994,50.46,48.93,2017-6,1965-8,0,54,33.0,33.0,2,1.0,0.0,1,0,1,0,13.0,宝鸡,2.5649493574615367
宣城,安徽省,341800,宣城市,118.85656348100001,30.691059116599998,0,,2.8152000000000004,0.0,1.0,,0,3238217.0,False,True,227.4,4.074,0.5344,280.0,5.634789603169249,11565.060714285713,11.7,40.49,47.81,36.14,46.0,5344.0,1439.0,46.0,3.1966643502432244,1.1300000000000026,39.32,59.55,2018-7,1962-11,0,57,37.0,38.0,1,1.0,0.0,1,0,1,0,6.0,宣城,1.791759469228055
宿州,安徽省,341300,宿州市,117.208149689,33.8609004462,0,,3.5980000000000003,1.0,1.0,,0,6442018.0,False,True,653.99,2.427,0.9221,656.0,6.4861607889440895,9820.149390243903,10.16,38.42,51.42,36.14,81.0,9221.0,1272.0,29.0,2.279874213836478,35.63720499999999,29.188078000000004,35.174717,2016-12,1963-11,0,56,30.0,37.0,3,1.0,0.0,1,0,1,0,41.0,宿州,3.713572066704308
宿迁,江苏省,321300,宿迁市,118.51894471600001,33.7851847756,0,,3.0016,0.0,1.0,,0,9464340.0,False,True,687.47,4.8311,1.15,591.0,6.3818160174060985,16014.111675126904,7.33,49.5,43.18,39.66,232.0,11500.0,1747.0,106.0,6.067544361763022,0.10999999999999943,61.6,38.29,2018-4,1964-2,0,56,32.0,35.0,1,1.0,0.0,1,0,1,0,13.0,宿迁,2.5649493574615367
岳阳,湖南省,430600,岳阳市,113.254138466,29.065210257199997,0,,3.503,0.0,1.0,,0,13125986.0,False,True,379.59,5.4832,1.5306,567.0,6.3403593037277535,23149.88712522046,3.23,38.93,57.84,35.3,242.0,15306.0,1188.0,39.0,3.282828282828284,1.8500000000000008,41.74,56.41,2019-12,1962-1,0,58,26.0,32.0,0,1.0,0.0,0,0,1,0,156.0,岳阳,5.049856007249537
巴中,四川省,511900,巴中市,107.038377855,32.016381578899995,0,,2.3273,0.0,1.0,,0,2169990.0,False,True,309.12,1.6415,0.6607,376.0,5.929589143389895,5771.25,14.46,43.56,41.97,66.1,75.0,6607.0,290.0,2.0,0.6896551724137931,0.490000000000002,54.47,45.04,2017-6,1967-10,0,52,26.0,29.0,2,2.0,1.0,1,0,0,1,24.0,巴中,3.1780538303479458
巴彦淖尔,内蒙古自治区,150800,巴彦淖尔市,107.58211787799999,41.4511445641,1,2020-02-13 00:00:00.000000000,3.9708,0.0,1.0,-15.0,0,2421916.0,False,True,26.4,5.4479999999999995,0.4956,174.0,5.159055299214528,13919.057471264368,17.47,35.6,46.93,35.79,53.0,4956.0,223.0,11.0,4.932735426008969,12.399999999999993,16.12,71.48,2017-5,1968-10,0,51,26.0,33.0,2,1.0,0.0,1,0,1,0,8.0,巴彦淖尔,2.0794415416798357
常州,江苏省,320400,常州市,119.637619427,31.6271800585,1,2020-02-04 00:00:00.000000000,4.0137,0.0,1.0,-10.0,0,57722100.0,False,True,848.58,12.2721,1.31,379.0,5.937536205082426,152301.05540897098,1.84,46.36,51.8,39.66,67.0,13100.0,4240.0,743.0,17.523584905660385,0.11999999999999746,60.38,39.5,2019-12,1967-9,0,52,27.0,30.0,0,1.0,0.0,0,0,0,1,51.0,常州,3.9318256327243257
常德,湖南省,430700,常德市,111.52258992799999,29.2986716258,0,,3.4449,0.0,0.0,,0,16105239.0,False,True,322.05,5.0543,1.5367,606.0,6.406879986069312,26576.30198019802,3.79,47.57,48.63,35.3,85.0,15367.0,1165.0,39.0,3.3476394849785414,0.12999999999999545,42.34,57.53,2017-7,1966-2,0,53,28.0,30.0,2,1.0,0.0,1,0,1,0,82.0,常德,4.406719247264253
平凉,甘肃省,620800,平凉市,106.651098409,35.3065458464,0,,2.6484,0.0,0.0,,0,1286773.0,False,True,208.59,1.7486,0.4594,234.0,5.455321115357702,5499.029914529915,6.66,23.72,69.62,31.0,149.0,4594.0,66.0,0.0,0.0,1.7800000000000011,37.67,60.55,2017-5,1962-8,0,57,33.0,36.0,2,2.0,1.0,1,0,0,1,9.0,平凉,2.1972245773362196
平顶山,河南省,410400,平顶山市,113.01293501299999,33.7974110082,0,,3.46,1.0,1.0,,0,5649429.0,False,True,713.02,3.6708,1.1355,567.0,6.3403593037277535,9963.719576719577,1.03,51.9,47.07,55.64,87.0,11355.0,885.0,22.0,2.485875706214689,0.0799999999999983,54.64,45.28,2017-12,1962-6,0,57,29.0,36.0,2,1.0,0.0,1,0,1,0,58.0,平顶山,4.060443010546419
广元,四川省,510800,广元市,105.77977111,32.2608710003,0,,1.7621999999999995,0.0,1.0,,0,3440379.0,False,True,186.99,2.5072,0.5886,303.0,5.713732805509371,11354.38613861386,8.82,51.34,39.84,66.1,73.0,5886.0,465.0,6.0,1.2903225806451613,0.2599999999999909,28.73,71.01,2016-2,1963-10,0,56,34.0,33.0,4,1.0,0.0,1,0,0,1,6.0,广元,1.791759469228055
广安,四川省,511600,广安市,106.663272858,30.4248802358,0,,3.0003,0.0,1.0,,0,3485615.0,False,True,736.48,3.313,0.3952,465.0,6.142037405587356,7495.946236559141,11.45,44.92,43.63,66.1,67.0,3952.0,509.0,11.0,2.161100196463654,1.029999999999994,53.63,45.34,2018-7,1963-11,0,56,33.0,32.0,1,1.0,0.0,0,0,0,1,30.0,广安,3.4011973816621555
广州,广东省,440100,广州市,113.536045895,23.354201314,1,2020-02-07 00:00:00.000000000,3.2774,0.0,1.0,-14.0,1,215031516.0,False,True,1148.78,14.1933,4.9747,898.0,6.8001700683022,239456.0311804009,1.09,27.97,70.94,182.12,243.0,49747.0,4664.0,1389.0,29.78130360205832,0.060000000000002274,32.6,67.34,2018-7,1965-8,0,54,35.0,31.0,1,2.0,1.0,0,0,0,1,346.0,广州,5.846438775057725
庆阳,甘肃省,621000,庆阳市,107.591449805,36.1660478362,0,,2.5464,0.0,0.0,,0,2029988.0,False,True,98.45,2.6734,0.4149,270.0,5.598421958998375,7518.4740740740735,2.82,51.88,45.3,31.0,28.0,4149.0,107.0,1.0,0.9345794392523364,0.23000000000000398,33.05,66.72,2016-10,1963-4,0,56,31.0,31.0,3,2.0,1.0,1,0,1,0,3.0,庆阳,1.0986122886681098
廊坊,河北省,131000,廊坊市,116.627916731,39.2588292315,0,,3.1126,1.0,1.0,,0,8648469.0,False,True,722.34,5.8972,1.1877,474.0,6.161207321695078,18245.71518987342,2.18,38.63,59.19,31.22,153.0,11877.0,1180.0,149.0,12.627118644067798,0.5500000000000043,45.01,54.44,2016-6,1965-9,0,54,35.0,34.0,3,1.0,0.0,1,0,1,0,30.0,廊坊,3.4011973816621555
延安,陕西省,610600,延安市,109.31803444799999,36.439333163899995,0,,2.6285000000000003,0.0,0.0,,0,3825290.0,False,True,63.73,4.83,0.5266,238.0,5.472270673671473,16072.64705882353,5.56,43.17,51.27,43.47,63.0,5266.0,171.0,3.0,1.7543859649122806,0.7299999999999969,41.68,57.59,2015-6,1962-4,0,57,35.0,35.0,4,1.0,0.0,1,0,1,0,8.0,延安,2.0794415416798357
开封,河南省,410200,开封市,114.534932217,34.6086508852,0,,3.4177,1.0,1.0,,0,6887402.0,False,True,859.71,3.8619,1.128,559.0,6.326149473155099,12320.93381037567,9.83,34.99,55.18,55.64,105.0,11280.0,1347.0,32.0,2.3756495916852263,0.12999999999999545,54.17,45.7,2017-12,1967-1,1,53,32.0,29.0,2,1.0,0.0,1,0,1,0,26.0,开封,3.258096538021482
张家口,河北省,130700,张家口市,115.030068715,40.864977993400004,0,,2.5633,0.0,1.0,,0,7093733.0,False,True,127.46,3.3142,0.9401,465.0,6.142037405587356,15255.339784946236,7.01,38.92,54.07,31.22,100.0,9401.0,446.0,31.0,6.95067264573991,0.5500000000000114,21.88,77.57,2017-2,1961-7,0,58,37.0,39.0,2,1.0,0.0,1,0,0,1,41.0,张家口,3.713572066704308
张家界,湖南省,430800,张家界市,110.529433773,29.3919359894,0,,3.3811,0.0,1.0,,0,2796735.0,False,True,178.65,3.23,0.3207,170.0,5.135798437050261,16451.382352941182,7.0,15.71,77.29,35.3,30.0,3207.0,213.0,5.0,2.3474178403755865,0.4200000000000017,22.07,77.51,2016-12,1964-9,0,55,35.0,35.0,3,1.0,0.0,1,1,0,0,5.0,张家界,1.6094379124341003
张掖,甘肃省,620700,张掖市,99.8944478075,38.9197338759,0,,3.0239,0.0,0.0,,0,1646975.0,False,True,31.01,3.2729,0.3308,131.0,4.875197323201151,12572.32824427481,14.69,23.36,61.95,31.0,53.0,3308.0,224.0,4.0,1.7857142857142856,2.3500000000000085,25.85,71.8,2017-5,1962-9,0,57,35.0,31.0,2,1.0,0.0,1,0,1,0,2.0,张掖,0.6931471805599453
徐州,江苏省,320300,徐州市,117.512025748,34.3595362374,1,2020-02-04 00:00:00.000000000,3.4318,1.0,1.0,-8.0,0,33978846.0,False,True,874.63,6.6845,2.29,1039.0,6.946013991099227,32703.412897016362,3.54,43.2,53.26,39.66,135.0,22900.0,2412.0,157.0,6.509121061359867,1.3500000000000014,55.42,43.23,2018-4,1962-11,0,57,35.0,34.0,1,1.0,0.0,1,1,0,0,79.0,徐州,4.3694478524670215
德州,山东省,371400,德州市,116.64685205,37.2449858416,0,,3.3959,1.0,1.0,,0,8957000.0,False,True,566.71,5.0856,1.301,595.0,6.38856140554563,15053.781512605045,4.77,49.7,45.53,89.72,104.0,13010.0,3047.0,84.0,2.756809977026584,0.14000000000000054,45.5,54.36,2019-12,1967-2,0,53,26.0,32.0,0,1.0,0.0,0,0,1,0,37.0,德州,3.6109179126442243
德阳,四川省,510600,德阳市,104.429361052,31.1340846039,0,,2.5039,0.0,1.0,,0,6709721.0,False,True,659.79,4.9835,0.8953,388.0,5.961005339623274,17293.095360824744,7.95,49.48,42.57,66.1,85.0,8953.0,1374.0,40.0,2.9112081513828234,0.060000000000002274,49.8,50.14,2019-12,1970-2,0,49,20.0,27.0,0,1.0,0.0,0,0,1,0,18.0,德阳,2.8903717578961645
忻州,山西省,140900,忻州市,112.408319955,38.8824936107,0,,2.5655,1.0,1.0,,0,1383021.0,False,True,122.06,2.2747,0.5923,308.0,5.730099782973574,4490.327922077921,7.38,31.45,61.18,31.47,112.0,5923.0,349.0,3.0,0.8595988538681949,0.9600000000000078,27.04,72.0,2015-8,1964-4,0,55,39.0,42.0,4,1.0,0.0,1,0,1,0,7.0,忻州,1.9459101490553132
怀化,湖南省,431200,怀化市,110.074011126,27.546820293400003,0,,2.6524,0.0,1.0,,0,3456184.0,False,True,186.63,2.8515,1.1607,522.0,6.257667587882639,6621.0421455938695,2.63,19.88,77.49,35.3,398.0,11607.0,630.0,14.0,2.2222222222222223,0.4500000000000029,21.06,78.49,2014-6,1963-1,0,57,36.0,35.0,5,1.0,0.0,1,0,0,1,40.0,怀化,3.6888794541139363
惠州,广东省,441300,惠州市,114.496789596,23.245085468800003,0,,2.4325,0.0,1.0,,0,24079290.0,False,True,314.65,7.1605,1.2582,369.0,5.910796644040527,65255.52845528456,1.84,56.85,41.31,182.12,72.0,12582.0,2366.0,897.0,37.912087912087905,0.10999999999999588,69.9,29.99,2018-6,1965-11,0,54,31.0,31.0,1,1.0,0.0,0,0,0,1,62.0,惠州,4.127134385045092
成都,四川省,510100,成都市,103.84542987,30.6654390504,0,,3.4864,0.0,1.0,,1,110100047.0,False,True,1013.12,7.696000000000001,5.8159,1435.0,7.268920128193723,76724.77142857143,1.52,43.92,54.56,66.1,888.0,58159.0,3631.0,313.0,8.620214816854862,0.6300000000000097,34.01,65.36,2017-3,1966-4,0,53,34.0,35.0,2,1.0,0.0,0,0,1,0,143.0,成都,4.962844630259907
扬州,江苏省,321000,扬州市,119.471468626,32.7386482351,1,2020-02-05 00:00:00.000000000,3.2338,0.0,1.0,-12.0,0,32484000.0,False,True,699.44,9.9151,1.09,460.0,6.131226489483143,70617.39130434782,2.95,47.92,49.13,39.66,69.0,10900.0,2858.0,350.0,12.246326102169347,0.039999999999992035,74.04,25.92,2019-12,1965-5,0,54,31.0,34.0,0,1.0,0.0,1,0,1,0,23.0,扬州,3.1354942159291497
承德,河北省,130800,承德市,117.545588669,41.3437081043,0,,2.439,0.0,1.0,,0,4045897.0,False,True,96.73,4.0741,0.9732,380.0,5.940171252720432,10647.097368421053,1.0,45.97,53.03,31.22,79.0,9732.0,432.0,11.0,2.5462962962962963,1.1300000000000097,23.91,74.96,2015-10,1963-11,0,56,35.0,35.0,4,1.0,0.0,1,0,1,0,7.0,承德,1.9459101490553132
抚州,江西省,361000,抚州市,116.433278863,27.510174418800002,1,2020-02-06 00:00:00.000000000,3.6611,1.0,1.0,-13.0,0,3966520.0,False,True,212.25,3.0259,0.5528,431.0,6.0661080901037465,9203.0626450116,11.55,46.5,41.95,32.02,48.0,5528.0,994.0,47.0,4.7283702213279675,0.730000000000004,51.33,47.94,2015-4,1962-5,0,57,35.0,38.0,4,1.0,0.0,1,0,1,0,72.0,抚州,4.276666119016055
拉萨,西藏自治区,540100,拉萨市,91.10756302540001,30.0342985127,0,,2.1883,0.0,0.0,,0,2878800.0,False,True,17.96,6.4804,0.2552,54.0,3.9889840465642745,53311.111111111124,1.64,33.09,65.28,35.26,28.0,2552.0,76.0,3.0,3.947368421052632,32.49999999999999,16.62,50.88,2017-1,1967-2,0,53,28.0,32.0,3,1.0,0.0,1,0,1,0,1.0,拉萨,0.0
揭阳,广东省,445200,揭阳市,116.11655183200001,23.3377429877,0,,1.1284999999999994,0.0,0.0,,0,9403706.0,False,True,1339.69,3.3027,1.0172,703.0,6.555356891810665,13376.537695590327,4.74,59.77,35.49,182.12,50.0,10172.0,1956.0,160.0,8.1799591002045,0.4899999999999949,54.34,45.17,2019-5,1967-12,0,52,35.0,35.0,0,1.0,0.0,0,0,1,0,8.0,揭阳,2.0794415416798357
攀枝花,四川省,510400,攀枝花市,101.731355994,26.806554228699998,0,,2.4159,0.0,0.0,,0,8425681.0,False,True,149.98,8.2221,0.3966,109.0,4.6913478822291435,77299.8256880734,1.48,65.1,33.42,66.1,24.0,3966.0,324.0,6.0,1.8518518518518519,1.1199999999999974,52.43,46.45,2018-7,1963-8,0,56,34.0,38.0,1,1.0,0.0,0,0,1,0,16.0,攀枝花,2.772588722239781
新乡,河南省,410700,新乡市,114.090987425,35.2671333059,0,,3.5783000000000005,0.0,1.0,,0,8005138.0,False,True,735.06,3.7805,1.4298,647.0,6.472346294500903,12372.701700154561,0.93,42.89,56.17,55.64,115.0,14298.0,1240.0,50.0,4.032258064516129,0.07000000000000027,60.65,39.28,2017-2,1963-5,0,56,35.0,37.0,2,1.0,0.0,1,0,1,0,57.0,新乡,4.04305126783455
新余,江西省,360500,新余市,114.851113274,27.8472282167,1,2020-02-06 00:00:00.000000000,4.1467,1.0,1.0,-13.0,0,7565744.0,False,True,390.18,8.8548,0.4201,122.0,4.804021044733257,62014.295081967226,4.64,52.82,42.54,32.02,14.0,4201.0,369.0,17.0,4.607046070460704,0.2600000000000051,62.05,37.69,2016-9,1968-1,0,52,31.0,30.0,3,1.0,0.0,0,0,1,0,130.0,新余,4.867534450455582
无锡,江苏省,320200,无锡市,120.075973783,31.5267019879,1,2020-02-03 00:00:00.000000000,3.8651,0.0,1.0,-10.0,0,54652800.0,False,True,1039.55,14.1258,1.9609999999999999,493.0,6.200509174042691,110857.6064908722,0.81,41.33,57.86,39.66,166.0,19610.0,5258.0,1179.0,22.42297451502473,0.060000000000002274,64.25,35.69,2019-12,1962-10,0,57,33.0,40.0,0,1.0,0.0,0,0,1,0,55.0,无锡,4.007333185232471
日照,山东省,371100,日照市,119.133612499,35.5845070179,1,2020-02-05 00:00:00.000000000,2.4207000000000005,0.0,1.0,-12.0,0,14150500.0,False,True,552.34,6.2357,0.62,304.0,5.717027701406223,46547.69736842105,5.66,50.06,44.28,89.72,53.0,6200.0,735.0,74.0,10.068027210884352,0.1700000000000017,49.48,50.35,2019-12,1967-4,1,52,31.0,30.0,0,2.0,1.0,1,0,1,0,16.0,日照,2.772588722239781
昆明,云南省,530100,昆明市,102.87508741399999,25.3871081064,1,2020-02-05 00:00:00.000000000,2.8729000000000005,0.0,1.0,-12.0,0,38896946.0,False,True,301.86,6.4156,2.7317,563.0,6.333279628139692,69088.71403197157,1.34,38.71,59.95,30.69,308.0,27317.0,990.0,77.0,7.777777777777778,0.240000000000002,41.05,58.71,2015-7,1961-12,0,58,37.0,36.0,4,2.0,1.0,0,0,0,1,53.0,昆明,3.970291913552122
昭通,云南省,530600,昭通市,104.000965785,27.6532096423,0,,1.8989000000000005,0.0,1.0,,0,2558688.0,False,True,266.93,1.4040000000000001,0.7676,619.0,6.428105272684598,4133.583198707593,11.13,49.28,39.59,30.69,297.0,7676.0,130.0,5.0,3.8461538461538463,0.6700000000000017,23.83,75.5,2017-3,1964-6,0,55,28.0,37.0,2,1.0,0.0,1,0,1,0,25.0,昭通,3.2188758248682006
晋中,山西省,140700,晋中市,112.963001048,37.3274166452,0,,2.6614000000000004,0.0,0.0,,0,2698240.0,False,True,201.32,3.2646,0.7129,332.0,5.805134968916487,8127.22891566265,7.95,31.95,60.09,31.47,106.0,7129.0,567.0,24.0,4.232804232804233,0.3200000000000003,39.96,59.72,2019-4,1963-2,0,57,31.0,36.0,0,2.0,1.0,1,0,1,0,37.0,晋中,3.6109179126442243
晋城,山西省,140500,晋城市,112.70506013,35.6104041708,0,,3.6371,1.0,1.0,,0,2681085.0,False,True,232.36,4.5271,0.573,221.0,5.3981627015177525,12131.606334841628,0.26,30.34,69.4,31.47,83.0,5730.0,259.0,15.0,5.791505791505793,0.37999999999999545,61.67,37.95,2017-12,1964-9,0,55,22.0,37.0,2,2.0,1.0,0,0,0,1,10.0,晋城,2.302585092994046
普洱,云南省,530800,普洱市,100.721925991,23.1881429725,0,,1.9621,0.0,1.0,,0,1477545.0,False,True,55.08,2.1685,0.4215,253.0,5.53338948872752,5840.098814229249,9.76,39.75,50.49,30.69,43.0,4215.0,159.0,7.0,4.402515723270441,0.8200000000000003,36.89,62.29,2013-2,1964-4,0,55,35.0,32.0,6,1.0,0.0,1,0,1,0,4.0,普洱,1.3862943611198906
景德镇,江西省,360200,景德镇市,117.26946354799999,29.307977913600002,1,2020-02-04 00:00:00.000000000,3.388,1.0,1.0,-10.0,0,3854290.0,False,True,317.43,5.0989,0.3147,169.0,5.1298987149230735,22806.44970414201,1.4,44.54,54.06,32.02,31.0,3147.0,327.0,21.0,6.422018348623854,3.1899999999999977,45.92,50.89,2015-8,1963-6,0,56,34.0,37.0,4,1.0,0.0,1,0,1,0,6.0,景德镇,1.791759469228055
曲靖,云南省,530300,曲靖市,103.937556846,25.7040717091,0,,1.7307000000000006,0.0,1.0,,0,8096320.0,False,True,224.18,2.9266,0.9345,661.0,6.493753839851687,12248.5930408472,7.93,47.4,44.67,30.69,113.0,9345.0,638.0,10.0,1.5673981191222568,0.240000000000002,54.03,45.73,2015-10,1962-10,0,57,35.0,35.0,4,1.0,0.0,1,0,1,0,13.0,曲靖,2.5649493574615367
朔州,山西省,140600,朔州市,112.64374205799999,39.6175975691,0,,2.6028999999999995,0.0,0.0,,0,4583205.0,False,True,152.47,5.2010000000000005,0.2884,164.0,5.0998664278242005,27946.37195121952,3.39,37.42,59.19,31.47,63.0,2884.0,238.0,6.0,2.5210084033613445,0.509999999999998,42.02,57.47,2018-1,1963-8,0,56,35.0,36.0,2,1.0,0.0,1,0,0,1,8.0,朔州,2.0794415416798357
朝阳,辽宁省,211300,朝阳市,120.01174303799999,41.510894547,1,2020-02-05 00:00:00.000000000,2.3612,0.0,1.0,-12.0,0,1936827.0,False,True,173.11,2.4285,0.7464,336.0,5.817111159963202,5764.366071428572,7.47,30.65,61.88,60.3,80.0,7464.0,248.0,17.0,6.854838709677418,0.5,25.5,74.0,2014-3,1964-5,0,55,34.0,31.0,5,1.0,0.0,1,0,0,1,6.0,朝阳,1.791759469228055
本溪,辽宁省,210500,本溪市,124.565151032,41.228696323899996,1,2020-02-05 00:00:00.000000000,3.0575,1.0,1.0,-11.0,0,5590042.0,False,True,179.53,4.4745,0.3966,148.0,4.997212273764115,37770.554054054046,3.23,47.92,48.85,60.3,42.0,3966.0,179.0,22.0,12.290502793296087,0.35999999999999943,50.19,49.45,2018-8,1965-10,0,54,33.0,31.0,1,1.0,0.0,1,0,1,0,3.0,本溪,1.0986122886681098
来宾,广西壮族自治区,451300,来宾市,109.40168002200001,23.8475571416,0,,2.8262,1.0,1.0,,0,2936789.0,False,True,198.34,2.6885,0.3772,268.0,5.5909869805108565,10958.16791044776,22.33,34.75,42.91,37.35,21.0,3772.0,227.0,10.0,4.405286343612334,7.219999999999999,24.93,67.85,2016-5,1965-8,0,54,24.0,29.0,3,2.0,1.0,1,0,1,0,11.0,来宾,2.3978952727983707
杭州,浙江省,330100,杭州市,119.487609641,29.904719795100004,1,2020-02-04 00:00:00.000000000,4.110099999999999,1.0,1.0,-11.0,1,116214609.0,False,True,436.25,12.4286,4.1833,754.0,6.625392368007955,154130.78116710874,1.85,33.61,64.54,66.3,302.0,41833.0,5533.0,850.0,15.36237122718236,0.03999999999999915,48.28,51.68,2018-5,1967-9,0,52,27.0,34.0,1,1.0,0.0,1,0,1,0,169.0,杭州,5.1298987149230735
松原,吉林省,220700,松原市,124.47815457899999,44.799403768599994,0,,2.5755,1.0,1.0,,0,3913200.0,False,True,131.82,5.9413,0.5681,275.0,5.6167710976665735,14229.818181818182,2.64,43.61,53.75,44.12,51.0,5681.0,591.0,9.0,1.5228426395939088,7.8799999999999955,42.2,49.92,2019-4,1968-11,0,51,29.0,30.0,0,1.0,0.0,1,0,1,0,2.0,松原,0.6931471805599453
枣庄,山东省,370400,枣庄市,117.308971282,35.0333942977,1,2020-02-04 00:00:00.000000000,3.3465000000000003,1.0,1.0,-8.0,0,11571249.0,False,True,893.95,5.4984,0.9536,418.0,6.035481432524756,27682.413875598086,6.82,53.27,39.91,89.72,78.0,9536.0,1264.0,54.0,4.272151898734177,0.10000000000000142,56.24,43.66,2018-9,1961-1,0,59,34.0,42.0,1,1.0,0.0,1,0,1,0,24.0,枣庄,3.1780538303479458
柳州,广西壮族自治区,450200,柳州市,109.37911636700001,24.9389639498,0,,2.5202,1.0,1.0,,0,22256613.0,False,True,205.41,6.2855,1.033,387.0,5.958424693029783,57510.62790697674,2.52,57.5,39.98,37.35,65.0,10330.0,835.0,36.0,4.311377245508982,0.6899999999999977,56.85,42.46,2013-1,1959-10,0,60,31.0,42.0,7,1.0,0.0,0,0,1,0,24.0,柳州,3.1780538303479458
株洲,湖南省,430200,株洲市,113.518028625,27.1186731411,0,,2.8731,0.0,1.0,,0,11740538.0,False,True,357.52,6.2081,1.062,403.0,5.998936561946683,29132.848635235732,2.02,45.01,52.97,35.3,190.0,10620.0,1658.0,45.0,2.714113389626055,0.3500000000000014,54.9,44.75,2016-4,1962-9,0,57,28.0,36.0,3,2.0,1.0,1,0,0,1,80.0,株洲,4.382026634673881
桂林,广西壮族自治区,450300,桂林市,110.51207435100001,25.3534184282,0,,2.7381999999999995,1.0,1.0,,0,8119388.0,False,True,190.23,4.1216,1.1614,534.0,6.280395838960196,15204.846441947566,6.25,34.08,59.67,37.35,66.0,11614.0,646.0,30.0,4.643962848297214,1.0499999999999972,36.93,62.02,2013-1,1960-1,0,60,36.0,37.0,7,1.0,0.0,0,0,1,0,32.0,桂林,3.4657359027997265
梅州,广东省,441400,梅州市,116.07872349,24.2020204278,0,,2.1797,0.0,1.0,,0,4191338.0,False,True,343.89,2.4032,0.9548,550.0,6.309918278226516,7620.614545454546,12.62,42.88,44.5,182.12,42.0,9548.0,461.0,49.0,10.629067245119305,0.12000000000000455,37.48,62.4,2018-9,1965-12,0,54,34.0,28.0,1,2.0,1.0,0,0,0,1,16.0,梅州,2.772588722239781
梧州,广西壮族自治区,450400,梧州市,110.99179576600001,23.4811968469,0,,2.8464,1.0,1.0,,0,6247607.0,False,True,273.28,3.9072,0.5945,349.0,5.855071922202427,17901.452722063037,2.84,56.68,40.48,37.35,37.0,5945.0,399.0,49.0,12.280701754385964,0.3400000000000034,43.11,56.55,2018-2,1964-3,0,55,36.0,35.0,1,1.0,0.0,1,0,1,0,5.0,梧州,1.6094379124341003
榆林,陕西省,610800,榆林市,109.564304171,38.0392705269,0,,2.5581000000000005,0.0,1.0,,0,6984704.0,False,True,86.41,8.1764,0.7390000000000001,385.0,5.9532433342877855,18142.088311688312,4.14,58.87,36.99,43.47,109.0,7390.0,839.0,8.0,0.9535160905840284,0.9600000000000009,41.16,57.88,2017-4,1960-11,0,59,33.0,37.0,2,2.0,1.0,1,1,0,0,3.0,榆林,1.0986122886681098
武汉,湖北省,420100,武汉市,114.338463062,30.6262433177,1,2020-01-23 00:00:00.000000000,4.1208,1.0,1.0,1.0,1,134103400.0,False,True,967.44,11.1469,3.6266,854.0,6.74993119378857,157029.74238875878,3.04,43.71,53.25,56.66,354.0,36266.0,2633.0,334.0,12.685150018989749,0.14000000000000054,47.19,52.67,2018-3,1963-11,0,56,34.0,33.0,1,2.0,1.0,0,0,1,0,48557.0,武汉,10.790493644582789
毕节,贵州省,520500,毕节市,105.214396015,27.068179646199997,0,,1.8021000000000005,1.0,1.0,,0,3721144.0,False,True,336.7,2.4544,1.1505,923.0,6.827629234502852,4031.5752979414947,17.7,31.81,50.5,35.3,509.0,11505.0,549.0,7.0,1.275045537340619,0.35999999999999943,18.37,81.27,2016-11,1960-6,0,59,34.0,37.0,3,1.0,0.0,0,0,1,0,23.0,毕节,3.1354942159291497
永州,湖南省,431100,永州市,111.76978422,25.6929026324,0,,3.9996,0.0,1.0,,0,4708548.0,False,True,285.27,2.8744,1.2477,642.0,6.464588303689961,7334.186915887852,13.33,39.58,47.1,35.3,128.0,12477.0,955.0,57.0,5.9685863874345575,0.8900000000000006,33.72,65.39,2019-2,1968-8,0,51,32.0,28.0,0,1.0,0.0,1,0,0,1,44.0,永州,3.784189633918261
汉中,陕西省,610700,汉中市,107.10320772700001,33.0885551058,0,,2.5337000000000005,0.0,1.0,,0,4798198.0,False,True,141.31,3.3597,0.6990000000000001,382.0,5.945420608606575,12560.7277486911,8.99,50.42,40.58,43.47,80.0,6990.0,586.0,10.0,1.706484641638225,0.4599999999999938,34.99,64.55,2017-1,1963-7,0,56,35.0,36.0,3,1.0,0.0,1,0,1,0,26.0,汉中,3.258096538021482
汕头,广东省,440500,汕头市,116.55566072200001,23.330601850100003,0,,1.7697999999999998,0.0,0.0,,0,23315759.0,False,True,2501.14,3.739,0.9741,565.0,6.336825731146441,41266.830088495575,4.44,50.4,45.16,182.12,44.0,9741.0,1988.0,215.0,10.814889336016094,0.09000000000000341,58.4,41.51,2019-5,1965-11,0,54,28.0,35.0,0,2.0,1.0,0,0,0,1,25.0,汕头,3.2188758248682006
汕尾,广东省,441500,汕尾市,115.531748889,23.015272652600004,0,,1.6223999999999998,0.0,1.0,,0,2241362.0,False,True,737.92,2.7351,0.5153,363.0,5.8944028342648505,6174.550964187328,12.57,44.83,42.6,182.12,33.0,5153.0,237.0,57.0,24.050632911392412,0.6000000000000014,53.73,45.67,2020-1,1975-11,0,44,23.0,23.0,0,2.0,1.0,0,1,0,0,5.0,汕尾,1.6094379124341003
江门,广东省,440700,江门市,112.66938168,22.2812320062,0,,2.8623,1.0,1.0,,0,14192763.0,False,True,411.36,5.3374,0.9859,396.0,5.9814142112544815,35840.31060606061,3.39,49.77,46.83,182.12,44.0,9859.0,2112.0,696.0,32.95454545454545,0.10000000000000142,57.62,42.28,2016-6,1963-1,0,57,34.0,38.0,3,1.0,0.0,1,0,1,0,23.0,江门,3.1354942159291497
池州,安徽省,341700,池州市,117.367131355,30.2837565511,0,,2.6714,0.0,1.0,,0,3508409.0,False,True,192.88,4.0919,0.2932,162.0,5.087596335232384,21656.845679012345,8.73,49.57,41.7,36.14,30.0,2932.0,580.0,17.0,2.931034482758621,0.6799999999999997,36.82,62.5,2017-3,1970-5,1,49,24.0,29.0,2,2.0,1.0,1,0,0,1,17.0,池州,2.833213344056216
沈阳,辽宁省,210100,沈阳市,123.13752026899999,42.0959169631,1,2020-02-05 00:00:00.000000000,3.5595000000000003,0.0,1.0,-12.0,1,51481026.0,False,True,567.65,6.6893,2.8193,737.0,6.602587892189336,69852.13839891453,2.32,39.2,58.48,60.3,274.0,28193.0,1379.0,270.0,19.5794053662074,0.21000000000000085,39.53,60.26,2018-11,1961-7,0,58,34.0,37.0,1,2.0,1.0,0,1,0,0,28.0,沈阳,3.332204510175204
沧州,河北省,130900,沧州市,116.75107221299999,38.2657617921,1,2020-02-09 00:00:00.000000000,3.3366000000000007,0.0,1.0,-16.0,0,8667928.0,False,True,551.48,4.7425,1.9233,778.0,6.656726524178391,11141.295629820052,1.22,50.01,48.77,31.22,154.0,19233.0,2417.0,96.0,3.971865949524204,1.3300000000000125,25.07,73.6,2016-11,1965-7,0,54,35.0,30.0,3,2.0,1.0,1,0,0,1,48.0,沧州,3.871201010907891
河池,广西壮族自治区,451200,河池市,107.840063363,24.6447476102,0,,2.5165,1.0,1.0,,0,2565998.0,False,True,126.96,1.8842,0.6286,430.0,6.063785208687607,5967.437209302326,22.63,22.91,54.46,37.35,34.0,6286.0,173.0,4.0,2.312138728323699,1.7699999999999958,20.73,77.5,2015-12,1962-9,0,57,34.0,36.0,4,1.0,0.0,0,0,1,0,28.0,河池,3.332204510175204
河源,广东省,441600,河源市,114.957329511,24.042677193899998,0,,1.713,0.0,1.0,,0,3790678.0,False,True,233.81,2.9205,0.5742,373.0,5.921578419643817,10162.675603217158,0.73,54.72,44.55,182.12,52.0,5742.0,602.0,160.0,26.578073089701,0.259999999999998,47.9,51.84,2017-4,1965-1,0,55,35.0,34.0,2,2.0,1.0,0,1,0,0,4.0,河源,1.3862943611198906
泉州,福建省,350500,泉州市,118.255173398,25.211545265,1,2020-02-05 00:00:00.000000000,2.3323,0.0,0.0,-12.0,0,17587544.0,False,True,655.47,7.7784,1.5903,742.0,6.60934924316738,23702.88948787062,0.81,56.14,43.04,35.3,130.0,15903.0,4635.0,1399.0,30.18338727076591,0.2700000000000067,74.1,25.63,2018-3,1963-4,0,56,35.0,35.0,1,1.0,0.0,0,0,1,0,47.0,泉州,3.8501476017100584
泰安,山东省,370900,泰安市,117.034609887,36.0004535938,1,2020-02-05 00:00:00.000000000,3.3706000000000005,1.0,1.0,-8.0,0,11032000.0,False,True,729.19,5.9027,1.3535,571.0,6.3473892096560105,19320.49036777583,6.15,42.7,51.15,89.72,103.0,13535.0,1402.0,56.0,3.9942938659058487,0.3200000000000003,57.14,42.54,2018-5,1961-5,0,58,37.0,34.0,1,1.0,0.0,1,0,1,0,35.0,泰安,3.5553480614894135
泰州,江苏省,321200,泰州市,120.05511375200001,32.5713071429,0,,3.1538,1.0,1.0,,0,19948100.0,False,True,877.83,8.833,1.16,505.0,6.22455842927536,39501.18811881188,3.33,50.51,46.15,39.66,71.0,11600.0,2992.0,309.0,10.327540106951874,0.15000000000000213,77.61,22.24,2019-10,1963-10,0,56,29.0,35.0,0,1.0,0.0,0,0,0,1,37.0,泰州,3.6109179126442243
泸州,四川省,510500,泸州市,105.667410089,28.4401238568,0,,2.7315,1.0,1.0,,0,8407557.0,False,True,413.53,3.4497,0.9237,510.0,6.23441072571837,16485.40588235294,6.35,57.72,35.93,66.1,140.0,9237.0,662.0,16.0,2.416918429003021,0.1600000000000037,42.76,57.08,2018-10,1965-8,0,54,34.0,36.0,1,1.0,0.0,1,0,1,0,24.0,泸州,3.1780538303479458
洛阳,河南省,410300,洛阳市,112.025177363,34.2868088735,0,,3.4553000000000003,0.0,0.0,,0,16555755.0,False,True,477.82,5.641,1.7586,737.0,6.602587892189336,22463.71099050204,1.07,37.74,61.18,55.64,142.0,17586.0,1975.0,47.0,2.3797468354430378,0.13000000000000256,48.72,51.15,2017-1,1963-9,0,56,36.0,39.0,3,2.0,1.0,1,0,0,1,31.0,洛阳,3.4339872044851463
济南,山东省,370100,济南市,117.084541139,36.7333814164,1,2020-02-05 00:00:00.000000000,3.2639,0.0,1.0,-12.0,1,63890455.0,False,True,782.7,9.0999,2.9035,644.0,6.467698726104354,99208.78105590065,2.85,33.83,63.31,89.72,238.0,29035.0,2051.0,146.0,7.11847879083374,0.03999999999999915,41.12,58.84,2018-5,1962-8,0,57,35.0,35.0,1,1.0,0.0,1,0,0,1,47.0,济南,3.8501476017100584
济宁,山东省,370800,济宁市,116.674263144,35.3794964496,1,2020-02-03 00:00:00.000000000,3.5437,1.0,1.0,-10.0,0,17934002.0,False,True,766.51,5.1662,2.1605,883.0,6.78332520060396,20310.3080407701,5.44,49.48,45.08,89.72,164.0,21605.0,2733.0,116.0,4.24442005122576,0.10000000000000142,57.48,42.42,2018-4,1964-11,0,55,28.0,34.0,1,2.0,1.0,1,0,1,0,258.0,济宁,5.552959584921617
海口,海南省,460100,海口市,110.425848711,19.8312942996,0,,3.3426,0.0,1.0,,0,13905779.0,False,True,716.15,5.6315,1.2417,171.0,5.14166355650266,81320.34502923976,4.49,18.14,77.37,32.74,123.0,12417.0,151.0,37.0,24.503311258278146,7.060000000000002,18.95,73.99,2019-12,1965-11,0,54,26.0,31.0,0,2.0,1.0,0,0,1,0,39.0,海口,3.6635616461296463
淄博,山东省,370300,淄博市,118.00936749600001,36.5929939236,0,,3.1681,0.0,1.0,,0,36697027.0,False,True,720.87,9.4587,1.4452,433.0,6.07073772800249,84750.63972286374,1.93,51.99,46.08,89.72,157.0,14452.0,2624.0,145.0,5.525914634146342,0.0899999999999963,64.53,35.38,2019-8,1969-5,0,50,27.0,29.0,0,1.0,0.0,1,0,0,1,30.0,淄博,3.4011973816621555
淮北,安徽省,340600,淮北市,116.737133286,33.721360576900004,1,2020-02-09 00:00:00.000000000,3.3900999999999994,1.0,1.0,-14.0,0,6229180.0,False,True,791.68,3.6427,0.4524,217.0,5.37989735354046,28705.898617511517,3.44,58.86,37.7,36.14,69.0,4524.0,738.0,18.0,2.4390243902439024,0.0,63.08,36.92,2016-8,1965-2,0,54,33.0,36.0,3,1.0,0.0,1,0,1,0,27.0,淮北,3.295836866004329
淮南,安徽省,340400,淮南市,116.732615243,32.756889309,0,,2.6083000000000003,1.0,1.0,,0,6293324.0,False,True,952.01,2.799,0.6201,390.0,5.966146739123692,16136.728205128204,6.76,45.17,48.07,36.14,72.0,6201.0,610.0,21.0,3.4426229508196724,1.8699999999999968,48.27,49.86,2014-8,1961-6,0,58,36.0,36.0,5,1.0,0.0,1,0,1,0,27.0,淮南,3.295836866004329
淮安,江苏省,320800,淮安市,118.963188538,33.3567090043,0,,3.3273,0.0,1.0,,0,22359500.0,False,True,562.31,6.2446,1.27,561.0,6.329720905522696,39856.50623885918,8.45,43.9,47.65,39.66,59.0,12700.0,2175.0,190.0,8.735632183908045,0.6799999999999997,63.42,35.9,2019-12,1971-10,1,48,27.0,25.0,0,1.0,0.0,1,0,0,1,66.0,淮安,4.189654742026425
深圳,广东省,440300,深圳市,114.135194529,22.6547009192,1,2020-02-08 00:00:00.000000000,3.5206,0.0,1.0,-15.0,1,224900586.0,False,True,1777.67,16.7411,3.3299,435.0,6.075346031088682,517012.8413793104,0.09,41.44,58.47,182.12,135.0,33299.0,7943.0,2437.0,30.681102857862268,0.02000000000000313,57.58,42.4,2017-4,1962-3,0,57,36.0,32.0,2,1.0,0.0,0,0,0,1,417.0,深圳,6.0330862217988015
清远,广东省,441800,清远市,112.873709368,24.3123195804,0,,2.3446,0.0,1.0,,0,7754930.0,False,True,220.11,3.6136,0.7493,437.0,6.07993319509559,17745.8352402746,8.34,36.79,54.87,182.12,57.0,7493.0,644.0,166.0,25.77639751552795,0.4199999999999946,46.88,52.7,2018-3,1960-9,0,59,35.0,39.0,1,1.0,0.0,1,0,1,0,12.0,清远,2.4849066497880004
温州,浙江省,330300,温州市,120.434107525,27.9024696033,1,2020-02-02 00:00:00.000000000,3.5538000000000003,1.0,1.0,-9.0,0,21810810.0,False,True,671.19,5.5779,2.6674,825.0,6.715383386334683,26437.345454545455,0.8,40.44,58.76,66.3,142.0,26674.0,4582.0,133.0,2.902662592754256,0.060000000000002274,58.48,41.46,2018-5,1966-6,0,53,34.0,33.0,1,1.0,0.0,1,0,1,0,504.0,温州,6.222576268071369
渭南,陕西省,610500,渭南市,109.858030321,34.9528901578,0,,3.5267000000000004,1.0,1.0,,0,3705194.0,False,True,424.09,2.7743,0.9605,556.0,6.320768294250582,6664.017985611511,10.16,46.02,43.82,43.47,155.0,9605.0,573.0,12.0,2.094240837696335,1.3100000000000025,39.62,59.07,2019-4,1966-4,0,53,23.0,28.0,0,2.0,1.0,0,0,0,1,15.0,渭南,2.70805020110221
湖州,浙江省,330500,湖州市,119.870950522,30.7461706179,0,,3.1527000000000003,1.0,1.0,,0,10857320.0,False,True,453.61,7.711,0.8079999999999999,266.0,5.583496308781699,40816.992481203015,4.21,45.04,50.75,66.3,58.0,8080.0,2945.0,378.0,12.835314091680814,0.05000000000000426,64.55,35.4,2018-2,1966-1,0,54,31.0,36.0,1,1.0,0.0,1,0,1,0,10.0,湖州,2.302585092994046
湘潭,湖南省,430300,湘潭市,112.602317605,27.733707397899998,0,,2.4159,0.0,0.0,,0,12342154.0,False,True,577.08,6.5946,0.7526,288.0,5.662960480135946,42854.70138888888,1.49,54.41,44.1,35.3,63.0,7526.0,970.0,35.0,3.608247422680412,0.009999999999998007,58.54,41.45,2016-4,1964-5,0,55,27.0,31.0,3,1.0,0.0,1,0,1,0,36.0,湘潭,3.58351893845611
湛江,广东省,440800,湛江市,110.16442433600001,21.094205256400002,0,,2.3721,0.0,0.0,,0,12740693.0,False,True,620.62,3.5612,1.281,839.0,6.732210706467207,15185.569725864123,5.38,45.22,49.4,182.12,103.0,12810.0,866.0,76.0,8.775981524249422,2.8300000000000054,36.69,60.48,2017-3,1968-6,0,51,31.0,29.0,2,1.0,0.0,1,0,0,1,22.0,湛江,3.091042453358316
滁州,安徽省,341100,滁州市,118.097843044,32.5448770099,0,,2.3229,1.0,1.0,,0,4329164.0,False,True,332.2,3.5301,0.6625,454.0,6.118097198041347,9535.603524229076,4.61,65.72,29.68,36.14,64.0,6625.0,1621.0,92.0,5.67550894509562,2.1099999999999994,44.86,53.03,2017-7,1964-10,0,55,35.0,34.0,2,1.0,0.0,1,0,1,0,13.0,滁州,2.5649493574615367
滨州,山东省,371600,滨州市,117.864505349,37.5768634857,0,,3.248,1.0,1.0,,0,8190902.0,False,True,402.69,6.3745,0.9695,394.0,5.976350909297934,20789.091370558377,7.23,44.14,48.63,89.72,110.0,9695.0,1259.0,41.0,3.2565528196981735,0.010000000000005116,60.23,39.76,2019-1,1963-3,0,56,34.0,37.0,1,1.0,0.0,1,0,1,0,15.0,滨州,2.70805020110221
漯河,河南省,411100,漯河市,113.90268475799999,33.6568769277,0,,3.503,1.0,1.0,,0,7027980.0,False,True,995.54,4.1138,0.5228,267.0,5.58724865840025,26322.02247191012,7.05,61.45,31.5,55.64,47.0,5228.0,585.0,16.0,2.7350427350427347,0.009999999999998007,63.22,36.77,2018-1,1968-10,0,51,24.0,28.0,2,1.0,0.0,1,0,1,0,35.0,漯河,3.5553480614894135
漳州,福建省,350600,漳州市,117.44143043700001,24.372952717600004,0,,2.0755,0.0,0.0,,0,8148209.0,False,True,389.75,6.2196,1.0356,514.0,6.2422232654551655,15852.546692607004,1.75,45.47,52.78,35.3,76.0,10356.0,2254.0,478.0,21.20674356699201,3.1300000000000026,57.01,39.86,2019-3,1964-8,0,55,32.0,29.0,0,2.0,1.0,0,0,0,1,20.0,漳州,2.995732273553991
潍坊,山东省,370700,潍坊市,119.074085484,36.5377041545,0,,3.2783,0.0,1.0,,0,17510000.0,False,True,553.8,5.9275,2.5432,908.0,6.811244378601294,19284.140969163,2.86,47.97,49.17,89.72,188.0,25432.0,3496.0,272.0,7.780320366132723,0.09999999999999433,50.63,49.27,2018-12,1963-6,0,56,33.0,35.0,1,2.0,1.0,1,0,1,0,44.0,潍坊,3.784189633918261
潮州,广东省,445100,潮州市,116.78064721700001,23.7836053797,0,,1.6469,0.0,0.0,,0,8045515.0,False,True,867.77,3.6956,0.46,276.0,5.62040086571715,29150.41666666667,2.73,52.79,44.48,182.12,31.0,4600.0,923.0,134.0,14.517876489707474,0.07000000000000027,56.25,43.68,2019-5,1964-5,0,55,33.0,31.0,0,1.0,0.0,0,0,0,1,5.0,潮州,1.6094379124341003
濮阳,河南省,410900,濮阳市,115.27906973799999,35.8116218055,0,,3.9456,1.0,1.0,,0,4387409.0,False,True,1024.36,4.0059,0.7939,432.0,6.0684255882441125,10156.039351851852,4.08,45.47,50.45,55.64,61.0,7939.0,890.0,18.0,2.02247191011236,0.030000000000001137,57.83,42.14,2015-2,1963-2,0,57,33.0,35.0,4,1.0,0.0,1,0,1,0,17.0,濮阳,2.833213344056216
烟台,山东省,370600,烟台市,120.804412294,37.2405616758,0,,3.3852,0.0,1.0,,0,32506652.0,False,True,471.41,9.8388,1.8097,654.0,6.483107351457199,49704.36085626912,2.71,50.17,47.12,89.72,196.0,18097.0,2377.0,559.0,23.517038283550697,0.03999999999999915,54.51,45.45,2018-4,1964-1,0,56,34.0,35.0,1,1.0,0.0,1,0,1,0,47.0,烟台,3.8501476017100584
焦作,河南省,410800,焦作市,113.117723914,35.106106179,0,,3.6215,0.0,1.0,,0,5162899.0,False,True,913.78,5.9183,0.8994,371.0,5.916202062607435,13916.169811320757,1.23,42.5,56.27,55.64,92.0,8994.0,1289.0,27.0,2.094647013188518,0.07000000000000027,60.55,39.38,2016-5,1962-11,0,57,35.0,35.0,3,1.0,0.0,0,0,1,0,32.0,焦作,3.4657359027997265
牡丹江,黑龙江省,231000,牡丹江市,129.88496932299998,44.597537707,0,,3.0349000000000004,0.0,1.0,,0,3589212.0,False,True,67.48,4.9618,0.7797,255.0,5.541263545158426,14075.341176470589,4.37,35.17,60.46,31.47,79.0,7797.0,460.0,7.0,1.5217391304347827,15.370000000000005,19.61,65.02,2018-2,1966-9,0,53,31.0,31.0,1,1.0,0.0,0,0,1,0,14.0,牡丹江,2.6390573296152584
玉林,广西壮族自治区,450900,玉林市,110.183163027,22.4433035851,0,,3.3133,1.0,1.0,,0,4928736.0,False,True,553.95,2.7111,0.9116,724.0,6.584791392385715,6807.646408839779,8.25,38.18,53.58,37.35,47.0,9116.0,549.0,54.0,9.836065573770492,2.2900000000000063,33.32,64.39,2018-2,1965-1,0,55,34.0,32.0,1,1.0,0.0,1,0,1,0,11.0,玉林,2.3978952727983707
玉溪,云南省,530400,玉溪市,102.199022723,24.138158459499998,0,,1.8843000000000003,0.0,1.0,,0,7255575.0,False,True,141.32,5.5389,0.5889,219.0,5.389071729816501,33130.479452054795,4.32,63.54,32.14,30.69,72.0,5889.0,434.0,17.0,3.9170506912442393,0.730000000000004,48.19,51.08,2018-8,1966-12,0,53,34.0,31.0,1,1.0,0.0,1,0,0,1,14.0,玉溪,2.6390573296152584
珠海,广东省,440400,珠海市,113.359664569,22.174456356999997,0,,2.9924,0.0,1.0,,0,26751795.0,False,True,646.65,13.4546,0.6427,119.0,4.7791234931115305,224805.0,1.83,48.12,50.06,182.12,43.0,6427.0,1163.0,491.0,42.21840068787618,0.8499999999999943,59.09,40.06,2018-3,1965-10,0,54,33.0,30.0,1,1.0,0.0,0,0,1,0,98.0,珠海,4.584967478670572
白城,吉林省,220800,白城市,123.01201244,45.344830236499995,0,,2.7845,0.0,1.0,,0,1676260.0,False,True,76.48,3.5892,0.4687,191.0,5.25227342804663,8776.230366492147,12.19,13.85,73.96,44.12,40.0,4687.0,349.0,16.0,4.584527220630372,9.689999999999998,19.41,70.9,2015-12,1960-2,0,60,35.0,36.0,4,2.0,1.0,1,0,1,0,1.0,白城,0.0
白银,甘肃省,620400,白银市,104.62210586399999,36.6124833086,0,,2.8545000000000003,0.0,0.0,,0,2679410.0,False,True,85.55,2.5813,0.3341,182.0,5.204006687076795,14722.032967032968,3.27,49.89,46.84,31.0,102.0,3341.0,137.0,6.0,4.37956204379562,1.2399999999999949,43.95,54.81,2017-4,1966-7,1,53,28.0,35.0,2,1.0,0.0,0,0,1,0,4.0,白银,1.3862943611198906
百色,广西壮族自治区,451000,百色市,106.289129803,23.986564988,0,,2.3129,0.0,1.0,,0,2872060.0,False,True,114.09,3.0881,0.6382,418.0,6.035481432524756,6870.956937799043,10.18,50.3,39.52,37.35,34.0,6382.0,354.0,13.0,3.672316384180791,1.1000000000000083,26.08,72.82,2013-2,1961-11,0,58,34.0,30.0,6,1.0,0.0,1,0,0,1,3.0,百色,1.0986122886681098
益阳,湖南省,430900,益阳市,111.950570032,28.5741381365,0,,2.5372000000000003,1.0,1.0,,0,6868076.0,False,True,390.42,3.3772,1.0996,479.0,6.171700597410915,14338.363256784969,8.47,47.4,44.13,35.3,82.0,10996.0,1079.0,32.0,2.9657089898053752,0.28999999999999915,40.82,58.89,2016-12,1966-1,0,54,34.0,35.0,3,1.0,0.0,1,0,1,0,60.0,益阳,4.0943445622221
盐城,江苏省,320900,盐城市,120.173420426,33.5176500974,0,,2.196,0.0,1.0,,0,20373200.0,False,True,489.04,6.3278,1.82,826.0,6.716594773520978,24664.891041162227,8.31,48.65,43.05,39.66,163.0,18200.0,2879.0,342.0,11.879124696075024,1.840000000000004,60.87,37.29,2018-4,1962-1,0,58,34.0,37.0,1,2.0,1.0,0,1,0,0,27.0,盐城,3.295836866004329
盘锦,辽宁省,211100,盘锦市,121.99748087100001,41.0827653148,1,2020-02-05 00:00:00.000000000,3.1463,0.0,1.0,-10.0,0,9736271.0,False,True,319.8,7.011,0.4058,130.0,4.867534450455582,74894.39230769231,7.59,47.38,45.04,60.3,62.0,4058.0,250.0,20.0,8.0,38.48,37.3,24.22,2018-2,1963-10,0,56,35.0,33.0,1,1.0,0.0,1,0,1,0,11.0,盘锦,2.3978952727983707
眉山,四川省,511400,眉山市,103.780033369,29.8977656414,0,,2.5449,0.0,1.0,,0,5546799.0,False,True,488.8,3.7227,0.6163,345.0,5.843544417031361,16077.678260869563,11.31,47.15,41.55,66.1,91.0,6163.0,584.0,21.0,3.595890410958904,0.3100000000000023,43.57,56.12,2017-7,1962-8,0,57,29.0,35.0,2,1.0,0.0,0,0,0,1,8.0,眉山,2.0794415416798357
石嘴山,宁夏回族自治区,640200,石嘴山市,106.517861951,38.9758704409,0,,2.8377,0.0,1.0,,0,3771905.0,False,True,141.24,6.4879999999999995,0.2171,74.0,4.30406509320417,50971.68918918919,1.88,62.41,35.71,30.69,35.0,2171.0,217.0,8.0,3.6866359447004617,0.7000000000000028,46.07,53.23,2018-10,1963-2,0,57,34.0,35.0,1,1.0,0.0,1,1,0,0,1.0,石嘴山,0.0
石家庄,河北省,130100,石家庄市,114.440891514,38.1294585919,1,2020-02-06 00:00:00.000000000,3.1679,1.0,1.0,-13.0,0,33962728.0,False,True,788.14,5.5177,3.4487,973.0,6.880384082186005,34905.16752312436,2.17,38.88,58.95,31.22,235.0,34487.0,2638.0,88.0,3.335860500379076,0.20000000000000284,30.55,69.25,2016-11,1961-3,0,58,35.0,43.0,3,1.0,0.0,1,0,1,0,29.0,石家庄,3.367295829986474
福州,福建省,350100,福州市,119.176153866,26.0499795379,1,2020-02-04 00:00:00.000000000,2.952500000000001,1.0,1.0,-11.0,0,43005530.0,False,True,534.91,8.2251,2.0417,693.0,6.541029999189902,62057.04184704184,1.39,36.69,61.92,35.3,116.0,20417.0,2213.0,558.0,25.21464075915048,0.17999999999999972,56.87,42.95,2017-6,1961-4,0,58,36.0,36.0,2,2.0,1.0,0,1,0,0,72.0,福州,4.276666119016055
秦皇岛,河北省,130300,秦皇岛市,119.183678414,40.089417289000004,1,2020-01-25 00:00:00.000000000,2.6763000000000003,1.0,1.0,7.0,0,10146857.0,False,True,379.39,7.3755,0.9448,298.0,5.697093486505405,34049.855704697984,6.29,35.33,58.37,31.22,71.0,9448.0,361.0,66.0,18.282548476454295,0.1600000000000108,32.07,67.77,2019-12,1962-3,0,57,35.0,38.0,0,1.0,0.0,1,0,1,0,10.0,秦皇岛,2.302585092994046
绍兴,浙江省,330600,绍兴市,120.628104104,29.7129563058,0,,3.4493,1.0,1.0,,0,29516779.0,False,True,535.09,9.6204,1.5195,446.0,6.1003189520200625,66181.11883408071,3.21,47.84,48.95,66.3,76.0,15195.0,4494.0,588.0,13.084112149532707,0.010000000000001565,78.58,21.41,2018-2,1962-10,0,57,36.0,36.0,1,1.0,0.0,1,1,0,0,42.0,绍兴,3.7376696182833684
绥化,黑龙江省,231200,绥化市,126.62351540799999,46.8898612736,0,,2.9144000000000005,1.0,1.0,,0,1765596.0,False,True,157.43,2.4109,1.0613,528.0,6.269096283706262,3343.931818181818,46.07,25.77,28.15,31.47,64.0,10613.0,314.0,7.0,2.229299363057325,4.319999999999993,22.59,73.09,2016-12,1963-6,0,56,27.0,33.0,3,1.0,0.0,1,0,1,0,47.0,绥化,3.8501476017100584
绵阳,四川省,510700,绵阳市,104.702566421,31.848501729200002,0,,2.5357,0.0,1.0,,0,11480260.0,False,True,269.16,3.8202,1.1738,537.0,6.285998094508865,21378.51024208566,7.19,45.75,47.05,66.1,90.0,11738.0,971.0,36.0,3.707518022657055,0.15000000000000568,43.8,56.05,2018-6,1971-11,0,48,29.0,26.0,1,1.0,0.0,0,0,0,1,22.0,绵阳,3.091042453358316
聊城,山东省,371500,聊城市,115.882438408,36.4584713538,0,,3.2219999999999995,0.0,1.0,,0,5731900.0,False,True,692.34,4.7624,1.2797,640.0,6.461468176353718,8956.09375,10.41,45.05,44.53,89.72,148.0,12797.0,2325.0,39.0,1.6774193548387095,0.0799999999999983,39.95,59.97,2019-2,1972-3,0,47,26.0,21.0,0,1.0,0.0,1,0,0,1,38.0,聊城,3.6375861597263857
肇庆,广东省,441200,肇庆市,112.202118015,23.5402966561,0,,2.5678,1.0,1.0,,0,11166091.0,False,True,294.14,5.1178,0.762,446.0,6.1003189520200625,25036.07847533632,7.81,51.8,40.39,182.12,54.0,7620.0,1163.0,248.0,21.324161650902838,0.21999999999999886,49.6,50.18,2019-10,1966-6,0,53,25.0,29.0,0,1.0,0.0,0,0,0,1,19.0,肇庆,2.9444389791664403
自贡,四川省,510300,自贡市,104.68285899600001,29.286608877800003,0,,2.5297,0.0,1.0,,0,8484280.0,False,True,746.4,4.4481,0.4531,324.0,5.780743515792329,26186.04938271605,6.37,51.54,42.08,66.1,68.0,4531.0,534.0,11.0,2.0599250936329585,0.3100000000000023,43.83,55.86,2020-1,1969-10,0,50,29.0,28.0,0,1.0,0.0,0,0,1,0,9.0,自贡,2.1972245773362196
舟山,浙江省,330900,舟山市,122.17341236200001,30.0557272263,0,,3.1612,0.0,1.0,,0,9165154.0,False,True,666.67,10.7463,0.3581,97.0,4.574710978503383,94486.1237113402,7.67,34.21,58.13,66.3,30.0,3581.0,351.0,23.0,6.552706552706553,0.039999999999992035,33.2,66.76,2017-2,1963-10,0,56,33.0,38.0,2,1.0,0.0,1,1,0,0,10.0,舟山,2.302585092994046
芜湖,安徽省,340200,芜湖市,118.32674452799999,31.0668722149,0,,2.8904,1.0,1.0,,0,19018514.0,False,True,638.9,7.3715,0.8702,388.0,5.961005339623274,49016.788659793805,1.44,55.94,42.62,36.14,83.0,8702.0,1962.0,126.0,6.422018348623854,0.07000000000000027,53.2,46.73,2017-4,1968-3,0,51,33.0,33.0,2,1.0,0.0,1,0,1,0,34.0,芜湖,3.5263605246161616
苏州,江苏省,320500,苏州市,120.642124259,31.376327390100002,1,2020-02-06 00:00:00.000000000,4.2471000000000005,0.0,1.0,-13.0,0,81945100.0,False,True,770.47,14.5556,3.03,691.0,6.53813982376767,118589.14616497829,1.0,47.3,51.7,39.66,193.0,30300.0,9840.0,4111.0,41.77845528455285,0.010000000000001565,73.0,26.99,2019-9,1964-1,0,56,35.0,34.0,0,2.0,1.0,0,0,0,1,87.0,苏州,4.465908118654584
茂名,广东省,440900,茂名市,110.95292806,22.0153741102,0,,2.5303000000000004,1.0,1.0,,0,13968211.0,False,True,687.72,4.3211,1.3362,804.0,6.689599269178967,17373.396766169153,10.64,49.83,39.53,182.12,71.0,13362.0,1026.0,62.0,6.042884990253412,1.4699999999999989,46.79,51.74,2019-1,1968-5,0,51,21.0,29.0,1,2.0,1.0,1,0,0,1,14.0,茂名,2.6390573296152584
荆州,湖北省,421000,荆州市,112.571602176,29.9955484715,1,2020-01-26 00:00:00.000000000,3.4498999999999995,1.0,1.0,-2.0,0,6439500.0,False,True,451.45,3.0305,1.2639,642.0,6.464588303689961,10030.373831775702,8.34,51.98,39.68,56.66,67.0,12639.0,1131.0,32.0,2.829354553492484,3.469999999999999,41.25,55.28,2018-7,1962-11,0,57,35.0,35.0,1,1.0,0.0,0,0,1,0,1579.0,荆州,7.364547014255642
荆门,湖北省,420800,荆门市,112.60917473399999,31.0711734084,1,2020-01-24 00:00:00.000000000,3.8251,1.0,1.0,0.0,0,5659000.0,False,True,241.05,5.247000000000001,0.7297,294.0,5.683579767338681,19248.299319727892,5.39,52.64,41.97,56.66,60.0,7297.0,1057.0,25.0,2.3651844843897827,1.879999999999996,52.27,45.85,2017-11,1962-9,0,57,33.0,37.0,2,1.0,0.0,1,0,1,0,927.0,荆门,6.831953565565855
莆田,福建省,350300,莆田市,118.889962375,25.4517025912,0,,2.46,0.0,0.0,,0,16647596.0,False,True,832.73,6.3313,0.5376,355.0,5.872117789475416,46894.63661971831,5.56,54.18,40.26,35.3,47.0,5376.0,1221.0,177.0,14.496314496314495,0.14999999999999858,69.39,30.46,2019-12,1966-4,0,53,33.0,34.0,0,1.0,0.0,0,0,1,0,56.0,莆田,4.02535169073515
菏泽,山东省,371700,菏泽市,115.689001686,35.1541993663,0,,3.5707,0.0,1.0,,0,7708513.0,False,True,832.3800964131058,3.2493,1.6269999999999998,1019.0,6.926577033222724,7564.782139352306,7.44,48.59,43.97,89.72,233.0,21360.0,3455.0,60.0,1.7366136034732274,0.10999999999999943,33.87,66.02,2019-7,1964-10,0,55,32.0,31.0,0,1.0,0.0,0,0,1,0,18.0,菏泽,2.8903717578961645
萍乡,江西省,360300,萍乡市,113.90021088799999,27.5159326175,1,2020-02-06 00:00:00.000000000,3.4056,1.0,1.0,-13.0,0,6083233.0,False,True,516.84,5.233,0.4433,200.0,5.298317366548036,30416.165,3.06,49.6,47.33,32.02,32.0,4433.0,578.0,23.0,3.97923875432526,0.30000000000000426,52.05,47.65,2016-3,1968-8,0,51,25.0,31.0,3,1.0,0.0,0,0,0,1,33.0,萍乡,3.4965075614664802
营口,辽宁省,210800,营口市,122.505082,40.428384,0,,2.7700000000000005,0.0,1.0,,0,8078204.0,False,True,444.49,4.7358,0.5952,232.0,5.44673737166631,34819.84482758621,2.75,42.0,55.25,60.3,126.0,5952.0,576.0,94.0,16.319444444444443,0.35999999999999943,34.53,65.11,2016-9,1961-1,0,59,37.0,36.0,3,2.0,1.0,1,1,0,0,1.0,营口,0.0
葫芦岛,辽宁省,211400,葫芦岛市,120.194450481,40.6260366463,1,2020-02-05 00:00:00.000000000,2.6644,1.0,1.0,-11.0,0,3600729.0,False,True,268.87,2.5347,0.478,277.0,5.6240175061873385,12999.02166064982,4.92,47.79,47.29,60.3,75.0,4780.0,235.0,10.0,4.25531914893617,1.009999999999998,39.61,59.38,2018-8,1965-7,0,54,34.0,31.0,1,1.0,0.0,1,0,1,0,12.0,葫芦岛,2.4849066497880004
蚌埠,安徽省,340300,蚌埠市,117.32552359299999,33.1117977519,0,,3.2797,1.0,1.0,,0,8445969.0,False,True,631.83,4.1855,0.6297,381.0,5.942799375126701,22167.897637795282,3.04,49.47,47.49,36.14,81.0,6297.0,1115.0,40.0,3.5874439461883414,0.14999999999999858,42.51,57.34,2017-12,1962-1,0,58,34.0,37.0,2,2.0,1.0,1,1,0,0,160.0,蚌埠,5.075173815233827
衡水,河北省,131100,衡水市,115.823532039,37.7608534561,0,,2.9018,0.0,1.0,,0,5534965.0,False,True,512.76,3.1955,1.101,454.0,6.118097198041347,12191.552863436124,3.98,48.02,47.99,31.22,126.0,11010.0,1166.0,38.0,3.2590051457975986,0.519999999999996,21.46,78.02,2017-9,1963-8,0,56,34.0,33.0,2,1.0,0.0,1,0,1,0,8.0,衡水,2.0794415416798357
衡阳,湖南省,430400,衡阳市,112.573018596,26.793002460300002,0,,3.1587,0.0,1.0,,0,9082292.0,False,True,522.12,3.9019999999999997,1.776,800.0,6.684611727667928,11352.865,1.98,46.11,51.91,35.3,127.0,17760.0,1098.0,33.0,3.0054644808743167,0.240000000000002,44.94,54.82,2018-1,1968-12,0,51,28.0,29.0,2,1.0,0.0,0,0,0,1,48.0,衡阳,3.871201010907891
衢州,浙江省,330800,衢州市,118.67682383200001,28.934466615700003,0,,2.1139,1.0,1.0,,0,6022312.0,False,True,289.43,5.8281,0.693,258.0,5.552959584921617,23342.29457364341,5.03,46.45,48.51,66.3,75.0,6930.0,842.0,46.0,5.463182897862233,0.10999999999999943,39.26,60.63,2018-2,1968-10,0,51,31.0,29.0,1,1.0,0.0,1,0,1,0,21.0,衢州,3.044522437723423
襄阳,湖北省,420600,襄阳市,111.937801671,31.9341540681,1,2020-01-26 00:00:00.000000000,4.0225,1.0,1.0,-1.0,0,20508774.0,False,True,300.08,6.5663,1.3934,592.0,6.3835066348840055,34643.199324324334,6.8,54.17,39.04,56.66,84.0,13934.0,1626.0,67.0,4.120541205412054,2.7600000000000047,49.48,47.76,2017-2,1965-3,0,54,28.0,35.0,2,2.0,1.0,1,1,0,0,1175.0,襄阳,7.069023426578259
西宁,青海省,630100,西宁市,101.450943865,36.8151956485,0,,2.7803000000000004,0.0,0.0,,0,10086748.0,False,True,262.4,5.3756,0.8522,206.0,5.327876168789581,48964.796116504855,0.25,37.4,62.35,35.9,73.0,8522.0,270.0,13.0,4.814814814814816,0.3200000000000003,38.71,60.97,2015-5,1968-5,0,51,32.0,30.0,4,1.0,0.0,0,0,0,1,15.0,西宁,2.70805020110221
西安,陕西省,610100,西安市,108.79089299299999,34.1102101788,0,,3.964,1.0,1.0,,1,71920980.0,False,True,808.16,7.1357,3.082,906.0,6.80903930604298,79382.98013245034,3.02,35.15,61.83,43.47,329.0,30820.0,1434.0,122.0,8.507670850767084,0.10000000000000142,37.23,62.67,2019-9,1963-10,0,56,36.0,37.0,0,1.0,0.0,0,1,0,0,120.0,西安,4.787491742782046
许昌,河南省,411000,许昌市,113.708706248,34.0727041818,0,,3.635,0.0,0.0,,0,7495540.0,False,True,1010.61,5.4522,0.9884,508.0,6.230481447578483,14755.0,3.2,56.05,40.75,55.64,101.0,9884.0,1574.0,21.0,1.3341804320203303,0.010000000000005116,58.91,41.08,2018-10,1963-6,0,56,35.0,35.0,1,1.0,0.0,1,1,0,0,39.0,许昌,3.6635616461296463
贵港,广西壮族自治区,450800,贵港市,109.99877650299999,23.3100953748,0,,3.3161000000000005,1.0,1.0,,0,4597731.0,False,True,517.83,2.2230000000000003,0.6589,556.0,6.320768294250582,8269.30035971223,15.31,38.61,46.08,37.35,51.0,6589.0,500.0,33.0,6.6000000000000005,0.4750593824228986,22.565320665083103,76.959619952494,2015-12,1962-10,0,57,30.0,39.0,4,2.0,1.0,0,0,1,0,8.0,贵港,2.0794415416798357
贵阳,贵州省,520100,贵阳市,106.707824753,26.8433944302,0,,2.982,0.0,1.0,,0,26760750.0,False,True,487.38,6.7772,1.6858,408.0,6.0112671744041615,65590.07352941176,1.81,35.2,62.99,35.3,185.0,16858.0,747.0,32.0,4.28380187416332,0.13000000000000256,49.94,49.93,2018-5,1963-9,0,56,34.0,36.0,1,1.0,0.0,0,0,1,0,36.0,贵阳,3.58351893845611
贺州,广西壮族自治区,451100,贺州市,111.36012743200001,24.3591288722,0,,3.2244,0.0,1.0,,0,3141921.0,False,True,204.2,2.5499,0.3449,244.0,5.497168225293202,12876.725409836066,16.43,40.79,42.78,37.35,28.0,3449.0,204.0,16.0,7.84313725490196,1.4699999999999989,16.84,81.69,2016-11,1963-10,0,56,34.0,34.0,3,1.0,0.0,1,0,1,0,4.0,贺州,1.3862943611198906
资阳,四川省,512000,资阳市,104.95261043200001,30.180040658299998,0,,2.4586,1.0,1.0,,0,4848100.0,False,True,633.17,3.7308,0.5145,349.0,5.855071922202427,13891.404011461318,10.2,57.45,32.35,66.1,43.0,5145.0,323.0,12.0,3.7151702786377694,0.15000000000000568,41.98,57.87,2019-7,1963-9,0,56,34.0,38.0,0,1.0,0.0,1,1,0,0,4.0,资阳,1.3862943611198906
赣州,江西省,360700,赣州市,115.27148839899999,25.7075440552,1,2020-02-06 00:00:00.000000000,3.4487,1.0,1.0,-12.0,0,7665439.0,False,True,244.14,2.5761,1.4048,974.0,6.881411303642535,7870.060574948665,6.54,43.71,49.75,32.02,85.0,14048.0,1800.0,204.0,11.333333333333332,0.8899999999999864,35.27,63.84,2015-7,1963-2,0,57,35.0,35.0,4,2.0,1.0,0,1,0,0,76.0,赣州,4.330733340286331
赤峰,内蒙古自治区,150400,赤峰市,118.904199656,43.2009960615,1,2020-02-13 00:00:00.000000000,3.1806,0.0,1.0,-19.0,0,6113256.0,False,True,51.43,4.4936,1.1601,460.0,6.131226489483143,13289.686956521738,10.93,37.95,51.12,35.79,98.0,11601.0,359.0,8.0,2.2284122562674096,4.739999999999995,29.21,66.05,2017-5,1962-7,0,57,32.0,35.0,2,1.0,0.0,1,0,1,0,9.0,赤峰,2.1972245773362196
辽源,吉林省,220400,辽源市,125.304320479,42.8104374629,0,,2.8680000000000003,0.0,1.0,,0,4251037.0,False,True,235.41,6.348,0.2808,118.0,4.770684624465665,36025.737288135584,0.48,59.35,40.17,44.12,21.0,2808.0,305.0,6.0,1.9672131147540983,1.8000000000000045,54.83,43.37,2018-11,1964-10,0,55,33.0,32.0,1,2.0,1.0,1,1,0,0,7.0,辽源,1.9459101490553132
辽阳,辽宁省,211000,辽阳市,123.243573932,41.180723720399996,1,2020-02-05 00:00:00.000000000,2.748,0.0,1.0,-8.0,0,5135963.0,False,True,373.85,3.5476,0.4593,177.0,5.17614973257383,29016.74011299435,3.19,54.36,42.45,60.3,62.0,4593.0,194.0,15.0,7.731958762886598,3.960000000000001,48.32,47.72,2015-10,1963-12,0,56,33.0,45.0,4,1.0,0.0,1,0,1,0,3.0,辽阳,1.0986122886681098
达州,四川省,511700,达州市,107.645609755,31.3655286779,0,,2.5043,0.0,1.0,,0,4890622.0,False,True,411.74,2.5921,0.6937,672.0,6.51025834052315,7277.711309523808,15.26,32.6,52.14,66.1,398.0,6937.0,560.0,5.0,0.8928571428571428,0.8400000000000034,45.47,53.69,2016-2,1963-8,1,56,36.0,35.0,4,2.0,1.0,0,0,0,1,42.0,达州,3.7376696182833684
运城,山西省,140800,运城市,111.08721974,35.1949583416,0,,3.5660000000000003,0.0,1.0,,0,2461333.0,False,True,359.59,2.3106,1.1583,513.0,6.2402758451707685,4797.92007797271,6.0,28.61,65.39,31.47,269.0,11583.0,456.0,15.0,3.2894736842105265,0.5600000000000023,31.78,67.66,2019-12,1972-12,0,47,25.0,24.0,0,1.0,0.0,0,0,0,1,19.0,运城,2.9444389791664403
连云港,江苏省,320700,连云港市,119.131039622,34.533635021,0,,3.1015,1.0,1.0,,0,14478400.0,False,True,697.31,5.2987,1.15,533.0,6.2785214241658425,27163.977485928706,8.53,44.4,47.07,39.66,80.0,11500.0,1504.0,147.0,9.773936170212766,1.4600000000000009,42.88,55.66,2018-2,1963-12,0,56,35.0,36.0,1,1.0,0.0,1,1,0,0,48.0,连云港,3.871201010907891
通化,吉林省,220500,通化市,125.948895256,41.9547727885,0,,2.6441,1.0,1.0,,0,1890231.0,False,True,141.56,4.2979,0.6007,217.0,5.37989735354046,8710.741935483871,1.58,42.04,56.38,44.12,66.0,6007.0,551.0,17.0,3.0852994555353903,1.8500000000000008,36.8,61.35,2019-7,1965-5,0,54,33.0,31.0,0,1.0,0.0,1,0,1,0,6.0,通化,1.791759469228055
通辽,内蒙古自治区,150500,通辽市,121.559545465,43.8287165814,1,2020-02-13 00:00:00.000000000,2.8186,0.0,1.0,-17.0,0,4201300.0,False,True,53.5,6.2424,0.7114,316.0,5.755742213586912,13295.253164556963,13.19,34.29,52.52,35.79,81.0,7114.0,206.0,11.0,5.339805825242718,20.30000000000001,21.54,58.16,2019-12,1963-7,0,56,30.0,39.0,0,1.0,0.0,1,1,0,0,7.0,通辽,1.9459101490553132
遂宁,四川省,510900,遂宁市,105.470388226,30.631465008600003,0,,2.6604999999999994,0.0,1.0,,0,4703359.0,False,True,712.14,3.0615,0.6546,370.0,5.913503005638268,12711.781081081079,13.4,45.79,40.81,66.1,72.0,6546.0,521.0,23.0,4.414587332053743,0.0,50.14,49.86,2018-6,1966-3,0,53,29.0,31.0,1,1.0,0.0,0,0,1,0,17.0,遂宁,2.833213344056216
遵义,贵州省,520300,遵义市,107.08699319799999,28.168319153800002,0,,2.6168,1.0,1.0,,0,11193200.0,False,True,257.79,3.8709,1.4432,805.0,6.690842277418564,13904.596273291923,9.59,41.4,49.01,35.3,193.0,14432.0,1050.0,15.0,1.4285714285714286,0.18000000000000682,28.66,71.16,2019-8,1967-12,0,52,29.0,33.0,0,1.0,0.0,0,0,0,1,32.0,遵义,3.4657359027997265
邢台,河北省,130500,邢台市,114.81825446399999,37.2112251914,0,,3.2401,1.0,1.0,,0,3706907.0,False,True,627.36,2.7038,1.7533,790.0,6.672032945461067,4692.287341772152,1.05,35.77,63.18,31.22,177.0,17533.0,1343.0,38.0,2.8294862248696946,0.1699999999999875,28.46,71.37,2019-12,1967-11,0,52,31.0,29.0,0,1.0,0.0,0,1,0,0,23.0,邢台,3.1354942159291497
邯郸,河北省,130400,邯郸市,114.544131082,36.5505031377,0,,3.2753,0.0,1.0,,0,13518281.0,False,True,870.29,3.5265,2.0836,1051.0,6.957497370876951,12862.30352045671,6.47,43.22,50.31,31.22,214.0,20836.0,1344.0,32.0,2.380952380952381,0.2700000000000031,37.15,62.58,2013-2,1967-10,0,52,29.0,33.0,6,1.0,0.0,1,0,1,0,32.0,邯郸,3.4657359027997265
邵阳,湖南省,430500,邵阳市,110.91689063700001,26.8727911312,0,,3.0834,0.0,0.0,,0,3417031.0,False,True,394.14,2.0987,1.2799,826.0,6.716594773520978,4136.841404358353,3.49,46.34,50.17,35.3,293.0,12799.0,1256.0,26.0,2.0700636942675157,0.9200000000000016,37.43,61.65,2016-4,1961-10,0,58,33.0,32.0,3,1.0,0.0,0,0,1,0,102.0,邵阳,4.624972813284271
郑州,河南省,410100,郑州市,113.47192307600001,34.6261000708,1,2020-02-04 00:00:00.000000000,4.1281,0.0,1.0,-11.0,0,53849953.0,False,True,1087.83,8.4114,3.8049,842.0,6.735780014242327,63954.8135391924,0.49,39.33,60.18,55.64,219.0,38049.0,2845.0,100.0,3.5149384885764503,0.10999999999999943,52.39,47.5,2019-6,1964-8,0,55,33.0,36.0,0,2.0,1.0,0,1,0,0,157.0,郑州,5.056245805348308
郴州,湖南省,431000,郴州市,113.13509204799999,25.8120065675,0,,3.5342,1.0,1.0,,0,6904667.0,False,True,268.65,4.6691,1.1028,534.0,6.280395838960196,12930.088014981273,3.5,42.09,54.4,35.3,339.0,11028.0,1076.0,47.0,4.368029739776952,0.5300000000000011,37.21,62.26,2015-4,1962-5,0,57,32.0,36.0,4,1.0,0.0,1,1,0,0,39.0,郴州,3.6635616461296463
鄂尔多斯,内蒙古自治区,150600,鄂尔多斯市,108.62523179200001,39.4117619354,1,2020-02-13 00:00:00.000000000,3.1478,1.0,1.0,-19.0,0,7467000.0,False,True,18.1,21.5488,0.5652,161.0,5.081404364984463,46378.88198757764,0.2,33.57,66.22,35.79,90.0,5652.0,399.0,18.0,4.511278195488722,0.7999999999999972,45.53,53.67,2016-12,1962-1,0,58,28.0,40.0,3,1.0,0.0,0,0,1,0,11.0,鄂尔多斯,2.3978952727983707
鄂州,湖北省,420700,鄂州市,114.779992679,30.3680113638,1,2020-01-24 00:00:00.000000000,3.0792,1.0,1.0,1.0,0,9059200.0,False,True,690.09,7.4983,0.2236,111.0,4.709530201312334,81614.41441441441,11.26,52.7,36.03,56.66,20.0,2236.0,539.0,24.0,4.452690166975881,0.10999999999999233,66.79,33.1,2018-9,1966-4,0,53,33.0,31.0,1,1.0,0.0,0,0,1,0,1390.0,鄂州,7.237059026124737
金华,浙江省,330700,金华市,119.953686927,29.116348429299997,0,,1.8972,1.0,1.0,,0,7413927.0,False,True,436.85,6.7158,1.6372,486.0,6.186208623900495,15254.993827160493,4.52,34.49,60.98,66.3,131.0,16372.0,3691.0,182.0,4.930913031698727,0.02999999999999403,57.38,42.59,2018-2,1964-7,0,55,28.0,33.0,1,1.0,0.0,1,0,1,0,55.0,金华,4.007333185232471
金昌,甘肃省,620300,金昌市,102.05072357200001,38.427317288699996,0,,2.2332000000000005,0.0,0.0,,0,1564325.0,False,True,51.71,4.4202,0.1385,46.0,3.828641396489095,34007.065217391304,2.6,61.42,35.99,31.0,13.0,1385.0,94.0,0.0,0.0,2.5500000000000043,64.71,32.74,2019-12,1968-1,1,52,27.0,29.0,0,2.0,1.0,0,1,0,0,1.0,金昌,0.0
钦州,广西壮族自治区,450700,钦州市,109.02458339399999,22.1827770306,0,,2.9204,1.0,1.0,,0,5918520.0,False,True,332.18,3.4160000000000004,0.5316,411.0,6.018593214496232,14400.29197080292,20.73,36.31,42.96,37.35,22.0,5316.0,326.0,26.0,7.975460122699388,0.9181969999999992,42.904841,56.176962,2017-4,1962-11,1,57,32.0,37.0,2,1.0,0.0,0,0,1,0,8.0,钦州,2.0794415416798357
铁岭,辽宁省,211200,铁岭市,123.69574250299999,42.0136555967,1,2020-02-05 00:00:00.000000000,2.0522,0.0,1.0,-11.0,0,1295727.0,False,True,231.04,2.2178,0.57,294.0,5.683579767338681,4407.234693877551,3.26,32.64,64.1,60.3,153.0,5700.0,228.0,20.0,8.771929824561402,7.019999999999996,37.03,55.95,2019-4,1964-10,0,55,34.0,32.0,0,2.0,1.0,1,1,0,0,7.0,铁岭,1.9459101490553132
铜仁,贵州省,520600,铜仁市,108.54398909700001,27.9694567602,0,,2.198500000000001,0.0,1.0,,0,2077400.0,False,True,242.74,2.7366,0.6432,440.0,6.0867747269123065,4721.363636363636,11.48,39.59,48.93,35.3,99.0,6432.0,550.0,6.0,1.0909090909090908,0.4200000000000017,14.0,85.58,2016-8,1970-1,0,50,29.0,31.0,3,1.0,0.0,1,0,1,0,10.0,铜仁,2.302585092994046
铜川,陕西省,610200,铜川市,109.17539622,35.2983064377,0,,2.6965000000000003,0.0,0.0,,0,3105440.0,False,True,216.38,3.6803,0.2505,83.0,4.4188406077965965,37414.93975903616,5.82,50.95,43.23,43.47,47.0,2505.0,212.0,3.0,1.4150943396226416,0.14999999999999858,44.24,55.61,2018-4,1962-7,0,57,33.0,38.0,1,1.0,0.0,1,1,0,0,8.0,铜川,2.0794415416798357
铜陵,安徽省,340700,铜陵市,117.894348485,30.944886548099998,0,,2.4332,0.0,1.0,,0,8813428.0,False,True,616.15,5.996,0.3337,171.0,5.14166355650266,51540.51461988304,1.73,63.67,34.6,36.14,28.0,3337.0,540.0,21.0,3.888888888888889,1.93,55.97,42.1,2019-12,1970-10,0,49,28.0,24.0,0,2.0,1.0,0,0,1,0,29.0,铜陵,3.367295829986474
银川,宁夏回族自治区,640100,银川市,106.33987292299999,38.2206140913,1,2020-01-31 00:00:00.000000000,3.5095,0.0,1.0,-7.0,0,11039244.0,False,True,198.34,7.4288,0.899,189.0,5.241747015059644,58408.69841269841,1.63,35.85,62.52,30.69,70.0,8990.0,463.0,24.0,5.183585313174946,1.4199999999999946,39.06,59.52,2017-6,1960-8,0,59,33.0,37.0,2,2.0,1.0,0,0,1,0,34.0,银川,3.5263605246161616
锦州,辽宁省,210700,锦州市,121.61534765399999,41.4715083909,1,2020-02-05 00:00:00.000000000,2.4677,1.0,1.0,-8.0,0,5623240.0,False,True,301.58,3.3692,0.6111,296.0,5.690359454324058,18997.43243243244,2.56,48.96,48.48,60.3,77.0,6111.0,294.0,46.0,15.646258503401361,3.629999999999996,33.12,63.25,2018-7,1963-6,0,56,30.0,36.0,1,2.0,1.0,1,0,0,1,12.0,锦州,2.4849066497880004
镇江,江苏省,321100,镇江市,119.454588677,32.0175103256,0,,3.0628,0.0,1.0,,0,18786919.0,False,True,708.33,12.0603,0.81,271.0,5.602118820879701,69324.42435424353,1.59,46.57,51.85,39.66,50.0,8100.0,2046.0,391.0,19.110459433040077,0.18999999999999773,54.92,44.89,2017-3,1964-2,0,56,27.0,33.0,2,1.0,0.0,1,1,0,0,12.0,镇江,2.4849066497880004
长春,吉林省,220100,长春市,125.768962441,44.3778727866,0,,3.1776,1.0,1.0,,1,51428765.0,False,True,366.13,7.9434,2.1119,749.0,6.618738983517219,68663.23765020027,1.33,53.35,45.32,44.12,162.0,21119.0,1641.0,167.0,10.176721511273612,0.9299999999999996,45.21,53.86,2019-4,1962-7,0,57,35.0,36.0,0,1.0,0.0,0,0,0,1,45.0,长春,3.8066624897703196
长沙,湖南省,430100,长沙市,113.152471429,28.228391283,0,,2.9309,0.0,1.0,,0,63903360.0,False,True,575.49,12.4122,2.9265,709.0,6.5638555265321274,90131.67842031027,0.91,35.39,63.69,35.3,287.0,29265.0,2886.0,141.0,4.885654885654887,0.12000000000000455,46.23,53.65,2017-7,1963-6,0,56,34.0,36.0,2,1.0,0.0,1,0,1,0,242.0,长沙,5.488937726156687
长治,山西省,140400,长治市,112.914098785,36.4767513567,0,,2.7794000000000003,1.0,1.0,,0,3909537.0,False,True,242.52,3.7063,0.8252,338.0,5.823045895483018,11566.6775147929,0.92,37.9,61.19,31.47,114.0,8252.0,353.0,10.0,2.8328611898017,0.3199999999999932,51.84,47.84,2018-2,1968-3,0,51,33.0,29.0,1,1.0,0.0,0,1,0,0,8.0,长治,2.0794415416798357
阜新,辽宁省,210900,阜新市,121.96055271700001,42.2851981674,1,2020-02-05 00:00:00.000000000,2.6151,1.0,1.0,-4.0,0,1849479.0,False,True,182.52,2.2956,0.4547,186.0,5.225746673713202,9943.435483870968,1.54,38.33,60.13,60.3,55.0,4547.0,211.0,15.0,7.109004739336492,1.9399999999999973,33.93,64.13,2019-12,1966-12,0,53,23.0,29.0,0,1.0,0.0,0,0,1,0,8.0,阜新,2.0794415416798357
阜阳,安徽省,341200,阜阳市,115.700467553,32.916404894,0,,3.9822,1.0,1.0,,0,5431259.0,False,True,1030.84,1.7642,1.3915,1070.0,6.975413927455953,5075.942990654206,11.69,35.23,53.08,36.14,115.0,13915.0,1752.0,18.0,1.0273972602739725,0.5099999999999909,30.2,69.29,2019-6,1962-11,0,57,34.0,30.0,0,1.0,0.0,0,0,1,0,155.0,阜阳,5.043425116919247
防城港,广西壮族自治区,450600,防城港市,108.002756325,21.8821207669,1,2020-02-08 00:00:00.000000000,2.4514,1.0,1.0,-14.0,0,5657685.0,False,True,153.9,7.3188,0.2042,98.0,4.584967478670572,57731.47959183674,8.64,60.2,31.15,37.35,14.0,2042.0,151.0,17.0,11.258278145695362,11.72,23.05,65.23,2018-2,1963-4,0,56,32.0,35.0,1,1.0,0.0,0,0,1,0,19.0,防城港,2.9444389791664403
阳江,广东省,441700,阳江市,111.774357842,22.037940931599998,0,,1.7607,0.0,0.0,,0,7094626.0,False,True,367.02,5.0431,0.5201,297.0,5.6937321388027,23887.629629629628,13.69,40.6,45.71,182.12,51.0,5201.0,545.0,77.0,14.12844036697248,1.759999999999998,45.74,52.5,2018-10,1962-5,0,57,34.0,37.0,1,1.0,0.0,0,0,1,0,14.0,阳江,2.6390573296152584
阳泉,山西省,140300,阳泉市,113.500965647,38.0624173209,0,,2.9095,0.0,1.0,,0,4440648.0,False,True,288.84,4.4461,0.3893,132.0,4.882801922586372,33641.27272727273,0.45,42.49,57.06,31.47,49.0,3893.0,132.0,7.0,5.303030303030303,0.12000000000000455,62.37,37.51,2018-1,1962-11,0,57,29.0,29.0,2,1.0,0.0,1,0,1,0,4.0,阳泉,1.3862943611198906
陇南,甘肃省,621200,陇南市,105.210210478,33.5951144251,0,,2.3453,0.0,0.0,,0,1093212.0,False,True,102.73,1.3805,0.3869,287.0,5.6594822157596205,3809.101045296167,15.22,13.57,71.21,31.0,290.0,3869.0,81.0,0.0,0.0,10.700000000000003,20.49,68.81,2013-4,1966-10,0,53,34.0,28.0,6,2.0,1.0,0,0,0,1,4.0,陇南,1.3862943611198906
随州,湖北省,421300,随州市,113.42424683899999,31.8300892735,1,2020-02-07 00:00:00.000000000,4.7083,1.0,1.0,-13.0,0,4346800.0,False,True,260.48,3.8801,0.4268,250.0,5.521460917862246,17387.2,5.75,47.84,46.41,56.66,46.0,4268.0,698.0,22.0,3.151862464183381,0.3999999999999986,46.32,53.28,2018-11,1966-5,0,53,30.0,30.0,1,1.0,0.0,0,0,1,0,1307.0,随州,7.175489713624222
雅安,四川省,511800,雅安市,102.66298476,29.9161777925,0,,2.2774,1.0,1.0,,0,2398237.0,False,True,103.02,3.5335,0.3941,154.0,5.0369526024136295,15572.967532467532,14.92,37.58,47.5,66.1,44.0,3941.0,314.0,8.0,2.5477707006369434,0.6499999999999915,29.84,69.51,2017-11,1961-4,0,58,35.0,39.0,2,1.0,0.0,1,0,1,0,7.0,雅安,1.9459101490553132
青岛,山东省,370200,青岛市,120.14495225600001,36.4565011208,1,2020-02-05 00:00:00.000000000,3.4002,0.0,1.0,-12.0,1,84991300.0,False,True,694.03,10.9407,3.0867,803.0,6.688354713946763,105842.21668742217,1.81,40.03,58.16,89.72,410.0,30867.0,3569.0,1037.0,29.055757915382447,0.07000000000000027,51.27,48.66,2019-1,1963-7,0,56,33.0,36.0,1,1.0,0.0,0,0,0,1,60.0,青岛,4.0943445622221
鞍山,辽宁省,210300,鞍山市,123.009897722,40.7151416617,1,2020-02-05 00:00:00.000000000,2.989,1.0,1.0,-4.0,0,8640987.0,False,True,373.85,4.0532,0.6679999999999999,344.0,5.840641657373397,25119.148255813954,0.73,50.31,48.96,60.3,104.0,6680.0,561.0,46.0,8.19964349376114,0.37999999999999545,48.88,50.74,2018-10,1962-5,0,57,35.0,36.0,1,1.0,0.0,0,1,0,0,4.0,鞍山,1.3862943611198906
韶关,广东省,440200,韶关市,113.77177064899999,24.8181614558,0,,2.3092,0.0,0.0,,0,6383211.0,False,True,179.23,4.1388,0.5079,335.0,5.814130531825067,19054.36119402985,3.94,36.76,59.3,182.12,54.0,5079.0,536.0,70.0,13.059701492537313,0.4699999999999989,46.86,52.67,2018-12,1965-9,0,54,33.0,32.0,1,1.0,0.0,0,0,0,1,10.0,韶关,2.302585092994046
马鞍山,安徽省,340500,马鞍山市,118.613617984,31.5324669923,0,,2.7433,0.0,1.0,,0,10425427.0,False,True,565.57,6.5833,0.4756,229.0,5.433722003554242,45525.88209606987,1.2,53.91,44.88,36.14,62.0,4756.0,1054.0,59.0,5.597722960151803,0.3200000000000003,52.49,47.19,2017-12,1964-5,0,55,28.0,34.0,2,1.0,0.0,1,1,0,0,38.0,马鞍山,3.6375861597263857
驻马店,河南省,411700,驻马店市,114.147722799,32.924309933800004,1,2020-02-04 00:00:00.000000000,4.2239,1.0,1.0,-10.0,0,3668609.0,False,True,617.25,2.8305,1.2896,961.0,6.8679744089702925,3817.4911550468255,7.31,46.95,45.74,55.64,79.0,12896.0,1715.0,29.0,1.6909620991253644,0.8699999999999974,44.74,54.39,2017-12,1965-2,0,54,34.0,30.0,2,1.0,0.0,1,0,1,0,139.0,驻马店,4.9344739331306915
鸡西,黑龙江省,230300,鸡西市,132.304953614,45.541581934300005,0,,3.4545000000000003,0.0,1.0,,0,1654705.0,False,True,80.78,2.8647,0.4368,175.0,5.1647859739235145,9455.457142857143,4.39,45.33,50.28,31.47,68.0,4368.0,171.0,7.0,4.093567251461988,25.8,29.03,45.17,2018-6,1963-8,0,56,29.0,31.0,1,1.0,0.0,1,0,1,0,46.0,鸡西,3.828641396489095
鹤壁,河南省,410600,鹤壁市,114.305423005,35.7255681242,0,,3.5165,0.0,0.0,,0,3880451.0,False,True,774.52,4.794,0.3845,170.0,5.135798437050261,22826.182352941178,3.02,61.3,35.68,55.64,43.0,3845.0,484.0,5.0,1.0330578512396695,0.04999999999999717,66.25,33.7,2018-9,1963-10,0,56,35.0,38.0,1,1.0,0.0,1,0,1,0,19.0,鹤壁,2.9444389791664403
鹤岗,黑龙江省,230400,鹤岗市,130.805089477,47.6420277645,0,,2.9539,0.0,0.0,,0,1415313.0,False,True,72.21,2.5244,0.3067,101.0,4.61512051684126,14013.0,6.08,50.89,43.03,31.47,49.0,3067.0,123.0,5.0,4.0650406504065035,29.75,34.4,35.85,2016-12,1970-1,0,50,21.0,29.0,3,1.0,0.0,1,0,1,0,5.0,鹤岗,1.6094379124341003
鹰潭,江西省,360600,鹰潭市,117.10662186399999,28.2256766627,1,2020-02-06 00:00:00.000000000,3.3992,1.0,1.0,-9.0,0,2307944.0,False,True,356.74,6.0136,0.2586,128.0,4.852030263919617,18030.8125,0.86,44.98,54.16,32.02,35.0,2586.0,276.0,14.0,5.0724637681159415,0.1900000000000049,60.98,38.83,2018-3,1962-10,0,57,34.0,38.0,1,1.0,0.0,1,0,1,0,18.0,鹰潭,2.8903717578961645
黄冈,湖北省,421100,黄冈市,115.345945501,30.7206292921,1,2020-01-24 00:00:00.000000000,4.7151,1.0,1.0,0.0,0,2235000.0,False,True,426.19,2.7373,1.34,740.0,6.606650186198214,3020.2702702702704,6.95,44.3,48.75,56.66,68.0,13400.0,1496.0,47.0,3.141711229946524,2.719999999999999,56.33,40.95,2013-3,1963-9,0,56,37.0,35.0,6,1.0,0.0,1,0,1,0,2904.0,黄冈,7.973844375944687
黄山,安徽省,341000,黄山市,118.076421275,29.9061128863,0,,3.6062,0.0,1.0,,0,2869916.0,False,True,152.92,4.1905,0.3398,148.0,4.997212273764115,19391.324324324323,6.09,31.07,62.85,36.14,32.0,3398.0,528.0,16.0,3.0303030303030303,0.8900000000000006,30.45,68.66,2015-2,1966-10,0,53,33.0,29.0,4,1.0,0.0,0,0,1,0,9.0,黄山,2.1972245773362196
黄石,湖北省,420200,黄石市,115.02217204700001,29.928338113800002,1,2020-01-24 00:00:00.000000000,3.5625,1.0,1.0,1.0,0,7060400.0,False,True,584.77,5.3033,0.607,271.0,5.602118820879701,26053.13653136532,0.7,58.7,40.59,56.66,36.0,6070.0,735.0,37.0,5.034013605442176,0.3500000000000014,59.93,39.72,2018-8,1968-9,0,51,29.0,29.0,1,1.0,0.0,1,0,1,0,1013.0,黄石,6.920671504248683
黑河,黑龙江省,231100,黑河市,126.98119320299999,49.2629918971,0,,2.9355,1.0,1.0,,0,349527.0,False,True,24.58,2.7889,0.40299999999999997,161.0,5.081404364984463,2170.9751552795033,3.84,30.49,65.67,31.47,63.0,4030.0,111.0,6.0,5.405405405405406,19.94,14.92,65.14,2020-1,1963-7,0,56,37.0,40.0,0,1.0,0.0,1,1,0,0,14.0,黑河,2.6390573296152584
齐齐哈尔,黑龙江省,230200,齐齐哈尔市,124.54112308299999,47.696121325,0,,3.2268,1.0,1.0,,0,6366549.0,False,True,129.27,2.569,1.0377,534.0,6.280395838960196,11922.376404494382,3.98,28.65,67.36,31.47,116.0,10377.0,367.0,19.0,5.177111716621254,12.36,24.05,63.59,2016-2,1963-4,0,56,26.0,35.0,4,2.0,1.0,1,0,0,1,43.0,齐齐哈尔,3.7612001156935624
龙岩,福建省,350800,龙岩市,116.738310711,25.2923255265,0,,2.5532000000000004,0.0,0.0,,0,10326594.0,False,True,162.09,7.2354,0.5995,316.0,5.755742213586912,32679.09493670886,6.35,52.76,40.89,35.3,47.0,5995.0,1186.0,100.0,8.431703204047219,1.2199999999999989,39.88,58.9,2018-6,1961-12,0,58,36.0,37.0,1,1.0,0.0,0,1,0,0,6.0,龙岩,1.791759469228055
