provincecode,provincename,citycode,ctnm,inaug_time,off_month,birthmonth,name,note,race,time_of_data_entry,rule_in_covid,age_feb20,locked_down,daySinceFirstCase,lockdown_date,tenure,cityCode,cityFullName,cityName,prov,2020-01-24,2020-01-25,2020-01-26,2020-01-27,2020-01-28,2020-01-29,2020-01-30,2020-01-31,2020-02-01,2020-02-02,2020-02-03,2020-02-04,2020-02-05,2020-02-06,2020-02-07,2020-02-08,2020-02-09,2020-02-10,2020-02-11,2020-02-12,2020-02-13,2020-02-14,2020-02-15,2020-02-16,2020-02-17,2020-02-18,2020-02-19,2020-02-20,2020-02-21,2020-02-22,2020-02-23,2020-02-24,2020-02-25,2020-02-26,2020-02-27,2020-02-28,2020-02-29,sub_prov_ct
340000,安徽省,341500,六安市,2011-4,,1962-8,孙云飞,,汉族,2020-07-21 17:00:00,True,57,False,,,8,341500.0,六安市,六安,安徽省,2.0,2.0,3.0,3.0,4.0,6.0,8.0,9.0,13.0,13.0,20.0,30.0,34.0,36.0,41.0,51.0,54.0,57.0,59.0,59.0,60.0,61.0,63.0,65.0,68.0,68.0,69.0,69.0,69.0,69.0,69.0,69.0,69.0,69.0,69.0,69.0,69.0,0
530000,云南省,532800,西双版纳傣族自治州,2012-12,,1963-5,陈玉侯,,汉族,2020-07-21 17:00:00,True,56,False,,,7,532800.0,西双版纳傣族自治州,西双版纳,云南省,1.0,1.0,1.0,1.0,6.0,10.0,10.0,12.0,12.0,12.0,13.0,13.0,15.0,15.0,15.0,15.0,15.0,15.0,15.0,15.0,15.0,15.0,15.0,15.0,15.0,15.0,15.0,15.0,15.0,15.0,15.0,15.0,15.0,15.0,15.0,15.0,15.0,0
430000,湖南省,433100,湘西土家族苗族自治州,2013-1,,1958-6,叶红专,,土家族,2020-07-21 17:00:00,True,61,False,,,7,433100.0,湘西土家族苗族自治州,湘西自治州,湖南省,,,3.0,3.0,3.0,3.0,4.0,5.0,6.0,6.0,6.0,6.0,7.0,7.0,8.0,8.0,8.0,8.0,8.0,8.0,8.0,8.0,8.0,8.0,8.0,8.0,8.0,8.0,8.0,8.0,8.0,8.0,8.0,8.0,8.0,8.0,8.0,0
450000,广西壮族自治区,450200,柳州市,2013-1,,1959-10,郑俊康,,汉族,2020-07-21 17:00:00,True,60,False,,,7,450200.0,柳州市,柳州,广西壮族自治区,2.0,3.0,5.0,6.0,6.0,6.0,10.0,11.0,12.0,12.0,14.0,15.0,17.0,20.0,20.0,20.0,20.0,22.0,22.0,22.0,22.0,22.0,24.0,24.0,24.0,24.0,24.0,24.0,24.0,24.0,24.0,24.0,24.0,24.0,24.0,24.0,24.0,0
450000,广西壮族自治区,450300,桂林市,2013-1,,1960-1,赵乐秦,,汉族,2020-07-21 17:00:00,True,60,False,,,7,450300.0,桂林市,桂林,广西壮族自治区,2.0,6.0,11.0,14.0,15.0,16.0,18.0,18.0,21.0,23.0,24.0,24.0,26.0,27.0,28.0,29.0,29.0,30.0,30.0,31.0,31.0,31.0,31.0,31.0,31.0,31.0,31.0,31.0,31.0,32.0,32.0,32.0,32.0,32.0,32.0,32.0,32.0,0
450000,广西壮族自治区,451000,百色市,2013-2,,1961-11,彭晓春,,汉族,2020-07-21 17:00:00,True,58,False,,,6,451000.0,百色市,百色,广西壮族自治区,1.0,1.0,2.0,2.0,2.0,2.0,2.0,2.0,2.0,2.0,2.0,2.0,2.0,2.0,3.0,3.0,3.0,3.0,3.0,3.0,3.0,3.0,3.0,3.0,3.0,3.0,3.0,3.0,3.0,3.0,3.0,3.0,3.0,3.0,3.0,3.0,3.0,0
530000,云南省,530800,普洱市,2013-2,,1964-4,卫星,,汉族,2020-07-21 17:00:00,True,55,False,,,6,530800.0,普洱市,普洱,云南省,,,,,,1.0,3.0,4.0,4.0,4.0,4.0,4.0,4.0,4.0,4.0,4.0,4.0,4.0,4.0,4.0,4.0,4.0,4.0,4.0,4.0,4.0,4.0,4.0,4.0,4.0,4.0,4.0,4.0,4.0,4.0,4.0,4.0,0
130000,河北省,130400,邯郸市,2013-2,,1967-10,高宏志,,汉族,2020-07-21 17:00:00,True,52,False,,,6,130400.0,邯郸市,邯郸,河北省,,,2.0,2.0,4.0,4.0,6.0,7.0,10.0,11.0,11.0,14.0,14.0,18.0,22.0,26.0,27.0,27.0,27.0,29.0,31.0,31.0,31.0,31.0,31.0,31.0,31.0,31.0,31.0,31.0,32.0,32.0,32.0,32.0,32.0,32.0,32.0,0
610000,陕西省,610900,安康市,2013-3,,1963-10,郭青,,汉族,2020-07-21 17:00:00,True,56,False,,,6,610900.0,安康市,安康,陕西省,1.0,3.0,3.0,7.0,8.0,10.0,10.0,13.0,14.0,16.0,17.0,17.0,19.0,21.0,21.0,21.0,21.0,22.0,22.0,22.0,22.0,23.0,24.0,24.0,25.0,25.0,25.0,26.0,26.0,26.0,26.0,26.0,26.0,26.0,26.0,26.0,26.0,0
630000,青海省,632200,海北藏族自治州,2013-3,,1962-10,尼玛卓玛,,藏族,2020-07-21 17:00:00,True,57,False,,,6,632200.0,海北藏族自治州,海北州,青海省,,,,,,,,,,,1.0,3.0,3.0,3.0,3.0,3.0,3.0,3.0,3.0,3.0,3.0,3.0,3.0,3.0,3.0,3.0,3.0,3.0,3.0,3.0,3.0,3.0,3.0,3.0,3.0,3.0,3.0,0
420000,湖北省,421100,黄冈市,2013-3,,1963-9,刘雪荣,,汉族,2020-07-21 17:00:00,True,56,True,0.0,2020-01-24 00:00:00,6,421100.0,黄冈市,黄冈,湖北省,12.0,64.0,122.0,154.0,213.0,324.0,496.0,573.0,726.0,1002.0,1246.0,1422.0,1645.0,1807.0,1897.0,2041.0,2141.0,2252.0,2332.0,2398.0,2662.0,2791.0,2817.0,2823.0,2831.0,2828.0,2844.0,2839.0,2856.0,2899.0,2904.0,2904.0,2904.0,2904.0,2904.0,2904.0,2904.0,0
620000,甘肃省,621200,陇南市,2013-4,,1966-10,孙雪涛,,汉族,2020-07-21 17:00:00,True,53,False,,,6,621200.0,陇南市,陇南,甘肃省,,,,1.0,1.0,1.0,1.0,3.0,3.0,3.0,4.0,4.0,4.0,4.0,4.0,4.0,4.0,4.0,4.0,4.0,4.0,4.0,4.0,4.0,4.0,4.0,4.0,4.0,4.0,4.0,4.0,4.0,4.0,4.0,4.0,4.0,4.0,0
630000,青海省,632500,海南藏族自治州,2013-5,,1961-7,张文魁,,藏族,2020-07-21 17:00:00,True,58,False,,,6,,,,,,,,,,,,,,,,,,,,,,,,,,,,,,,,,,,,,,,,,,0
620000,甘肃省,620500,天水市,2013-9,,1963-10,王锐,,汉族,2020-07-21 17:00:00,True,56,False,,,6,620500.0,天水市,天水,甘肃省,,,,,1.0,1.0,2.0,2.0,3.0,3.0,8.0,10.0,10.0,10.0,10.0,12.0,12.0,12.0,12.0,12.0,12.0,12.0,12.0,12.0,12.0,12.0,12.0,12.0,12.0,12.0,12.0,12.0,12.0,12.0,12.0,12.0,12.0,0
650000,新疆维吾尔自治区,652900,阿克苏地区,2013-9,,1962-10,窦万贵,,汉族,2020-07-21 17:00:00,True,57,False,,,6,652900.0,阿克苏地区,阿克苏地区,新疆维吾尔自治区,,,,,,,,1.0,1.0,1.0,1.0,1.0,1.0,1.0,1.0,1.0,1.0,1.0,1.0,1.0,1.0,1.0,1.0,1.0,1.0,1.0,1.0,1.0,1.0,1.0,1.0,1.0,1.0,1.0,1.0,1.0,1.0,0
620000,甘肃省,623000,甘南藏族自治州,2014-11,,1962-10,俞成辉,,汉族,2020-07-21 17:00:00,True,57,False,,,5,,,,,,,,,,,,,,,,,,,,,,,,,,,,,,,,,,,,,,,,,,0
210000,辽宁省,211300,朝阳市,2014-3,,1964-5,蹇彪,,满族,2020-07-21 17:00:00,True,55,True,-12.0,2020-02-05 00:00:00,5,211300.0,朝阳市,朝阳,辽宁省,1.0,2.0,2.0,2.0,2.0,4.0,4.0,5.0,6.0,6.0,6.0,6.0,6.0,6.0,6.0,6.0,6.0,6.0,6.0,6.0,6.0,6.0,6.0,6.0,6.0,6.0,6.0,6.0,6.0,6.0,6.0,6.0,6.0,6.0,6.0,6.0,6.0,0
430000,湖南省,431200,怀化市,2014-6,,1963-1,彭国甫,,汉族,2020-07-21 17:00:00,True,57,False,,,5,431200.0,怀化市,怀化,湖南省,3.0,5.0,8.0,11.0,16.0,18.0,23.0,26.0,28.0,31.0,32.0,35.0,35.0,36.0,38.0,38.0,39.0,39.0,39.0,39.0,39.0,39.0,40.0,40.0,40.0,40.0,40.0,40.0,40.0,40.0,40.0,40.0,40.0,40.0,40.0,40.0,40.0,0
340000,安徽省,340400,淮南市,2014-8,,1961-6,沈强,,汉族,2020-07-21 17:00:00,True,58,False,,,5,340400.0,淮南市,淮南,安徽省,,,1.0,2.0,2.0,2.0,6.0,6.0,6.0,6.0,7.0,8.0,12.0,12.0,14.0,21.0,22.0,23.0,24.0,24.0,23.0,23.0,23.0,24.0,25.0,27.0,27.0,27.0,27.0,27.0,27.0,27.0,27.0,27.0,27.0,27.0,27.0,0
530000,云南省,530300,曲靖市,2015-10,,1962-10,李文荣,,汉族,2020-07-21 17:00:00,True,57,False,,,4,530300.0,曲靖市,曲靖,云南省,,1.0,1.0,2.0,2.0,5.0,5.0,5.0,5.0,5.0,6.0,9.0,10.0,10.0,10.0,11.0,11.0,12.0,13.0,13.0,13.0,13.0,13.0,13.0,13.0,13.0,13.0,13.0,13.0,13.0,13.0,13.0,13.0,13.0,13.0,13.0,13.0,0
530000,云南省,532500,红河哈尼族彝族自治州,2015-10,,1965-5,姚国华,,汉族,2020-07-21 17:00:00,True,54,False,,,4,532500.0,红河哈尼族彝族自治州,红河州,云南省,,1.0,1.0,2.0,2.0,2.0,4.0,4.0,5.0,5.0,5.0,5.0,5.0,5.0,5.0,5.0,5.0,6.0,6.0,7.0,7.0,8.0,8.0,8.0,8.0,8.0,8.0,8.0,9.0,9.0,9.0,9.0,9.0,9.0,9.0,9.0,9.0,0
130000,河北省,130800,承德市,2015-10,,1963-11,周仲明,,汉族,2020-07-21 17:00:00,True,56,False,,,4,130800.0,承德市,承德,河北省,,1.0,1.0,1.0,1.0,1.0,2.0,2.0,2.0,2.0,2.0,3.0,4.0,5.0,6.0,7.0,7.0,7.0,7.0,7.0,7.0,7.0,7.0,7.0,7.0,7.0,7.0,7.0,7.0,7.0,7.0,7.0,7.0,7.0,7.0,7.0,7.0,0
210000,辽宁省,211000,辽阳市,2015-10,,1963-12,王凤波,,汉族,2020-07-21 17:00:00,True,56,True,-8.0,2020-02-05 00:00:00,4,211000.0,辽阳市,辽阳,辽宁省,,,,,1.0,1.0,1.0,1.0,1.0,2.0,2.0,2.0,2.0,2.0,2.0,3.0,3.0,3.0,3.0,3.0,3.0,3.0,3.0,3.0,3.0,3.0,3.0,3.0,3.0,3.0,3.0,3.0,3.0,3.0,3.0,3.0,3.0,0
450000,广西壮族自治区,450800,贵港市,2015-12,,1962-10,李新元,,汉族,2020-07-21 17:00:00,True,57,False,,,4,450800.0,贵港市,贵港,广西壮族自治区,,,,,,,,,,4.0,5.0,5.0,5.0,7.0,7.0,7.0,7.0,8.0,8.0,8.0,8.0,8.0,8.0,8.0,8.0,8.0,8.0,8.0,8.0,8.0,8.0,8.0,8.0,8.0,8.0,8.0,8.0,0
450000,广西壮族自治区,451200,河池市,2015-12,,1962-9,何辛幸,,汉族,2020-07-21 17:00:00,True,57,False,,,4,451200.0,河池市,河池,广西壮族自治区,1.0,3.0,3.0,3.0,3.0,3.0,5.0,6.0,6.0,6.0,6.0,8.0,9.0,11.0,11.0,15.0,19.0,21.0,21.0,21.0,21.0,21.0,22.0,22.0,22.0,22.0,23.0,23.0,24.0,25.0,25.0,27.0,28.0,28.0,28.0,28.0,28.0,0
220000,吉林省,220800,白城市,2015-12,,1960-2,庞庆波,,汉族,2020-07-21 17:00:00,True,60,False,,,4,220800.0,白城市,白城,吉林省,,,,,,,,,,,,,,,,1.0,1.0,1.0,1.0,1.0,1.0,1.0,1.0,1.0,1.0,1.0,1.0,1.0,1.0,1.0,1.0,1.0,1.0,1.0,1.0,1.0,1.0,0
340000,安徽省,341000,黄山市,2015-2,,1966-10,任泽锋,,汉族,2020-07-21 17:00:00,True,53,False,,,4,341000.0,黄山市,黄山,安徽省,,,1.0,1.0,4.0,7.0,7.0,9.0,9.0,9.0,9.0,9.0,9.0,9.0,9.0,9.0,9.0,9.0,9.0,9.0,9.0,9.0,9.0,9.0,9.0,9.0,9.0,9.0,9.0,9.0,9.0,9.0,9.0,9.0,9.0,9.0,9.0,0
410000,河南省,410900,濮阳市,2015-2,,1963-2,宋殿宇,,汉族,2020-07-21 17:00:00,True,57,False,,,4,410900.0,濮阳市,濮阳,河南省,,,,,,1.0,1.0,3.0,3.0,3.0,3.0,4.0,4.0,5.0,5.0,7.0,9.0,10.0,11.0,13.0,13.0,13.0,17.0,17.0,17.0,17.0,17.0,17.0,17.0,17.0,17.0,17.0,17.0,17.0,17.0,17.0,17.0,0
510000,四川省,513400,凉山彝族自治州,2015-3,,1962-11,林书成,,汉族,2020-07-21 17:00:00,True,57,False,,,4,513400.0,凉山彝族自治州,凉山州,四川省,,,,1.0,2.0,2.0,2.0,3.0,5.0,5.0,6.0,6.0,7.0,7.0,7.0,9.0,9.0,10.0,10.0,10.0,10.0,10.0,11.0,13.0,13.0,13.0,13.0,13.0,13.0,13.0,13.0,13.0,13.0,13.0,13.0,13.0,13.0,0
630000,青海省,632600,果洛藏族自治州,2015-3,,1963-7,武玉嶂,,汉族,2020-07-21 17:00:00,True,56,False,,,4,,,,,,,,,,,,,,,,,,,,,,,,,,,,,,,,,,,,,,,,,,0
430000,湖南省,431000,郴州市,2015-4,,1962-5,易鹏飞,,汉族,2020-07-21 17:00:00,True,57,False,,,4,431000.0,郴州市,郴州,湖南省,1.0,1.0,3.0,6.0,7.0,7.0,10.0,12.0,13.0,18.0,21.0,22.0,24.0,25.0,29.0,31.0,32.0,32.0,33.0,38.0,38.0,39.0,39.0,39.0,39.0,39.0,39.0,39.0,39.0,39.0,39.0,39.0,39.0,39.0,39.0,39.0,39.0,0
610000,陕西省,610400,咸阳市,2015-4,,1961-11,岳亮,,汉族,2020-07-21 17:00:00,True,58,False,,,4,610400.0,咸阳市,咸阳,陕西省,1.0,3.0,3.0,4.0,4.0,5.0,5.0,6.0,8.0,9.0,9.0,11.0,15.0,15.0,15.0,16.0,16.0,17.0,17.0,17.0,17.0,17.0,17.0,17.0,17.0,17.0,17.0,17.0,17.0,17.0,17.0,17.0,17.0,17.0,17.0,17.0,17.0,0
360000,江西省,361000,抚州市,2015-4,,1962-5,肖毅,,汉族,2020-07-21 17:00:00,True,57,True,-13.0,2020-02-06 00:00:00,4,361000.0,抚州市,抚州,江西省,1.0,4.0,6.0,7.0,8.0,9.0,13.0,15.0,18.0,24.0,29.0,34.0,44.0,46.0,56.0,59.0,63.0,64.0,67.0,68.0,69.0,71.0,72.0,72.0,72.0,72.0,72.0,72.0,72.0,72.0,72.0,72.0,72.0,72.0,72.0,72.0,72.0,0
630000,青海省,630100,西宁市,2015-5,,1968-5,王晓,,汉族,2020-07-21 17:00:00,True,51,False,,,4,630100.0,西宁市,西宁,青海省,,1.0,,6.0,6.0,6.0,6.0,8.0,9.0,9.0,12.0,12.0,14.0,15.0,15.0,15.0,15.0,15.0,15.0,15.0,15.0,15.0,15.0,15.0,15.0,15.0,15.0,15.0,15.0,15.0,15.0,15.0,15.0,15.0,15.0,15.0,15.0,0
450000,广西壮族自治区,450100,南宁市,2015-5,,1962-1,王小东,,汉族,2020-07-21 17:00:00,True,58,True,-10.0,2020-02-05 00:00:00,4,450100.0,南宁市,南宁,广西壮族自治区,,,1.0,5.0,5.0,7.0,15.0,16.0,16.0,16.0,22.0,27.0,28.0,30.0,31.0,32.0,35.0,37.0,41.0,44.0,44.0,47.0,49.0,50.0,51.0,54.0,54.0,54.0,54.0,55.0,55.0,55.0,55.0,55.0,55.0,55.0,55.0,0
510000,四川省,513300,甘孜藏族自治州,2015-6,,1963-2,刘成鸣,,汉族,2020-07-21 17:00:00,True,57,False,,,4,513300.0,甘孜藏族自治州,甘孜州,四川省,,,2.0,2.0,3.0,3.0,5.0,5.0,5.0,5.0,6.0,8.0,10.0,12.0,17.0,17.0,17.0,23.0,27.0,36.0,37.0,43.0,44.0,50.0,57.0,62.0,65.0,67.0,68.0,69.0,69.0,69.0,69.0,71.0,74.0,78.0,78.0,0
610000,陕西省,610600,延安市,2015-6,,1962-4,徐新荣,,汉族,2020-07-21 17:00:00,True,57,False,,,4,610600.0,延安市,延安,陕西省,1.0,1.0,1.0,2.0,2.0,3.0,3.0,7.0,7.0,7.0,7.0,7.0,7.0,7.0,7.0,8.0,8.0,8.0,8.0,8.0,8.0,8.0,8.0,8.0,8.0,8.0,8.0,8.0,8.0,8.0,8.0,8.0,8.0,8.0,8.0,8.0,8.0,0
630000,青海省,632700,玉树藏族自治州,2015-7,,1965-5,吴德军,,汉族,2020-07-21 17:00:00,True,54,False,,,4,,,,,,,,,,,,,,,,,,,,,,,,,,,,,,,,,,,,,,,,,,0
630000,青海省,632800,海西蒙古族藏族自治州,2015-7,,1969-8,文国栋,,汉族,2020-07-21 17:00:00,True,50,False,,,4,,,,,,,,,,,,,,,,,,,,,,,,,,,,,,,,,,,,,,,,,,0
360000,江西省,360700,赣州市,2015-7,,1963-2,李炳军,,汉族,2020-07-21 17:00:00,True,57,True,-12.0,2020-02-06 00:00:00,4,360700.0,赣州市,赣州,江西省,,2.0,7.0,7.0,10.0,16.0,21.0,27.0,30.0,34.0,35.0,42.0,48.0,52.0,59.0,64.0,69.0,71.0,72.0,72.0,76.0,76.0,76.0,76.0,76.0,76.0,76.0,76.0,76.0,76.0,76.0,76.0,76.0,76.0,76.0,76.0,76.0,0
530000,云南省,530100,昆明市,2015-7,,1961-12,程连元,,汉族,2020-07-21 17:00:00,True,58,True,-12.0,2020-02-05 00:00:00,4,530100.0,昆明市,昆明,云南省,3.0,4.0,4.0,7.0,12.0,15.0,21.0,25.0,30.0,31.0,32.0,34.0,35.0,40.0,41.0,41.0,42.0,45.0,46.0,46.0,48.0,48.0,48.0,51.0,51.0,52.0,53.0,53.0,53.0,53.0,53.0,53.0,53.0,53.0,53.0,53.0,53.0,0
360000,江西省,360200,景德镇市,2015-8,,1963-6,钟志生,,汉族,2020-07-21 17:00:00,True,56,True,-10.0,2020-02-04 00:00:00,4,360200.0,景德镇市,景德镇,江西省,,1.0,1.0,2.0,2.0,2.0,2.0,3.0,3.0,3.0,3.0,4.0,4.0,4.0,4.0,4.0,5.0,5.0,5.0,5.0,5.0,5.0,5.0,5.0,6.0,6.0,6.0,6.0,6.0,6.0,6.0,6.0,6.0,6.0,6.0,6.0,6.0,0
450000,广西壮族自治区,451400,崇左市,2016-1,,1963-8,刘有明,,汉族,2020-07-21 17:00:00,True,56,False,,,4,,,,,,,,,,,,,,,,,,,,,,,,,,,,,,,,,,,,,,,,,,0
620000,甘肃省,620100,兰州市,2016-10,,1966-9,李荣灿,,汉族,2020-07-21 17:00:00,True,53,False,,,3,620100.0,兰州市,兰州,甘肃省,1.0,2.0,4.0,8.0,11.0,14.0,14.0,15.0,23.0,23.0,26.0,30.0,30.0,30.0,32.0,33.0,33.0,33.0,35.0,35.0,35.0,35.0,35.0,35.0,36.0,36.0,36.0,36.0,36.0,36.0,36.0,36.0,36.0,36.0,36.0,36.0,36.0,0
620000,甘肃省,621000,庆阳市,2016-10,,1963-4,贠建民,,汉族,2020-07-21 17:00:00,True,56,False,,,3,621000.0,庆阳市,庆阳,甘肃省,,,,,,,,,,,1.0,1.0,1.0,2.0,2.0,2.0,2.0,3.0,3.0,3.0,3.0,3.0,3.0,3.0,3.0,3.0,3.0,3.0,3.0,3.0,3.0,3.0,3.0,3.0,3.0,3.0,3.0,0
450000,广西壮族自治区,450500,北海市,2016-11,,1962-12,王乃学,,汉族,2020-07-21 17:00:00,True,57,False,,,3,450500.0,北海市,北海,广西壮族自治区,6.0,6.0,9.0,9.0,11.0,13.0,15.0,17.0,23.0,23.0,26.0,27.0,29.0,31.0,31.0,32.0,33.0,35.0,36.0,39.0,39.0,40.0,43.0,43.0,43.0,44.0,44.0,44.0,44.0,44.0,44.0,44.0,44.0,44.0,44.0,44.0,44.0,0
450000,广西壮族自治区,451100,贺州市,2016-11,,1963-10,李宏庆,,汉族,2020-07-21 17:00:00,True,56,False,,,3,451100.0,贺州市,贺州,广西壮族自治区,,,,,,,1.0,1.0,1.0,3.0,4.0,4.0,4.0,4.0,4.0,4.0,4.0,4.0,4.0,4.0,4.0,4.0,4.0,4.0,4.0,4.0,4.0,4.0,4.0,4.0,4.0,4.0,4.0,4.0,4.0,4.0,4.0,0
520000,贵州省,520500,毕节市,2016-11,,1960-6,周建琨,,汉族,2020-07-21 17:00:00,True,59,False,,,3,520500.0,毕节市,毕节,贵州省,,,,,,,1.0,3.0,3.0,4.0,4.0,9.0,11.0,13.0,17.0,21.0,21.0,21.0,21.0,22.0,22.0,23.0,23.0,23.0,23.0,23.0,23.0,23.0,23.0,23.0,23.0,23.0,23.0,23.0,23.0,23.0,23.0,0
130000,河北省,130100,石家庄市,2016-11,,1961-3,邢国辉,,汉族,2020-07-21 17:00:00,True,58,True,-13.0,2020-02-06 00:00:00,3,130100.0,石家庄市,石家庄,河北省,1.0,4.0,5.0,7.0,9.0,10.0,11.0,11.0,12.0,13.0,16.0,21.0,21.0,24.0,24.0,24.0,24.0,25.0,27.0,27.0,27.0,27.0,27.0,28.0,28.0,28.0,28.0,28.0,28.0,29.0,29.0,29.0,29.0,29.0,29.0,29.0,29.0,0
130000,河北省,130100,石家庄市,2016-11,,1961-3,邢国辉,,汉族,2020-07-21 17:00:00,True,58,True,-13.0,2020-02-06 00:00:00,3,130100.0,石家庄市,石家庄,河北省,1.0,4.0,5.0,7.0,9.0,10.0,11.0,11.0,12.0,13.0,16.0,21.0,21.0,24.0,24.0,24.0,24.0,25.0,27.0,27.0,27.0,27.0,27.0,28.0,28.0,28.0,28.0,28.0,28.0,29.0,29.0,29.0,29.0,29.0,29.0,29.0,29.0,0
130000,河北省,130900,沧州市,2016-11,,1965-7,杨慧,,汉族,2020-07-21 17:00:00,True,54,True,-16.0,2020-02-09 00:00:00,3,130900.0,沧州市,沧州,河北省,1.0,2.0,2.0,2.0,5.0,8.0,12.0,18.0,19.0,19.0,19.0,20.0,20.0,21.0,23.0,28.0,28.0,28.0,32.0,37.0,42.0,45.0,46.0,47.0,47.0,48.0,48.0,48.0,48.0,48.0,48.0,48.0,48.0,48.0,48.0,48.0,48.0,0
140000,山西省,140200,大同市,2016-11,,1964-9,张吉福,,汉族,2020-07-21 17:00:00,True,55,False,,,3,140200.0,大同市,大同,山西省,,1.0,1.0,1.0,1.0,3.0,4.0,5.0,6.0,8.0,9.0,9.0,9.0,9.0,9.0,10.0,11.0,11.0,11.0,11.0,12.0,12.0,12.0,12.0,12.0,12.0,12.0,12.0,12.0,12.0,12.0,12.0,12.0,12.0,12.0,12.0,12.0,0
140000,山西省,141100,吕梁市,2016-11,,1962-8,李正印,,汉族,2020-07-21 17:00:00,True,57,False,,,3,141100.0,吕梁市,吕梁,山西省,,,,1.0,3.0,3.0,4.0,5.0,5.0,5.0,5.0,5.0,5.0,6.0,6.0,6.0,6.0,6.0,6.0,6.0,6.0,6.0,6.0,6.0,6.0,6.0,6.0,6.0,6.0,6.0,6.0,6.0,6.0,6.0,6.0,6.0,6.0,0
150000,内蒙古自治区,150200,包头市,2016-11,,1959-11,张院忠,,汉族,2020-07-21 17:00:00,True,60,True,-17.0,2020-02-13 00:00:00,3,150200.0,包头市,包头,内蒙古自治区,,,,2.0,3.0,3.0,3.0,3.0,3.0,5.0,6.0,6.0,7.0,9.0,9.0,10.0,10.0,11.0,11.0,11.0,11.0,11.0,11.0,11.0,11.0,11.0,11.0,11.0,11.0,11.0,11.0,11.0,11.0,11.0,11.0,11.0,11.0,0
230000,黑龙江省,231200,绥化市,2016-12,,1963-6,曲敏,,汉族,2020-07-21 17:00:00,True,56,False,,,3,231200.0,绥化市,绥化,黑龙江省,1.0,1.0,2.0,3.0,8.0,8.0,10.0,12.0,13.0,14.0,16.0,22.0,24.0,29.0,39.0,44.0,35.0,37.0,39.0,43.0,45.0,45.0,46.0,46.0,46.0,46.0,47.0,47.0,47.0,47.0,47.0,47.0,47.0,47.0,47.0,47.0,47.0,0
340000,安徽省,341300,宿州市,2016-12,,1963-11,史翔,,汉族,2020-07-21 17:00:00,True,56,False,,,3,341300.0,宿州市,宿州,安徽省,,,2.0,3.0,3.0,9.0,10.0,10.0,12.0,14.0,21.0,23.0,24.0,25.0,27.0,28.0,28.0,31.0,33.0,36.0,38.0,39.0,39.0,39.0,40.0,41.0,41.0,41.0,41.0,41.0,41.0,41.0,41.0,41.0,41.0,41.0,41.0,0
410000,河南省,411300,南阳市,2016-12,,1961-9,张文深,,汉族,2020-07-21 17:00:00,True,58,False,,,3,411300.0,南阳市,南阳,河南省,,8.0,15.0,19.0,26.0,31.0,51.0,61.0,66.0,62.0,84.0,99.0,107.0,111.0,118.0,128.0,133.0,134.0,136.0,138.0,145.0,146.0,150.0,151.0,154.0,155.0,155.0,155.0,155.0,155.0,155.0,155.0,155.0,155.0,156.0,156.0,156.0,0
430000,湖南省,430800,张家界市,2016-12,,1964-9,虢正贵,,汉族,2020-07-21 17:00:00,True,55,False,,,3,430800.0,张家界市,张家界,湖南省,,,,,,,1.0,1.0,2.0,3.0,3.0,3.0,3.0,3.0,5.0,5.0,5.0,5.0,5.0,5.0,5.0,5.0,5.0,5.0,5.0,5.0,5.0,5.0,5.0,5.0,5.0,5.0,5.0,5.0,5.0,5.0,5.0,0
430000,湖南省,430900,益阳市,2016-12,,1966-1,瞿海,,汉族,2020-07-21 17:00:00,True,54,False,,,3,430900.0,益阳市,益阳,湖南省,,4.0,4.0,7.0,10.0,14.0,17.0,20.0,24.0,27.0,30.0,35.0,40.0,41.0,43.0,44.0,46.0,53.0,54.0,58.0,59.0,59.0,59.0,59.0,59.0,59.0,59.0,59.0,59.0,59.0,59.0,59.0,59.0,59.0,59.0,59.0,60.0,0
650000,新疆维吾尔自治区,653100,喀什地区,2016-12,,1965-3,李宁平,,汉族,2020-07-21 17:00:00,True,54,False,,,3,,,,,,,,,,,,,,,,,,,,,,,,,,,,,,,,,,,,,,,,,,0
150000,内蒙古自治区,150300,乌海市,2016-12,,1963-4,史万钧,,蒙古族,2020-07-21 17:00:00,True,56,True,-11.0,2020-02-13 00:00:00,3,150300.0,乌海市,乌海,内蒙古自治区,,,,,,,,,,1.0,1.0,1.0,2.0,2.0,2.0,2.0,2.0,2.0,2.0,2.0,2.0,2.0,2.0,2.0,2.0,2.0,2.0,2.0,2.0,2.0,2.0,2.0,2.0,2.0,2.0,2.0,2.0,0
150000,内蒙古自治区,150600,鄂尔多斯市,2016-12,,1962-1,牛俊雁,,汉族,2020-07-21 17:00:00,True,58,True,-19.0,2020-02-13 00:00:00,3,150600.0,鄂尔多斯市,鄂尔多斯,内蒙古自治区,,2.0,2.0,2.0,2.0,2.0,3.0,3.0,5.0,6.0,9.0,9.0,11.0,11.0,11.0,11.0,11.0,11.0,11.0,11.0,11.0,11.0,11.0,11.0,11.0,11.0,11.0,11.0,11.0,11.0,11.0,11.0,11.0,11.0,11.0,11.0,11.0,0
230000,黑龙江省,230400,鹤岗市,2016-12,,1970-1,张恩亮,,满族,2020-07-21 17:00:00,True,50,False,,,3,230400.0,鹤岗市,鹤岗,黑龙江省,,,,,,,1.0,1.0,1.0,1.0,1.0,2.0,2.0,2.0,2.0,3.0,4.0,5.0,5.0,5.0,5.0,5.0,5.0,5.0,5.0,5.0,5.0,5.0,5.0,5.0,5.0,5.0,5.0,5.0,5.0,5.0,5.0,0
420000,湖北省,420300,十堰市,2016-12,,1963-10,张维国,,汉族,2020-07-21 17:00:00,True,56,True,0.0,2020-01-24 00:00:00,3,420300.0,十堰市,十堰,湖北省,1.0,5.0,20.0,40.0,65.0,88.0,119.0,150.0,177.0,212.0,256.0,291.0,318.0,353.0,395.0,438.0,467.0,481.0,505.0,536.0,562.0,586.0,597.0,602.0,612.0,626.0,638.0,641.0,654.0,659.0,667.0,669.0,671.0,671.0,671.0,671.0,671.0,0
510000,四川省,510800,广元市,2016-2,,1963-10,王菲,,汉族,2020-07-21 17:00:00,True,56,False,,,4,510800.0,广元市,广元,四川省,,,,,,1.0,3.0,2.0,2.0,5.0,5.0,6.0,6.0,6.0,6.0,6.0,6.0,6.0,6.0,6.0,6.0,6.0,6.0,6.0,6.0,6.0,6.0,6.0,6.0,6.0,6.0,6.0,6.0,6.0,6.0,6.0,6.0,0
510000,四川省,511100,乐山市,2016-2,,1963-6,彭琳,,汉族,2020-07-21 17:00:00,True,56,False,,,4,511100.0,乐山市,乐山,四川省,,,1.0,1.0,2.0,2.0,2.0,2.0,2.0,2.0,2.0,2.0,2.0,2.0,3.0,3.0,3.0,3.0,3.0,3.0,3.0,3.0,3.0,3.0,3.0,3.0,3.0,3.0,3.0,3.0,3.0,3.0,3.0,3.0,3.0,3.0,3.0,0
510000,四川省,511700,达州市,2016-2,,1963-8,包惠,,汉族,2020-07-21 17:00:00,True,56,False,,,4,511700.0,达州市,达州,四川省,1.0,1.0,1.0,3.0,3.0,4.0,6.0,8.0,9.0,9.0,11.0,13.0,17.0,20.0,23.0,25.0,25.0,28.0,30.0,33.0,36.0,36.0,36.0,36.0,38.0,39.0,40.0,40.0,41.0,41.0,41.0,41.0,42.0,42.0,42.0,42.0,42.0,0
230000,黑龙江省,230200,齐齐哈尔市,2016-2,,1963-4,孙珅,,汉族,2020-07-21 17:00:00,True,56,False,,,4,230200.0,齐齐哈尔市,齐齐哈尔,黑龙江省,,,1.0,1.0,2.0,3.0,3.0,3.0,3.0,3.0,6.0,6.0,20.0,26.0,27.0,27.0,27.0,30.0,32.0,33.0,33.0,36.0,36.0,38.0,42.0,43.0,43.0,43.0,43.0,43.0,43.0,43.0,43.0,43.0,43.0,43.0,43.0,0
440000,广东省,440600,佛山市,2016-2,,1964-10,鲁毅,,汉族,2020-07-21 17:00:00,True,55,True,-15.0,2020-02-08 00:00:00,4,440600.0,佛山市,佛山,广东省,7.0,9.0,10.0,14.0,18.0,21.0,25.0,33.0,39.0,43.0,45.0,49.0,50.0,57.0,59.0,64.0,67.0,70.0,70.0,78.0,81.0,82.0,84.0,84.0,84.0,84.0,84.0,84.0,84.0,84.0,84.0,84.0,84.0,84.0,84.0,84.0,84.0,0
530000,云南省,530500,保山市,2016-3,,1962-5,赵德光,,彝族,2020-07-21 17:00:00,True,57,False,,,3,530500.0,保山市,保山,云南省,,,2.0,3.0,4.0,4.0,5.0,6.0,8.0,8.0,8.0,8.0,8.0,8.0,9.0,9.0,9.0,9.0,9.0,9.0,9.0,9.0,9.0,9.0,9.0,9.0,9.0,9.0,9.0,9.0,9.0,9.0,9.0,9.0,9.0,9.0,9.0,0
150000,内蒙古自治区,152200,兴安盟,2016-3,,1967-12,张恩惠,,汉族,2020-07-21 17:00:00,True,52,True,-17.0,2020-02-13 00:00:00,3,152200.0,兴安盟,兴安盟,内蒙古自治区,,,,1.0,1.0,1.0,1.0,1.0,1.0,1.0,1.0,1.0,1.0,1.0,1.0,1.0,1.0,1.0,1.0,1.0,1.0,1.0,1.0,1.0,1.0,1.0,1.0,1.0,1.0,1.0,1.0,1.0,1.0,1.0,1.0,1.0,1.0,0
150000,内蒙古自治区,152500,锡林郭勒盟,2016-3,,1962-5,罗虎在,,汉族,2020-07-21 17:00:00,True,57,True,-18.0,2020-02-13 00:00:00,3,152500.0,锡林郭勒盟,锡林郭勒盟,内蒙古自治区,,2.0,2.0,2.0,2.0,2.0,2.0,2.0,2.0,2.0,2.0,2.0,2.0,2.0,2.0,2.0,2.0,2.0,2.0,2.0,3.0,5.0,6.0,6.0,8.0,8.0,9.0,9.0,9.0,9.0,9.0,9.0,9.0,9.0,9.0,9.0,9.0,0
360000,江西省,360300,萍乡市,2016-3,,1968-8,李小豹,,汉族,2020-07-21 17:00:00,True,51,True,-13.0,2020-02-06 00:00:00,3,360300.0,萍乡市,萍乡,江西省,1.0,1.0,2.0,2.0,2.0,2.0,5.0,8.0,9.0,15.0,18.0,20.0,22.0,23.0,24.0,24.0,24.0,25.0,26.0,29.0,29.0,31.0,32.0,32.0,33.0,33.0,33.0,33.0,33.0,33.0,33.0,33.0,33.0,33.0,33.0,33.0,33.0,0
340000,安徽省,340800,安庆市,2016-4,,1964-12,魏晓明,,汉族,2020-07-21 17:00:00,True,55,False,,,3,340800.0,安庆市,安庆,安徽省,1.0,4.0,5.0,8.0,8.0,14.0,18.0,18.0,31.0,43.0,47.0,55.0,56.0,60.0,66.0,71.0,75.0,78.0,80.0,80.0,80.0,81.0,82.0,82.0,83.0,83.0,83.0,83.0,83.0,83.0,83.0,83.0,83.0,83.0,83.0,83.0,83.0,0
340000,安徽省,341600,亳州市,2016-4,,1965-3,汪一光,,汉族,2020-07-21 17:00:00,True,54,False,,,3,341600.0,亳州市,亳州,安徽省,1.0,4.0,6.0,6.0,8.0,15.0,20.0,20.0,25.0,30.0,39.0,48.0,58.0,66.0,72.0,81.0,87.0,92.0,92.0,97.0,100.0,106.0,107.0,108.0,108.0,108.0,108.0,108.0,108.0,108.0,108.0,108.0,108.0,108.0,108.0,108.0,108.0,0
430000,湖南省,430200,株洲市,2016-4,,1962-9,毛腾飞,,汉族,2020-07-21 17:00:00,True,57,False,,,3,430200.0,株洲市,株洲,湖南省,1.0,1.0,3.0,5.0,7.0,13.0,18.0,19.0,22.0,25.0,26.0,34.0,38.0,41.0,46.0,48.0,58.0,61.0,68.0,71.0,75.0,77.0,78.0,78.0,78.0,78.0,78.0,78.0,78.0,79.0,80.0,80.0,80.0,80.0,80.0,80.0,80.0,0
430000,湖南省,430300,湘潭市,2016-4,,1964-5,曹炯芳,,汉族,2020-07-21 17:00:00,True,55,False,,,3,430300.0,湘潭市,湘潭,湖南省,1.0,2.0,3.0,4.0,6.0,8.0,9.0,10.0,13.0,16.0,19.0,21.0,23.0,24.0,25.0,28.0,28.0,31.0,32.0,32.0,32.0,34.0,35.0,35.0,35.0,35.0,35.0,35.0,35.0,36.0,36.0,36.0,36.0,36.0,36.0,36.0,36.0,0
430000,湖南省,430500,邵阳市,2016-4,,1961-10,龚文密,,汉族,2020-07-21 17:00:00,True,58,False,,,3,430500.0,邵阳市,邵阳,湖南省,,2.0,2.0,8.0,11.0,19.0,29.0,36.0,41.0,49.0,51.0,55.0,68.0,74.0,83.0,86.0,87.0,89.0,91.0,94.0,99.0,100.0,100.0,101.0,101.0,101.0,102.0,102.0,102.0,102.0,102.0,102.0,102.0,102.0,102.0,102.0,102.0,0
360000,江西省,361100,上饶市,2016-4,,1962-11,马承祖,,汉族,2020-07-21 17:00:00,True,57,True,-12.0,2020-02-06 00:00:00,3,361100.0,上饶市,上饶,江西省,,2.0,6.0,6.0,7.0,9.0,11.0,12.0,16.0,19.0,32.0,50.0,69.0,78.0,86.0,92.0,98.0,103.0,111.0,116.0,119.0,122.0,123.0,123.0,123.0,123.0,123.0,123.0,123.0,123.0,123.0,123.0,123.0,123.0,123.0,123.0,123.0,0
410000,河南省,410500,安阳市,2016-5,,1962-3,李公乐,,汉族,2020-07-21 17:00:00,True,57,False,,,3,410500.0,安阳市,安阳,河南省,,,3.0,7.0,11.0,14.0,16.0,20.0,24.0,24.0,29.0,33.0,35.0,37.0,40.0,43.0,44.0,45.0,46.0,49.0,50.0,50.0,51.0,51.0,51.0,52.0,52.0,53.0,53.0,53.0,53.0,53.0,53.0,53.0,53.0,53.0,53.0,0
410000,河南省,410800,焦作市,2016-5,,1962-11,王小平,,汉族,2020-07-21 17:00:00,True,57,False,,,3,410800.0,焦作市,焦作,河南省,,,,,2.0,2.0,2.0,2.0,2.0,7.0,8.0,12.0,15.0,17.0,18.0,20.0,24.0,25.0,28.0,28.0,29.0,29.0,30.0,30.0,32.0,32.0,32.0,32.0,32.0,32.0,32.0,32.0,32.0,32.0,32.0,32.0,32.0,0
450000,广西壮族自治区,451300,来宾市,2016-5,,1965-8,农生文,,壮族,2020-07-21 17:00:00,True,54,False,,,3,451300.0,来宾市,来宾,广西壮族自治区,,,,,,,,,,,,,,1.0,1.0,3.0,7.0,11.0,11.0,11.0,11.0,11.0,11.0,11.0,11.0,11.0,11.0,11.0,11.0,11.0,11.0,11.0,11.0,11.0,11.0,11.0,11.0,0
410000,河南省,411500,信阳市,2016-5,,1961-10,乔新江,,汉族,2020-07-21 17:00:00,True,58,True,-13.0,2020-02-06 00:00:00,3,411500.0,信阳市,信阳,河南省,1.0,5.0,22.0,23.0,29.0,32.0,42.0,49.0,70.0,88.0,99.0,112.0,138.0,164.0,176.0,192.0,205.0,220.0,228.0,231.0,240.0,243.0,252.0,261.0,262.0,266.0,268.0,269.0,270.0,273.0,274.0,274.0,274.0,274.0,274.0,274.0,274.0,0
440000,广东省,440700,江门市,2016-6,,1963-1,林应武,,汉族,2020-07-21 17:00:00,True,57,False,,,3,440700.0,江门市,江门,广东省,,,,,,1.0,1.0,2.0,3.0,3.0,4.0,6.0,7.0,9.0,14.0,15.0,19.0,20.0,20.0,21.0,22.0,22.0,22.0,23.0,23.0,23.0,23.0,23.0,23.0,23.0,23.0,23.0,23.0,23.0,23.0,23.0,23.0,0
540000,西藏自治区,540200,日喀则市,2016-6,,1964-6,张延清,,藏族,2020-07-21 17:00:00,True,55,False,,,3,,,,,,,,,,,,,,,,,,,,,,,,,,,,,,,,,,,,,,,,,,0
540000,西藏自治区,540400,林芝市,2016-6,,1961-12,马升昌,,汉族,2020-07-21 17:00:00,True,58,False,,,3,,,,,,,,,,,,,,,,,,,,,,,,,,,,,,,,,,,,,,,,,,0
130000,河北省,131000,廊坊市,2016-6,,1965-9,冯韶慧,,汉族,2020-07-21 17:00:00,True,54,False,,,3,131000.0,廊坊市,廊坊,河北省,,,,2.0,6.0,9.0,9.0,9.0,11.0,11.0,12.0,12.0,13.0,14.0,15.0,20.0,22.0,24.0,26.0,28.0,29.0,29.0,29.0,30.0,30.0,30.0,30.0,30.0,30.0,30.0,30.0,30.0,30.0,30.0,30.0,30.0,30.0,0
510000,四川省,511500,宜宾市,2016-6,,1962-11,刘中伯,,汉族,2020-07-21 17:00:00,True,57,True,-10.0,2020-02-06 00:00:00,3,511500.0,宜宾市,宜宾,四川省,,,,1.0,1.0,2.0,5.0,7.0,7.0,7.0,7.0,7.0,7.0,8.0,9.0,9.0,9.0,9.0,9.0,10.0,11.0,11.0,11.0,11.0,11.0,12.0,12.0,12.0,12.0,12.0,12.0,12.0,12.0,12.0,12.0,12.0,12.0,0
510000,四川省,511300,南充市,2016-7,,1962-6,宋朝华,,汉族,2020-07-21 17:00:00,True,57,False,,,3,511300.0,南充市,南充,四川省,,,2.0,2.0,4.0,5.0,9.0,11.0,16.0,23.0,26.0,27.0,28.0,29.0,30.0,31.0,32.0,33.0,34.0,34.0,35.0,35.0,35.0,35.0,35.0,38.0,38.0,38.0,38.0,38.0,38.0,39.0,39.0,39.0,39.0,39.0,39.0,0
510000,四川省,511000,内江市,2016-7,,1964-10,马波,,汉族,2020-07-21 17:00:00,True,55,True,-12.0,2020-02-06 00:00:00,3,511000.0,内江市,内江,四川省,,1.0,1.0,1.0,3.0,4.0,4.0,6.0,10.0,11.0,12.0,15.0,15.0,16.0,17.0,17.0,17.0,17.0,18.0,20.0,21.0,21.0,22.0,22.0,22.0,22.0,22.0,22.0,22.0,22.0,22.0,22.0,22.0,22.0,22.0,22.0,22.0,0
410000,河南省,411200,三门峡市,2016-8,,1963-10,刘南昌,,汉族,2020-07-21 17:00:00,True,56,False,,,3,411200.0,三门峡市,三门峡,河南省,1.0,1.0,2.0,3.0,3.0,4.0,5.0,6.0,7.0,7.0,7.0,7.0,7.0,7.0,7.0,7.0,7.0,7.0,7.0,7.0,7.0,7.0,7.0,7.0,7.0,7.0,7.0,7.0,7.0,7.0,7.0,7.0,7.0,7.0,7.0,7.0,7.0,0
410000,河南省,411400,商丘市,2016-8,,1965-2,王战营,,汉族,2020-07-21 17:00:00,True,54,False,,,3,411400.0,商丘市,商丘,河南省,,,,6.0,7.0,14.0,18.0,27.0,29.0,36.0,50.0,60.0,61.0,65.0,72.0,76.0,82.0,83.0,86.0,86.0,87.0,88.0,90.0,91.0,91.0,91.0,91.0,91.0,91.0,91.0,91.0,91.0,91.0,91.0,91.0,91.0,91.0,0
520000,贵州省,520600,铜仁市,2016-8,,1970-1,陈昌旭,,汉族,2020-07-21 17:00:00,True,50,False,,,3,520600.0,铜仁市,铜仁,贵州省,1.0,2.0,2.0,2.0,2.0,2.0,2.0,3.0,3.0,3.0,6.0,6.0,6.0,6.0,6.0,6.0,7.0,8.0,9.0,10.0,10.0,10.0,10.0,10.0,10.0,10.0,10.0,10.0,10.0,10.0,10.0,10.0,10.0,10.0,10.0,10.0,10.0,0
340000,安徽省,340600,淮北市,2016-8,,1965-2,黄晓武,,汉族,2020-07-21 17:00:00,True,54,True,-14.0,2020-02-09 00:00:00,3,340600.0,淮北市,淮北,安徽省,,,1.0,1.0,2.0,2.0,2.0,2.0,6.0,6.0,8.0,11.0,14.0,17.0,22.0,22.0,23.0,23.0,24.0,24.0,25.0,25.0,26.0,26.0,27.0,27.0,27.0,27.0,27.0,27.0,27.0,27.0,27.0,27.0,27.0,27.0,27.0,0
350000,福建省,350700,南平市,2016-9,,1964-3,袁毅,,汉族,2020-07-21 17:00:00,True,55,False,,,3,350700.0,南平市,南平,福建省,,,1.0,2.0,3.0,3.0,3.0,3.0,8.0,8.0,11.0,11.0,12.0,12.0,12.0,14.0,16.0,18.0,19.0,19.0,20.0,20.0,20.0,20.0,20.0,20.0,20.0,20.0,20.0,20.0,20.0,20.0,20.0,20.0,20.0,20.0,20.0,0
210000,辽宁省,210800,营口市,2016-9,,1961-1,赵长富,,汉族,2020-07-21 17:00:00,True,59,False,,,3,210800.0,营口市,营口,辽宁省,,,1.0,1.0,1.0,1.0,1.0,1.0,1.0,1.0,1.0,1.0,1.0,1.0,1.0,1.0,1.0,1.0,1.0,1.0,1.0,1.0,1.0,1.0,1.0,1.0,1.0,1.0,1.0,1.0,1.0,1.0,1.0,1.0,1.0,1.0,1.0,0
360000,江西省,360500,新余市,2016-9,,1968-1,蒋斌,,汉族,2020-07-21 17:00:00,True,52,True,-13.0,2020-02-06 00:00:00,3,360500.0,新余市,新余,江西省,1.0,1.0,1.0,3.0,3.0,11.0,11.0,28.0,40.0,43.0,50.0,59.0,69.0,78.0,87.0,95.0,100.0,105.0,110.0,117.0,121.0,124.0,127.0,129.0,129.0,129.0,129.0,130.0,130.0,130.0,130.0,130.0,130.0,130.0,130.0,130.0,130.0,0
360000,江西省,360800,吉安市,2016-9,,1963-11,胡世忠,,汉族,2020-07-21 17:00:00,True,56,True,-13.0,2020-02-06 00:00:00,3,360800.0,吉安市,吉安,江西省,1.0,1.0,2.0,3.0,3.0,4.0,5.0,8.0,11.0,12.0,13.0,15.0,15.0,15.0,16.0,17.0,17.0,18.0,19.0,21.0,20.0,20.0,20.0,21.0,21.0,22.0,22.0,22.0,22.0,22.0,22.0,22.0,22.0,22.0,22.0,22.0,22.0,0
410000,河南省,410300,洛阳市,2017-1,,1963-9,李亚,,汉族,2020-07-21 17:00:00,True,56,False,,,3,410300.0,洛阳市,洛阳,河南省,1.0,1.0,1.0,2.0,2.0,2.0,2.0,3.0,5.0,7.0,7.0,12.0,17.0,21.0,24.0,25.0,25.0,27.0,28.0,29.0,30.0,30.0,31.0,31.0,31.0,31.0,31.0,31.0,31.0,31.0,31.0,31.0,31.0,31.0,31.0,31.0,31.0,0
530000,云南省,530900,临沧市,2017-1,,1965-1,杨浩东,,汉族,2020-07-21 17:00:00,True,55,False,,,3,530900.0,临沧市,临沧,云南省,,,,,,,,,1.0,1.0,1.0,1.0,1.0,1.0,1.0,1.0,1.0,1.0,1.0,1.0,1.0,1.0,1.0,1.0,1.0,1.0,1.0,1.0,1.0,1.0,1.0,1.0,1.0,1.0,1.0,1.0,1.0,0
530000,云南省,532900,大理白族自治州,2017-1,,1961-6,陈坚,,汉族,2020-07-21 17:00:00,True,58,False,,,3,532900.0,大理白族自治州,大理州,云南省,,,,,,,,,,,,,,,,,,,13.0,13.0,13.0,13.0,13.0,13.0,13.0,13.0,13.0,13.0,13.0,13.0,13.0,13.0,13.0,13.0,13.0,13.0,13.0,0
540000,西藏自治区,540100,拉萨市,2017-1,,1967-2,白玛旺堆,,藏族,2020-07-21 17:00:00,True,53,False,,,3,540100.0,拉萨市,拉萨,西藏自治区,,,,,,,,,,,,1.0,1.0,1.0,1.0,1.0,1.0,1.0,1.0,1.0,1.0,1.0,1.0,1.0,1.0,1.0,1.0,1.0,1.0,1.0,1.0,1.0,1.0,1.0,1.0,1.0,1.0,0
420000,湖北省,420500,宜昌市,2017-1,,1964-5,周霁,,汉族,2020-07-21 17:00:00,True,55,True,0.0,2020-01-24 00:00:00,3,420500.0,宜昌市,宜昌,湖北省,1.0,1.0,20.0,31.0,51.0,63.0,117.0,167.0,276.0,353.0,392.0,452.0,496.0,563.0,610.0,633.0,711.0,749.0,772.0,784.0,810.0,877.0,906.0,901.0,895.0,904.0,907.0,891.0,895.0,914.0,917.0,924.0,926.0,927.0,929.0,931.0,931.0,0
650000,新疆维吾尔自治区,653000,克孜勒苏柯尔克孜自治州,2017-10,,1963-10,安征宇,,汉族,2020-07-21 17:00:00,True,56,False,,,2,,,,,,,,,,,,,,,,,,,,,,,,,,,,,,,,,,,,,,,,,,0
510000,四川省,511800,雅安市,2017-11,,1961-4,兰开驰,,汉族,2020-07-21 17:00:00,True,58,False,,,2,511800.0,雅安市,雅安,四川省,1.0,1.0,1.0,1.0,2.0,2.0,2.0,3.0,5.0,5.0,5.0,5.0,6.0,6.0,6.0,6.0,6.0,6.0,6.0,6.0,7.0,7.0,7.0,7.0,7.0,7.0,7.0,7.0,7.0,7.0,7.0,7.0,7.0,7.0,7.0,7.0,7.0,0
420000,湖北省,422800,恩施土家族苗族自治州,2017-11,,1965-8,柯俊,,汉族,2020-07-21 17:00:00,True,54,True,0.0,2020-01-24 00:00:00,2,422800.0,恩施土家族苗族自治州,恩施州,湖北省,,11.0,17.0,25.0,38.0,51.0,66.0,75.0,87.0,105.0,111.0,123.0,138.0,144.0,157.0,160.0,171.0,187.0,195.0,203.0,229.0,237.0,244.0,247.0,249.0,250.0,249.0,244.0,245.0,251.0,251.0,251.0,251.0,251.0,251.0,251.0,252.0,0
340000,安徽省,340300,蚌埠市,2017-12,,1962-1,汪莹纯,,汉族,2020-07-21 17:00:00,True,58,False,,,2,340300.0,蚌埠市,蚌埠,安徽省,1.0,1.0,1.0,3.0,3.0,3.0,8.0,15.0,16.0,26.0,37.0,43.0,48.0,64.0,88.0,99.0,115.0,126.0,134.0,141.0,146.0,149.0,153.0,157.0,158.0,158.0,159.0,160.0,160.0,160.0,160.0,160.0,160.0,160.0,160.0,160.0,160.0,0
340000,安徽省,340500,马鞍山市,2017-12,,1964-5,张岳峰,,汉族,2020-07-21 17:00:00,True,55,False,,,2,340500.0,马鞍山市,马鞍山,安徽省,,4.0,7.0,7.0,10.0,11.0,14.0,14.0,22.0,27.0,28.0,28.0,30.0,30.0,30.0,31.0,31.0,31.0,32.0,32.0,32.0,34.0,35.0,36.0,36.0,36.0,37.0,37.0,37.0,38.0,38.0,38.0,38.0,38.0,38.0,38.0,38.0,0
410000,河南省,410200,开封市,2017-12,,1967-1,侯红,,汉族,2020-07-21 17:00:00,True,53,False,,,2,410200.0,开封市,开封,河南省,,,,1.0,2.0,3.0,4.0,6.0,8.0,11.0,11.0,12.0,17.0,18.0,20.0,21.0,24.0,24.0,25.0,25.0,25.0,25.0,25.0,26.0,26.0,26.0,26.0,26.0,26.0,26.0,26.0,26.0,26.0,26.0,26.0,26.0,26.0,0
410000,河南省,410400,平顶山市,2017-12,,1962-6,周斌,,汉族,2020-07-21 17:00:00,True,57,False,,,2,410400.0,平顶山市,平顶山,河南省,,1.0,2.0,5.0,5.0,5.0,8.0,10.0,11.0,14.0,19.0,28.0,34.0,41.0,46.0,48.0,50.0,52.0,54.0,55.0,56.0,57.0,58.0,58.0,58.0,58.0,58.0,58.0,58.0,58.0,58.0,58.0,58.0,58.0,58.0,58.0,58.0,0
460000,海南省,460400,儋州市,2017-12,,1966-4,袁光平,,汉族,2020-07-21 17:00:00,True,53,False,,,2,460400.0,儋州市,儋州,海南省,,3.0,3.0,5.0,5.0,5.0,5.0,5.0,6.0,6.0,7.0,8.0,10.0,10.0,11.0,11.0,11.0,11.0,11.0,15.0,15.0,15.0,15.0,15.0,15.0,15.0,15.0,15.0,15.0,15.0,15.0,15.0,15.0,15.0,15.0,15.0,15.0,0
520000,贵州省,520200,六盘水市,2017-12,,1964-3,王忠,,汉族,2020-07-21 17:00:00,True,55,False,,,2,520200.0,六盘水市,六盘水,贵州省,,,,1.0,1.0,1.0,1.0,8.0,8.0,8.0,9.0,9.0,9.0,9.0,9.0,9.0,10.0,10.0,10.0,10.0,10.0,10.0,10.0,10.0,10.0,10.0,10.0,10.0,10.0,10.0,10.0,10.0,10.0,10.0,10.0,10.0,10.0,0
520000,贵州省,522600,黔东南苗族侗族自治州,2017-12,,1962-12,桑维亮,,汉族,2020-07-21 17:00:00,True,57,False,,,2,522600.0,黔东南苗族侗族自治州,黔东南州,贵州省,,,,,,,1.0,2.0,2.0,4.0,4.0,4.0,5.0,5.0,5.0,5.0,7.0,8.0,10.0,10.0,10.0,10.0,10.0,10.0,10.0,10.0,10.0,10.0,10.0,10.0,10.0,10.0,10.0,10.0,10.0,10.0,10.0,0
140000,山西省,140500,晋城市,2017-12,,1964-9,张志川,,汉族,2020-07-21 17:00:00,True,55,False,,,2,140500.0,晋城市,晋城,山西省,,,,,,,,,2.0,3.0,6.0,7.0,7.0,7.0,8.0,8.0,8.0,8.0,8.0,8.0,8.0,8.0,8.0,9.0,9.0,9.0,10.0,10.0,10.0,10.0,10.0,10.0,10.0,10.0,10.0,10.0,10.0,0
330000,浙江省,330200,宁波市,2017-12,,1961-11,郑栅洁,,汉族,2020-07-21 17:00:00,True,58,True,-11.0,2020-02-04 00:00:00,2,330200.0,宁波市,宁波,浙江省,5.0,6.0,13.0,13.0,17.0,20.0,41.0,46.0,55.0,66.0,75.0,102.0,120.0,126.0,136.0,141.0,146.0,149.0,151.0,153.0,153.0,153.0,154.0,155.0,156.0,156.0,156.0,156.0,157.0,157.0,157.0,157.0,157.0,157.0,157.0,157.0,157.0,1
410000,河南省,411700,驻马店市,2017-12,,1965-2,陈星,,汉族,2020-07-21 17:00:00,True,54,True,-10.0,2020-02-04 00:00:00,2,411700.0,驻马店市,驻马店,河南省,,2.0,7.0,9.0,10.0,16.0,25.0,30.0,40.0,46.0,58.0,72.0,82.0,98.0,106.0,113.0,116.0,123.0,126.0,128.0,134.0,137.0,138.0,138.0,138.0,139.0,139.0,139.0,139.0,139.0,139.0,139.0,139.0,139.0,139.0,139.0,139.0,0
420000,湖北省,420900,孝感市,2017-12,,1965-1,潘启胜,,汉族,2020-07-21 17:00:00,True,55,True,0.0,2020-01-24 00:00:00,2,420900.0,孝感市,孝感,湖北省,22.0,26.0,55.0,100.0,173.0,274.0,399.0,541.0,628.0,749.0,918.0,1120.0,1462.0,1886.0,2141.0,2313.0,2436.0,2541.0,2642.0,2751.0,2874.0,3009.0,3114.0,3201.0,3279.0,3320.0,3344.0,3329.0,3346.0,3429.0,3443.0,3465.0,3482.0,3501.0,3516.0,3517.0,3518.0,0
330000,浙江省,330900,舟山市,2017-2,,1963-10,俞东来,,汉族,2020-07-21 17:00:00,True,56,False,,,2,330900.0,舟山市,舟山,浙江省,1.0,2.0,2.0,4.0,4.0,6.0,6.0,7.0,7.0,7.0,7.0,7.0,7.0,7.0,7.0,7.0,7.0,7.0,10.0,10.0,10.0,10.0,10.0,10.0,10.0,10.0,10.0,10.0,10.0,10.0,10.0,10.0,10.0,10.0,10.0,10.0,10.0,0
410000,河南省,410700,新乡市,2017-2,,1963-5,张国伟,,汉族,2020-07-21 17:00:00,True,56,False,,,2,410700.0,新乡市,新乡,河南省,,1.0,3.0,4.0,6.0,7.0,11.0,15.0,21.0,21.0,27.0,33.0,39.0,41.0,41.0,43.0,44.0,46.0,48.0,53.0,54.0,55.0,55.0,56.0,57.0,57.0,57.0,57.0,57.0,57.0,57.0,57.0,57.0,57.0,57.0,57.0,57.0,0
410000,河南省,411600,周口市,2017-2,,1963-4,刘继标,,汉族,2020-07-21 17:00:00,True,56,False,,,2,411600.0,周口市,周口,河南省,1.0,4.0,5.0,11.0,15.0,19.0,25.0,36.0,38.0,40.0,47.0,52.0,56.0,59.0,60.0,62.0,62.0,65.0,65.0,66.0,68.0,69.0,70.0,71.0,75.0,76.0,76.0,76.0,76.0,76.0,76.0,76.0,76.0,76.0,76.0,76.0,76.0,0
650000,新疆维吾尔自治区,652800,巴音郭楞蒙古自治州,2017-2,,1963-3,李刚,,汉族,2020-07-21 17:00:00,True,56,False,,,2,,,,,,,,,,,,,,,,,,,,,,,,,,,,,,,,,,,,,,,,,,0
130000,河北省,130700,张家口市,2017-2,,1961-7,回建,,回族,2020-07-21 17:00:00,True,58,False,,,2,130700.0,张家口市,张家口,河北省,,,,,,1.0,6.0,6.0,8.0,9.0,9.0,9.0,10.0,12.0,13.0,14.0,14.0,17.0,21.0,21.0,25.0,31.0,33.0,34.0,34.0,34.0,34.0,34.0,34.0,34.0,34.0,34.0,34.0,35.0,40.0,41.0,41.0,0
420000,湖北省,420600,襄阳市,2017-2,,1965-3,李乐成,,汉族,2020-07-21 17:00:00,True,54,True,-1.0,2020-01-26 00:00:00,2,420600.0,襄阳市,襄阳,湖北省,,1.0,8.0,36.0,70.0,131.0,163.0,286.0,347.0,441.0,548.0,632.0,735.0,787.0,838.0,907.0,988.0,1019.0,1063.0,1088.0,1101.0,1111.0,1128.0,1144.0,1155.0,1163.0,1165.0,1167.0,1170.0,1173.0,1173.0,1174.0,1175.0,1175.0,1175.0,1175.0,1175.0,0
230000,黑龙江省,230600,大庆市,2017-3,,1963-11,韩立华,,汉族,2020-07-21 17:00:00,True,56,False,,,2,230600.0,大庆市,大庆,黑龙江省,1.0,1.0,3.0,5.0,5.0,5.0,5.0,7.0,8.0,8.0,11.0,11.0,11.0,13.0,13.0,13.0,13.0,13.0,14.0,15.0,15.0,18.0,19.0,19.0,20.0,20.0,23.0,26.0,26.0,26.0,26.0,26.0,26.0,26.0,26.0,26.0,26.0,0
340000,安徽省,341700,池州市,2017-3,,1970-5,王宏,,汉族,2020-07-21 17:00:00,True,49,False,,,2,341700.0,池州市,池州,安徽省,1.0,1.0,1.0,1.0,1.0,1.0,2.0,4.0,4.0,6.0,6.0,10.0,11.0,11.0,11.0,11.0,12.0,15.0,15.0,16.0,16.0,17.0,17.0,17.0,17.0,17.0,17.0,17.0,17.0,17.0,17.0,17.0,17.0,17.0,17.0,17.0,17.0,0
440000,广东省,440800,湛江市,2017-3,,1968-6,郑人豪,,汉族,2020-07-21 17:00:00,True,51,False,,,2,440800.0,湛江市,湛江,广东省,2.0,2.0,4.0,5.0,7.0,9.0,11.0,11.0,13.0,14.0,14.0,18.0,18.0,19.0,20.0,20.0,21.0,21.0,21.0,21.0,21.0,22.0,22.0,22.0,22.0,22.0,22.0,22.0,22.0,22.0,22.0,22.0,22.0,22.0,22.0,22.0,22.0,0
510000,四川省,510100,成都市,2017-3,,1966-4,范锐平,,汉族,2020-07-21 17:00:00,True,53,False,,,2,510100.0,成都市,成都,四川省,7.0,16.0,22.0,33.0,37.0,46.0,59.0,69.0,72.0,73.0,77.0,87.0,92.0,97.0,102.0,109.0,120.0,123.0,124.0,125.0,131.0,135.0,139.0,140.0,140.0,140.0,141.0,141.0,143.0,143.0,143.0,143.0,143.0,143.0,143.0,143.0,143.0,1
530000,云南省,530600,昭通市,2017-3,,1964-6,杨亚林,,汉族,2020-07-21 17:00:00,True,55,False,,,2,530600.0,昭通市,昭通,云南省,,,1.0,1.0,2.0,2.0,4.0,6.0,6.0,8.0,8.0,9.0,10.0,10.0,10.0,10.0,12.0,12.0,14.0,14.0,14.0,19.0,25.0,25.0,25.0,25.0,25.0,25.0,25.0,25.0,25.0,25.0,25.0,25.0,25.0,25.0,25.0,0
650000,新疆维吾尔自治区,650100,乌鲁木齐市,2017-3,,1964-11,徐海荣,,汉族,2020-07-21 17:00:00,True,55,False,,,2,650100.0,乌鲁木齐市,乌鲁木齐,新疆维吾尔自治区,,3.0,3.0,4.0,5.0,6.0,7.0,8.0,8.0,8.0,10.0,12.0,12.0,15.0,18.0,19.0,20.0,20.0,20.0,20.0,21.0,23.0,23.0,23.0,23.0,23.0,23.0,23.0,23.0,23.0,23.0,23.0,23.0,23.0,23.0,23.0,23.0,0
650000,新疆维吾尔自治区,650200,克拉玛依市,2017-3,,1963-11,赵文泉,,汉族,2020-07-21 17:00:00,True,56,False,,,2,,,,,,,,,,,,,,,,,,,,,,,,,,,,,,,,,,,,,,,,,,0
650000,新疆维吾尔自治区,654200,塔城地区,2017-3,,1966-4,薛斌,,汉族,2020-07-21 17:00:00,True,53,False,,,2,,,,,,,,,,,,,,,,,,,,,,,,,,,,,,,,,,,,,,,,,,0
650000,新疆维吾尔自治区,654300,阿勒泰地区,2017-3,,1962-4,张岩,,汉族,2020-07-21 17:00:00,True,57,False,,,2,,,,,,,,,,,,,,,,,,,,,,,,,,,,,,,,,,,,,,,,,,0
340000,安徽省,340200,芜湖市,2017-4,,1968-3,潘朝晖,,汉族,2020-07-21 17:00:00,True,51,False,,,2,340200.0,芜湖市,芜湖,安徽省,,1.0,3.0,6.0,9.0,11.0,14.0,14.0,15.0,16.0,16.0,21.0,23.0,26.0,27.0,29.0,29.0,30.0,31.0,31.0,31.0,31.0,31.0,31.0,31.0,33.0,33.0,33.0,33.0,33.0,33.0,33.0,33.0,33.0,33.0,34.0,34.0,0
440000,广东省,441600,河源市,2017-4,,1965-1,丁红都,,汉族,2020-07-21 17:00:00,True,55,False,,,2,441600.0,河源市,河源,广东省,,,,,1.0,1.0,1.0,1.0,1.0,1.0,1.0,1.0,1.0,1.0,3.0,3.0,3.0,3.0,3.0,3.0,3.0,3.0,3.0,3.0,4.0,4.0,4.0,4.0,4.0,4.0,4.0,4.0,4.0,4.0,4.0,4.0,4.0,0
450000,广西壮族自治区,450700,钦州市,2017-4,,1962-11,王革冰,,汉族,2020-07-21 17:00:00,True,57,False,,,2,450700.0,钦州市,钦州,广西壮族自治区,,,,,,,1.0,1.0,1.0,2.0,2.0,3.0,4.0,7.0,7.0,8.0,8.0,8.0,8.0,8.0,8.0,8.0,8.0,8.0,8.0,8.0,8.0,8.0,8.0,8.0,8.0,8.0,8.0,8.0,8.0,8.0,8.0,0
540000,西藏自治区,540300,昌都市,2017-4,,1967-3,阿布,,回族,2020-07-21 17:00:00,True,52,False,,,2,,,,,,,,,,,,,,,,,,,,,,,,,,,,,,,,,,,,,,,,,,0
610000,陕西省,610800,榆林市,2017-4,,1960-11,戴征社,,汉族,2020-07-21 17:00:00,True,59,False,,,2,610800.0,榆林市,榆林,陕西省,,,,,,,1.0,1.0,1.0,1.0,1.0,1.0,1.0,2.0,2.0,3.0,3.0,3.0,3.0,3.0,3.0,3.0,3.0,3.0,3.0,3.0,3.0,3.0,3.0,3.0,3.0,3.0,3.0,3.0,3.0,3.0,3.0,0
620000,甘肃省,620400,白银市,2017-4,,1966-7,苏君,,汉族,2020-07-21 17:00:00,True,53,False,,,2,620400.0,白银市,白银,甘肃省,1.0,1.0,1.0,1.0,1.0,1.0,1.0,1.0,1.0,1.0,1.0,1.0,1.0,2.0,4.0,4.0,4.0,4.0,4.0,4.0,4.0,4.0,4.0,4.0,4.0,4.0,4.0,4.0,4.0,4.0,4.0,4.0,4.0,4.0,4.0,4.0,4.0,0
620000,甘肃省,620600,武威市,2017-4,,1971-11,柳鹏,,汉族,2020-07-21 17:00:00,True,48,False,,,2,,,,,,,,,,,,,,,,,,,,,,,,,,,,,,,,,,,,,,,,,,0
650000,新疆维吾尔自治区,650400,吐鲁番市,2017-4,,1968-1,张文胜,,汉族,2020-07-21 17:00:00,True,52,False,,,2,650400.0,吐鲁番市,吐鲁番,新疆维吾尔自治区,,,,,1.0,1.0,1.0,1.0,1.0,1.0,1.0,1.0,1.0,1.0,1.0,1.0,1.0,1.0,1.0,1.0,1.0,1.0,2.0,3.0,3.0,3.0,3.0,3.0,3.0,3.0,3.0,3.0,3.0,3.0,3.0,3.0,3.0,0
210000,辽宁省,210200,大连市,2017-4,,1968-10,谭作钧,,汉族,2020-07-21 17:00:00,True,51,True,-12.0,2020-02-05 00:00:00,2,210200.0,大连市,大连,辽宁省,1.0,4.0,4.0,5.0,5.0,5.0,5.0,7.0,10.0,12.0,12.0,13.0,14.0,14.0,14.0,16.0,16.0,16.0,16.0,16.0,17.0,18.0,18.0,19.0,19.0,19.0,19.0,19.0,19.0,19.0,19.0,19.0,19.0,19.0,19.0,19.0,19.0,1
440000,广东省,440300,深圳市,2017-4,,1962-3,王伟中,,汉族,2020-07-21 17:00:00,True,57,True,-15.0,2020-02-08 00:00:00,2,440300.0,深圳市,深圳,广东省,15.0,20.0,31.0,36.0,57.0,80.0,98.0,134.0,170.0,207.0,245.0,271.0,291.0,316.0,339.0,354.0,366.0,369.0,375.0,386.0,391.0,400.0,406.0,414.0,415.0,416.0,416.0,416.0,416.0,417.0,417.0,417.0,417.0,417.0,417.0,417.0,417.0,1
640000,宁夏回族自治区,640300,吴忠市,2017-4,,1963-10,沈左权,,汉族,2020-07-21 17:00:00,True,56,True,-3.0,2020-01-31 00:00:00,2,640300.0,吴忠市,吴忠,宁夏回族自治区,,,,,2.0,3.0,5.0,5.0,6.0,7.0,7.0,7.0,7.0,8.0,9.0,9.0,10.0,13.0,15.0,19.0,22.0,25.0,27.0,27.0,27.0,27.0,28.0,28.0,28.0,28.0,28.0,28.0,28.0,28.0,28.0,28.0,28.0,0
520000,贵州省,522700,黔南布依族苗族自治州,2017-5,,1965-7,唐德智,,汉族,2020-07-21 17:00:00,True,54,False,,,2,522700.0,黔南布依族苗族自治州,黔南州,贵州省,1.0,1.0,1.0,2.0,4.0,4.0,4.0,4.0,4.0,5.0,5.0,6.0,6.0,6.0,7.0,7.0,7.0,8.0,16.0,17.0,17.0,17.0,17.0,17.0,17.0,17.0,17.0,17.0,17.0,17.0,17.0,17.0,17.0,17.0,17.0,17.0,17.0,0
530000,云南省,530700,丽江市,2017-5,,1965-12,崔茂虎,,汉族,2020-07-21 17:00:00,True,54,False,,,2,530700.0,丽江市,丽江,云南省,1.0,2.0,2.0,5.0,6.0,6.0,6.0,6.0,6.0,7.0,7.0,7.0,7.0,7.0,7.0,7.0,7.0,7.0,7.0,7.0,7.0,7.0,7.0,7.0,7.0,7.0,7.0,7.0,7.0,7.0,7.0,7.0,7.0,7.0,7.0,7.0,7.0,0
620000,甘肃省,620700,张掖市,2017-5,,1962-9,杨维俊,,汉族,2020-07-21 17:00:00,True,57,False,,,2,620700.0,张掖市,张掖,甘肃省,,,,1.0,1.0,2.0,2.0,2.0,2.0,2.0,2.0,2.0,2.0,2.0,2.0,2.0,2.0,2.0,2.0,2.0,2.0,2.0,2.0,2.0,2.0,2.0,2.0,2.0,2.0,2.0,2.0,2.0,2.0,2.0,2.0,2.0,2.0,0
620000,甘肃省,620800,平凉市,2017-5,,1962-8,郭承录,,汉族,2020-07-21 17:00:00,True,57,False,,,2,620800.0,平凉市,平凉,甘肃省,,,,,,1.0,1.0,1.0,1.0,1.0,1.0,1.0,1.0,1.0,1.0,4.0,4.0,7.0,8.0,8.0,9.0,9.0,9.0,9.0,9.0,9.0,9.0,9.0,9.0,9.0,9.0,9.0,9.0,9.0,9.0,9.0,9.0,0
620000,甘肃省,621100,定西市,2017-5,,1963-6,唐晓明,,汉族,2020-07-21 17:00:00,True,56,False,,,2,621100.0,定西市,定西,甘肃省,,,1.0,1.0,1.0,1.0,2.0,2.0,3.0,3.0,3.0,3.0,3.0,5.0,5.0,8.0,8.0,8.0,8.0,8.0,9.0,9.0,9.0,9.0,9.0,9.0,9.0,9.0,9.0,9.0,9.0,9.0,9.0,9.0,9.0,9.0,9.0,0
630000,青海省,632300,黄南藏族自治州,2017-5,,1964-10,王振昌,,汉族,2020-07-21 17:00:00,True,55,False,,,2,,,,,,,,,,,,,,,,,,,,,,,,,,,,,,,,,,,,,,,,,,0
150000,内蒙古自治区,150400,赤峰市,2017-5,,1962-7,段志强,,蒙古族,2020-07-21 17:00:00,True,57,True,-19.0,2020-02-13 00:00:00,2,150400.0,赤峰市,赤峰,内蒙古自治区,,1.0,1.0,1.0,2.0,2.0,2.0,2.0,2.0,2.0,2.0,2.0,3.0,3.0,4.0,4.0,4.0,4.0,4.0,5.0,5.0,7.0,7.0,9.0,9.0,9.0,9.0,9.0,9.0,9.0,9.0,9.0,9.0,9.0,9.0,9.0,9.0,0
150000,内蒙古自治区,150800,巴彦淖尔市,2017-5,,1968-10,常志刚,,蒙古族,2020-07-21 17:00:00,True,51,True,-15.0,2020-02-13 00:00:00,2,150800.0,巴彦淖尔市,巴彦淖尔,内蒙古自治区,,,,,,1.0,2.0,2.0,3.0,3.0,3.0,3.0,4.0,4.0,4.0,4.0,6.0,6.0,6.0,6.0,6.0,6.0,8.0,8.0,8.0,8.0,8.0,8.0,8.0,8.0,8.0,8.0,8.0,8.0,8.0,8.0,8.0,0
230000,黑龙江省,230100,哈尔滨市,2017-5,,1962-12,王兆力,,汉族,2020-07-21 17:00:00,True,57,True,-11.0,2020-02-04 00:00:00,2,230100.0,哈尔滨市,哈尔滨,黑龙江省,1.0,6.0,8.0,8.0,10.0,11.0,13.0,18.0,25.0,34.0,45.0,63.0,73.0,82.0,94.0,100.0,114.0,128.0,146.0,150.0,159.0,164.0,167.0,182.0,188.0,190.0,192.0,194.0,197.0,197.0,198.0,198.0,198.0,198.0,198.0,198.0,198.0,1
510000,四川省,511900,巴中市,2017-6,,1967-10,罗增斌,,汉族,2020-07-21 17:00:00,True,52,False,,,2,511900.0,巴中市,巴中,四川省,,,,,,2.0,4.0,5.0,8.0,8.0,12.0,12.0,15.0,19.0,20.0,21.0,21.0,22.0,22.0,22.0,22.0,24.0,24.0,24.0,24.0,24.0,24.0,24.0,24.0,24.0,24.0,24.0,24.0,24.0,24.0,24.0,24.0,0
540000,西藏自治区,540500,山南市,2017-6,,1963-7,许成仓,,汉族,2020-07-21 17:00:00,True,56,False,,,2,,,,,,,,,,,,,,,,,,,,,,,,,,,,,,,,,,,,,,,,,,0
610000,陕西省,610300,宝鸡市,2017-6,,1965-8,徐启方,,汉族,2020-07-21 17:00:00,True,54,False,,,2,610300.0,宝鸡市,宝鸡,陕西省,,,,,3.0,4.0,4.0,4.0,6.0,7.0,8.0,10.0,10.0,10.0,12.0,12.0,13.0,13.0,13.0,13.0,13.0,13.0,13.0,13.0,13.0,13.0,13.0,13.0,13.0,13.0,13.0,13.0,13.0,13.0,13.0,13.0,13.0,0
640000,宁夏回族自治区,640400,固原市,2017-6,,1968-2,张柱,,汉族,2020-07-21 17:00:00,True,52,False,,,2,640400.0,固原市,固原,宁夏回族自治区,,1.0,1.0,1.0,1.0,1.0,1.0,2.0,2.0,2.0,2.0,2.0,2.0,2.0,2.0,2.0,2.0,3.0,3.0,3.0,5.0,5.0,5.0,5.0,5.0,5.0,5.0,5.0,5.0,5.0,5.0,5.0,5.0,5.0,5.0,5.0,5.0,0
640000,宁夏回族自治区,640500,中卫市,2017-6,,1965-10,何健,,汉族,2020-07-21 17:00:00,True,54,False,,,2,640500.0,中卫市,中卫,宁夏回族自治区,1.0,1.0,1.0,1.0,1.0,1.0,1.0,2.0,2.0,2.0,2.0,3.0,3.0,3.0,3.0,3.0,3.0,3.0,3.0,3.0,3.0,3.0,3.0,3.0,3.0,3.0,3.0,3.0,3.0,3.0,3.0,3.0,3.0,3.0,4.0,4.0,4.0,0
140000,山西省,140100,太原市,2017-6,,1963-10,罗清宇,,汉族,2020-07-21 17:00:00,True,56,False,,,2,140100.0,太原市,太原,山西省,1.0,2.0,2.0,2.0,3.0,3.0,3.0,4.0,4.0,6.0,6.0,6.0,9.0,9.0,11.0,12.0,15.0,17.0,18.0,18.0,18.0,18.0,19.0,19.0,19.0,19.0,19.0,19.0,20.0,20.0,20.0,20.0,20.0,20.0,20.0,20.0,20.0,0
640000,宁夏回族自治区,640100,银川市,2017-6,,1960-8,姜志刚,,汉族,2020-07-21 17:00:00,True,59,True,-7.0,2020-01-31 00:00:00,2,640100.0,银川市,银川,宁夏回族自治区,1.0,1.0,2.0,5.0,7.0,7.0,9.0,11.0,15.0,16.0,19.0,20.0,20.0,25.0,27.0,29.0,28.0,28.0,30.0,31.0,32.0,32.0,33.0,33.0,33.0,33.0,33.0,33.0,33.0,33.0,33.0,33.0,33.0,33.0,33.0,33.0,34.0,0
350000,福建省,350100,福州市,2017-6,,1961-4,王宁,,汉族,2020-07-21 17:00:00,True,58,True,-11.0,2020-02-04 00:00:00,2,350100.0,福州市,福州,福建省,5.0,6.0,13.0,18.0,24.0,24.0,30.0,32.0,39.0,44.0,47.0,53.0,55.0,56.0,57.0,59.0,62.0,63.0,63.0,64.0,64.0,66.0,66.0,68.0,69.0,71.0,71.0,71.0,71.0,71.0,71.0,71.0,71.0,71.0,72.0,72.0,72.0,0
340000,安徽省,341100,滁州市,2017-7,,1964-10,张祥安,,汉族,2020-07-21 17:00:00,True,55,False,,,2,341100.0,滁州市,滁州,安徽省,1.0,2.0,2.0,2.0,4.0,4.0,4.0,4.0,6.0,6.0,8.0,11.0,11.0,11.0,11.0,11.0,11.0,12.0,12.0,12.0,13.0,13.0,13.0,13.0,13.0,13.0,13.0,13.0,13.0,13.0,13.0,13.0,13.0,13.0,13.0,13.0,13.0,0
430000,湖南省,430100,长沙市,2017-7,,1963-6,胡衡华,,汉族,2020-07-21 17:00:00,True,56,False,,,2,430100.0,长沙市,长沙,湖南省,8.0,8.0,18.0,22.0,24.0,46.0,57.0,68.0,86.0,112.0,125.0,148.0,164.0,179.0,190.0,196.0,205.0,213.0,219.0,223.0,228.0,238.0,241.0,241.0,241.0,241.0,241.0,242.0,242.0,242.0,242.0,242.0,242.0,242.0,242.0,242.0,242.0,0
430000,湖南省,430700,常德市,2017-7,,1966-2,周德睿,,汉族,2020-07-21 17:00:00,True,53,False,,,2,430700.0,常德市,常德,湖南省,,3.0,7.0,12.0,19.0,26.0,30.0,37.0,39.0,42.0,45.0,50.0,56.0,62.0,64.0,66.0,66.0,72.0,73.0,75.0,77.0,78.0,78.0,79.0,79.0,79.0,79.0,79.0,80.0,80.0,82.0,82.0,82.0,82.0,82.0,82.0,82.0,0
510000,四川省,511400,眉山市,2017-7,,1962-8,慕新海,,汉族,2020-07-21 17:00:00,True,57,False,,,2,511400.0,眉山市,眉山,四川省,,,1.0,1.0,1.0,1.0,2.0,2.0,2.0,2.0,3.0,5.0,5.0,5.0,5.0,6.0,7.0,7.0,7.0,8.0,8.0,8.0,8.0,8.0,8.0,8.0,8.0,8.0,8.0,8.0,8.0,8.0,8.0,8.0,8.0,8.0,8.0,0
530000,云南省,532600,文山壮族苗族自治州,2017-7,,1964-5,童志云,,汉族,2020-07-21 17:00:00,True,55,False,,,2,532600.0,文山壮族苗族自治州,文山州,云南省,,,,,,,,,,,,1.0,1.0,1.0,1.0,1.0,1.0,2.0,2.0,2.0,2.0,2.0,2.0,2.0,2.0,2.0,2.0,2.0,2.0,2.0,2.0,2.0,2.0,2.0,2.0,2.0,2.0,0
320000,江苏省,320100,南京市,2017-7,,1962-7,张敬华,,汉族,2020-07-21 17:00:00,True,57,True,-11.0,2020-02-04 00:00:00,2,320100.0,南京市,南京,江苏省,3.0,4.0,7.0,7.0,10.0,14.0,19.0,25.0,28.0,35.0,40.0,44.0,47.0,52.0,57.0,65.0,71.0,78.0,84.0,87.0,90.0,91.0,91.0,92.0,92.0,92.0,93.0,93.0,93.0,93.0,93.0,93.0,93.0,93.0,93.0,93.0,93.0,1
520000,贵州省,522300,黔西南布依族苗族自治州,2017-8,,1967-8,刘文新,,汉族,2020-07-21 17:00:00,True,52,False,,,2,522300.0,黔西南布依族苗族自治州,黔西南州,贵州省,,,1.0,1.0,1.0,1.0,1.0,1.0,1.0,1.0,1.0,3.0,3.0,3.0,3.0,4.0,4.0,4.0,4.0,4.0,4.0,4.0,4.0,4.0,4.0,4.0,4.0,4.0,4.0,4.0,4.0,4.0,4.0,4.0,4.0,4.0,4.0,0
530000,云南省,532300,楚雄彝族自治州,2017-8,,1966-9,杨斌,,彝族,2020-07-21 17:00:00,True,53,False,,,2,532300.0,楚雄彝族自治州,楚雄州,云南省,,,,,,,,,,2.0,2.0,4.0,4.0,4.0,4.0,4.0,4.0,4.0,4.0,4.0,4.0,4.0,4.0,4.0,4.0,4.0,4.0,4.0,4.0,4.0,4.0,4.0,4.0,4.0,4.0,4.0,4.0,0
530000,云南省,533300,怒江傈僳族自治州,2017-8,,1968-5,纳云德,,傈僳族,2020-07-21 17:00:00,True,51,False,,,2,,,,,,,,,,,,,,,,,,,,,,,,,,,,,,,,,,,,,,,,,,0
630000,青海省,630200,海东市,2017-8,,1963-11,鸟成云,,回族,2020-07-21 17:00:00,True,56,False,,,2,,,,,,,,,,,,,,,,,,,,,,,,,,,,,,,,,,,,,,,,,,0
130000,河北省,131100,衡水市,2017-9,,1963-8,王景武,,汉族,2020-07-21 17:00:00,True,56,False,,,2,131100.0,衡水市,衡水,河北省,,,,,2.0,3.0,4.0,4.0,4.0,4.0,4.0,5.0,5.0,7.0,7.0,7.0,8.0,8.0,8.0,8.0,8.0,8.0,8.0,8.0,8.0,8.0,8.0,8.0,8.0,8.0,8.0,8.0,8.0,8.0,8.0,8.0,8.0,0
410000,河南省,411100,漯河市,2018-1,,1968-10,蒿慧杰,,汉族,2020-07-21 17:00:00,True,51,False,,,2,411100.0,漯河市,漯河,河南省,,,3.0,6.0,9.0,9.0,11.0,13.0,14.0,16.0,20.0,23.0,24.0,26.0,26.0,29.0,30.0,30.0,31.0,33.0,33.0,33.0,34.0,34.0,34.0,34.0,34.0,35.0,35.0,35.0,35.0,35.0,35.0,35.0,35.0,35.0,35.0,0
620000,甘肃省,620200,嘉峪关市,2018-1,,1962-10,李忠科,,汉族,2020-07-21 17:00:00,True,57,False,,,2,,,,,,,,,,,,,,,,,,,,,,,,,,,,,,,,,,,,,,,,,,0
620000,甘肃省,620900,酒泉市,2018-1,,1963-1,吴仰东,,汉族,2020-07-21 17:00:00,True,57,False,,,2,,,,,,,,,,,,,,,,,,,,,,,,,,,,,,,,,,,,,,,,,,0
650000,新疆维吾尔自治区,652300,昌吉回族自治州,2018-1,,1965-1,王国和,,汉族,2020-07-21 17:00:00,True,55,False,,,2,652300.0,昌吉回族自治州,昌吉州,新疆维吾尔自治区,,,,,,,,,,,,1.0,2.0,2.0,2.0,2.0,2.0,3.0,4.0,4.0,4.0,4.0,4.0,4.0,4.0,4.0,4.0,4.0,4.0,4.0,4.0,4.0,4.0,4.0,4.0,4.0,4.0,0
140000,山西省,140600,朔州市,2018-1,,1963-8,陈振亮,,汉族,2020-07-21 17:00:00,True,56,False,,,2,140600.0,朔州市,朔州,山西省,,,,2.0,2.0,2.0,3.0,3.0,3.0,3.0,3.0,3.0,4.0,4.0,4.0,4.0,6.0,7.0,7.0,7.0,7.0,7.0,7.0,7.0,7.0,8.0,8.0,8.0,8.0,8.0,8.0,8.0,8.0,8.0,8.0,8.0,8.0,0
410000,河南省,411000,许昌市,2018-10,,1963-6,胡五岳,,汉族,2020-07-21 17:00:00,True,56,False,,,1,411000.0,许昌市,许昌,河南省,,,,1.0,2.0,2.0,3.0,8.0,12.0,13.0,15.0,19.0,24.0,26.0,28.0,30.0,31.0,31.0,32.0,34.0,34.0,37.0,37.0,38.0,38.0,38.0,39.0,39.0,39.0,39.0,39.0,39.0,39.0,39.0,39.0,39.0,39.0,0
440000,广东省,441700,阳江市,2018-10,,1962-5,焦兰生,,汉族,2020-07-21 17:00:00,True,57,False,,,1,441700.0,阳江市,阳江,广东省,3.0,5.0,8.0,8.0,9.0,10.0,10.0,10.0,10.0,10.0,10.0,12.0,12.0,13.0,13.0,13.0,13.0,13.0,13.0,13.0,13.0,13.0,13.0,13.0,13.0,13.0,13.0,13.0,13.0,13.0,13.0,14.0,14.0,14.0,14.0,14.0,14.0,0
510000,四川省,510500,泸州市,2018-10,,1965-8,刘强,,汉族,2020-07-21 17:00:00,True,54,False,,,1,510500.0,泸州市,泸州,四川省,,1.0,2.0,3.0,4.0,5.0,5.0,5.0,5.0,6.0,7.0,9.0,10.0,12.0,13.0,13.0,16.0,17.0,18.0,19.0,19.0,19.0,19.0,19.0,19.0,19.0,20.0,24.0,24.0,24.0,24.0,24.0,24.0,24.0,24.0,24.0,24.0,0
640000,宁夏回族自治区,640200,石嘴山市,2018-10,,1963-2,王文宇,,汉族,2020-07-21 17:00:00,True,57,False,,,1,640200.0,石嘴山市,石嘴山,宁夏回族自治区,,,,,,,,,,,,1.0,1.0,1.0,1.0,1.0,1.0,1.0,1.0,1.0,1.0,1.0,1.0,1.0,1.0,1.0,1.0,1.0,1.0,1.0,1.0,1.0,1.0,1.0,1.0,1.0,1.0,0
210000,辽宁省,210300,鞍山市,2018-10,,1962-5,韩玉起,,汉族,2020-07-21 17:00:00,True,57,True,-4.0,2020-02-05 00:00:00,1,210300.0,鞍山市,鞍山,辽宁省,,,,,,,,,1.0,,1.0,1.0,1.0,3.0,3.0,3.0,3.0,3.0,3.0,3.0,3.0,4.0,4.0,4.0,4.0,4.0,4.0,4.0,4.0,4.0,4.0,4.0,4.0,4.0,4.0,4.0,4.0,0
460000,海南省,460200,三亚市,2018-11,,1967-10,童道驰,,汉族,2020-07-21 17:00:00,True,52,False,,,1,460200.0,三亚市,三亚,海南省,2.0,6.0,8.0,11.0,14.0,14.0,14.0,14.0,15.0,17.0,18.0,18.0,22.0,30.0,34.0,37.0,41.0,43.0,46.0,54.0,54.0,54.0,54.0,54.0,54.0,54.0,54.0,54.0,54.0,54.0,54.0,54.0,54.0,54.0,54.0,54.0,54.0,0
650000,新疆维吾尔自治区,650500,哈密市,2018-11,,1968-1,李成辉,,汉族,2020-07-21 17:00:00,True,52,False,,,1,,,,,,,,,,,,,,,,,,,,,,,,,,,,,,,,,,,,,,,,,,0
210000,辽宁省,210100,沈阳市,2018-11,,1961-7,张雷,,汉族,2020-07-21 17:00:00,True,58,True,-12.0,2020-02-05 00:00:00,1,210100.0,沈阳市,沈阳,辽宁省,2.0,5.0,6.0,7.0,8.0,9.0,9.0,10.0,13.0,17.0,15.0,18.0,23.0,23.0,25.0,26.0,26.0,26.0,27.0,28.0,28.0,28.0,28.0,28.0,28.0,28.0,28.0,28.0,28.0,28.0,28.0,28.0,28.0,28.0,28.0,28.0,28.0,1
220000,吉林省,220400,辽源市,2018-11,,1964-10,柴伟,,汉族,2020-07-21 17:00:00,True,55,False,,,1,220400.0,辽源市,辽源,吉林省,,,,,,,,,,,,3.0,3.0,5.0,5.0,6.0,6.0,6.0,6.0,6.0,6.0,6.0,7.0,7.0,7.0,7.0,7.0,7.0,7.0,7.0,7.0,7.0,7.0,7.0,7.0,7.0,7.0,0
420000,湖北省,421300,随州市,2018-11,,1966-5,陈瑞峰,2020-7卸任，随州市委书记空缺,汉族,2020-07-21 17:00:00,True,53,True,-13.0,2020-02-07 00:00:00,1,421300.0,随州市,随州,湖北省,,5.0,36.0,52.0,70.0,116.0,143.0,228.0,304.0,384.0,458.0,641.0,706.0,834.0,915.0,953.0,984.0,1049.0,1095.0,1129.0,1160.0,1206.0,1232.0,1254.0,1267.0,1278.0,1280.0,1283.0,1287.0,1296.0,1300.0,1303.0,1305.0,1306.0,1307.0,1307.0,1307.0,0
230000,黑龙江省,230700,伊春市,2018-12,,1962-9,赵万山,,汉族,2020-07-21 17:00:00,True,57,False,,,1,230700.0,伊春市,伊春,黑龙江省,,,,,,,,,,,,,,,,,,,,,,1.0,1.0,1.0,1.0,1.0,1.0,1.0,1.0,1.0,1.0,1.0,1.0,1.0,1.0,1.0,1.0,0
370000,山东省,370700,潍坊市,2018-12,,1963-6,惠新安,,汉族,2020-07-21 17:00:00,True,56,False,,,1,370700.0,潍坊市,潍坊,山东省,1.0,1.0,2.0,3.0,3.0,5.0,7.0,8.0,9.0,11.0,13.0,14.0,16.0,21.0,27.0,31.0,36.0,37.0,38.0,38.0,41.0,41.0,42.0,43.0,44.0,44.0,44.0,44.0,44.0,44.0,44.0,44.0,44.0,44.0,44.0,44.0,44.0,0
440000,广东省,440200,韶关市,2018-12,,1965-9,李红军,,汉族,2020-07-21 17:00:00,True,54,False,,,1,440200.0,韶关市,韶关,广东省,3.0,3.0,4.0,4.0,4.0,4.0,4.0,4.0,4.0,5.0,5.0,6.0,6.0,6.0,6.0,6.0,6.0,6.0,7.0,7.0,8.0,8.0,10.0,10.0,10.0,10.0,10.0,10.0,10.0,10.0,10.0,10.0,10.0,10.0,10.0,10.0,10.0,0
320000,江苏省,320700,连云港市,2018-2,,1963-12,项雪龙,,汉族,2020-07-21 17:00:00,True,56,False,,,1,320700.0,连云港市,连云港,江苏省,1.0,1.0,3.0,3.0,3.0,3.0,6.0,9.0,13.0,13.0,14.0,17.0,20.0,22.0,24.0,27.0,32.0,35.0,37.0,39.0,42.0,45.0,46.0,48.0,48.0,48.0,48.0,48.0,48.0,48.0,48.0,48.0,48.0,48.0,48.0,48.0,48.0,0
330000,浙江省,330500,湖州市,2018-2,,1966-1,马晓晖,,汉族,2020-07-21 17:00:00,True,54,False,,,1,330500.0,湖州市,湖州,浙江省,,,1.0,3.0,3.0,5.0,5.0,6.0,6.0,6.0,9.0,9.0,9.0,9.0,9.0,10.0,10.0,10.0,10.0,10.0,10.0,10.0,10.0,10.0,10.0,10.0,10.0,10.0,10.0,10.0,10.0,10.0,10.0,10.0,10.0,10.0,10.0,0
330000,浙江省,330600,绍兴市,2018-2,,1962-10,马卫光,,汉族,2020-07-21 17:00:00,True,57,False,,,1,330600.0,绍兴市,绍兴,浙江省,1.0,4.0,5.0,6.0,7.0,19.0,19.0,23.0,24.0,27.0,30.0,30.0,30.0,33.0,34.0,36.0,38.0,41.0,41.0,41.0,41.0,42.0,42.0,42.0,42.0,42.0,42.0,42.0,42.0,42.0,42.0,42.0,42.0,42.0,42.0,42.0,42.0,0
330000,浙江省,330700,金华市,2018-2,,1964-7,陈龙,,汉族,2020-07-21 17:00:00,True,55,False,,,1,330700.0,金华市,金华,浙江省,1.0,2.0,3.0,5.0,7.0,13.0,20.0,27.0,34.0,34.0,36.0,40.0,44.0,47.0,48.0,52.0,53.0,53.0,53.0,54.0,55.0,55.0,55.0,55.0,55.0,55.0,55.0,55.0,55.0,55.0,55.0,55.0,55.0,55.0,55.0,55.0,55.0,0
330000,浙江省,330800,衢州市,2018-2,,1968-10,徐文光,,汉族,2020-07-21 17:00:00,True,51,False,,,1,330800.0,衢州市,衢州,浙江省,2.0,2.0,3.0,5.0,5.0,8.0,10.0,12.0,13.0,13.0,14.0,15.0,15.0,15.0,15.0,15.0,15.0,15.0,21.0,21.0,21.0,21.0,21.0,21.0,21.0,21.0,21.0,21.0,14.0,14.0,14.0,14.0,14.0,14.0,14.0,14.0,14.0,0
450000,广西壮族自治区,450400,梧州市,2018-2,,1964-3,全桂寿,,汉族,2020-07-21 17:00:00,True,55,False,,,1,450400.0,梧州市,梧州,广西壮族自治区,1.0,1.0,2.0,2.0,4.0,4.0,4.0,4.0,5.0,5.0,5.0,5.0,5.0,5.0,5.0,5.0,5.0,5.0,5.0,5.0,5.0,5.0,5.0,5.0,5.0,5.0,5.0,5.0,5.0,5.0,5.0,5.0,5.0,5.0,5.0,5.0,5.0,0
450000,广西壮族自治区,450900,玉林市,2018-2,,1965-1,黄海昆,,汉族,2020-07-21 17:00:00,True,55,False,,,1,450900.0,玉林市,玉林,广西壮族自治区,,1.0,1.0,2.0,2.0,2.0,2.0,4.0,5.0,7.0,8.0,8.0,8.0,8.0,8.0,9.0,9.0,9.0,9.0,9.0,9.0,9.0,10.0,10.0,10.0,10.0,11.0,11.0,11.0,11.0,11.0,11.0,11.0,11.0,11.0,11.0,11.0,0
140000,山西省,140400,长治市,2018-2,,1968-3,孙大军,,汉族,2020-07-21 17:00:00,True,51,False,,,1,140400.0,长治市,长治,山西省,,1.0,1.0,1.0,1.0,1.0,3.0,3.0,3.0,3.0,3.0,3.0,3.0,5.0,5.0,5.0,7.0,7.0,7.0,8.0,8.0,8.0,8.0,8.0,8.0,8.0,8.0,8.0,8.0,8.0,8.0,8.0,8.0,8.0,8.0,8.0,8.0,0
210000,辽宁省,211100,盘锦市,2018-2,,1963-10,付忠伟,,汉族,2020-07-21 17:00:00,True,56,True,-10.0,2020-02-05 00:00:00,1,211100.0,盘锦市,盘锦,辽宁省,,,1.0,2.0,2.0,2.0,3.0,4.0,7.0,6.0,8.0,8.0,8.0,11.0,11.0,11.0,11.0,11.0,11.0,11.0,11.0,11.0,11.0,11.0,11.0,11.0,11.0,11.0,11.0,11.0,11.0,11.0,11.0,11.0,11.0,11.0,11.0,0
220000,吉林省,220200,吉林市,2018-2,,1967-1,王庭凯,,汉族,2020-07-21 17:00:00,True,53,False,,,1,220200.0,吉林市,吉林,吉林省,1.0,2.0,,2.0,3.0,3.0,3.0,3.0,3.0,3.0,4.0,5.0,5.0,5.0,5.0,5.0,5.0,5.0,5.0,5.0,5.0,5.0,5.0,5.0,5.0,5.0,5.0,5.0,5.0,5.0,5.0,5.0,5.0,5.0,5.0,5.0,5.0,0
230000,黑龙江省,230500,双鸭山市,2018-2,,1963-10,宋宏伟,,汉族,2020-07-21 17:00:00,True,56,False,,,1,230500.0,双鸭山市,双鸭山,黑龙江省,,,,1.0,1.0,1.0,1.0,1.0,2.0,4.0,7.0,12.0,16.0,20.0,36.0,36.0,38.0,38.0,38.0,39.0,39.0,48.0,48.0,49.0,50.0,52.0,52.0,52.0,52.0,52.0,52.0,52.0,52.0,52.0,52.0,52.0,52.0,0
450000,广西壮族自治区,450600,防城港市,2018-2,,1963-4,李延强,,汉族,2020-07-21 17:00:00,True,56,True,-14.0,2020-02-08 00:00:00,1,450600.0,防城港市,防城港,广西壮族自治区,,2.0,2.0,3.0,3.0,5.0,5.0,7.0,8.0,8.0,9.0,11.0,13.0,15.0,15.0,16.0,16.0,17.0,17.0,17.0,17.0,17.0,17.0,18.0,18.0,18.0,18.0,19.0,19.0,19.0,19.0,19.0,19.0,19.0,19.0,19.0,19.0,0
440000,广东省,440400,珠海市,2018-3,,1965-10,郭永航,,汉族,2020-07-21 17:00:00,True,54,False,,,1,440400.0,珠海市,珠海,广东省,8.0,10.0,12.0,12.0,12.0,18.0,26.0,34.0,38.0,47.0,55.0,64.0,72.0,73.0,76.0,83.0,83.0,85.0,86.0,87.0,89.0,91.0,95.0,96.0,97.0,98.0,98.0,98.0,98.0,98.0,98.0,98.0,98.0,98.0,98.0,98.0,98.0,0
440000,广东省,441800,清远市,2018-3,,1960-9,郭锋,,汉族,2020-07-21 17:00:00,True,59,False,,,1,441800.0,清远市,清远,广东省,1.0,2.0,3.0,3.0,6.0,6.0,6.0,6.0,6.0,6.0,7.0,8.0,10.0,10.0,10.0,10.0,10.0,10.0,10.0,12.0,12.0,12.0,12.0,12.0,12.0,12.0,12.0,12.0,12.0,12.0,12.0,12.0,12.0,12.0,12.0,12.0,12.0,0
440000,广东省,441900,东莞市,2018-3,,1962-10,梁维东,,汉族,2020-07-21 17:00:00,True,57,False,,,1,441900.0,东莞市,东莞,广东省,,1.0,2.0,2.0,7.0,7.0,11.0,16.0,21.0,27.0,31.0,37.0,44.0,47.0,53.0,56.0,58.0,60.0,62.0,67.0,70.0,73.0,81.0,89.0,89.0,91.0,91.0,92.0,93.0,93.0,94.0,96.0,97.0,97.0,97.0,98.0,99.0,0
650000,新疆维吾尔自治区,653200,和田地区,2018-3,,1971-2,杨发森,,汉族,2020-07-21 17:00:00,True,49,False,,,1,,,,,,,,,,,,,,,,,,,,,,,,,,,,,,,,,,,,,,,,,,0
150000,内蒙古自治区,150700,呼伦贝尔市,2018-3,,1965-11,于立新,,蒙古族,2020-07-21 17:00:00,True,54,True,-19.0,2020-02-13 00:00:00,1,150700.0,呼伦贝尔市,呼伦贝尔,内蒙古自治区,,1.0,,,2.0,2.0,2.0,1.0,2.0,2.0,2.0,3.0,3.0,5.0,5.0,5.0,5.0,5.0,5.0,6.0,6.0,6.0,6.0,6.0,6.0,6.0,7.0,7.0,7.0,7.0,7.0,7.0,7.0,7.0,7.0,7.0,7.0,0
350000,福建省,350500,泉州市,2018-3,,1963-4,康涛,,汉族,2020-07-21 17:00:00,True,56,True,-12.0,2020-02-05 00:00:00,1,350500.0,泉州市,泉州,福建省,1.0,3.0,5.0,10.0,13.0,13.0,18.0,22.0,24.0,29.0,31.0,35.0,37.0,39.0,40.0,40.0,42.0,42.0,43.0,43.0,44.0,44.0,46.0,46.0,46.0,46.0,46.0,46.0,46.0,46.0,46.0,46.0,47.0,47.0,47.0,47.0,47.0,0
360000,江西省,360400,九江市,2018-3,,1963-9,林彬杨,,汉族,2020-07-21 17:00:00,True,56,True,-13.0,2020-02-06 00:00:00,1,360400.0,九江市,九江,江西省,1.0,2.0,2.0,4.0,9.0,16.0,31.0,42.0,43.0,55.0,64.0,78.0,86.0,92.0,95.0,97.0,100.0,101.0,101.0,105.0,109.0,114.0,115.0,117.0,117.0,118.0,118.0,118.0,118.0,118.0,118.0,118.0,118.0,118.0,118.0,118.0,118.0,0
360000,江西省,360600,鹰潭市,2018-3,,1962-10,郭安,,汉族,2020-07-21 17:00:00,True,57,True,-9.0,2020-02-06 00:00:00,1,360600.0,鹰潭市,鹰潭,江西省,,,,,1.0,1.0,3.0,4.0,4.0,8.0,8.0,8.0,9.0,9.0,10.0,11.0,11.0,12.0,14.0,18.0,18.0,18.0,18.0,18.0,18.0,18.0,18.0,18.0,18.0,18.0,18.0,18.0,18.0,18.0,18.0,18.0,18.0,0
320000,江苏省,320900,盐城市,2018-4,,1962-1,戴源,,汉族,2020-07-21 17:00:00,True,58,False,,,1,320900.0,盐城市,盐城,江苏省,,1.0,1.0,1.0,1.0,6.0,6.0,8.0,13.0,15.0,15.0,15.0,15.0,16.0,16.0,17.0,17.0,18.0,18.0,21.0,25.0,26.0,27.0,27.0,27.0,27.0,27.0,27.0,27.0,27.0,27.0,27.0,27.0,27.0,27.0,27.0,27.0,0
320000,江苏省,321300,宿迁市,2018-4,,1964-2,张爱军,,汉族,2020-07-21 17:00:00,True,56,False,,,1,321300.0,宿迁市,宿迁,江苏省,,1.0,1.0,1.0,3.0,4.0,4.0,7.0,8.0,8.0,9.0,10.0,11.0,11.0,12.0,12.0,12.0,12.0,12.0,12.0,12.0,12.0,12.0,13.0,13.0,13.0,13.0,13.0,13.0,13.0,13.0,13.0,13.0,13.0,13.0,13.0,13.0,0
350000,福建省,350900,宁德市,2018-4,,1968-1,郭锡文,,汉族,2020-07-21 17:00:00,True,52,False,,,1,350900.0,宁德市,宁德,福建省,1.0,2.0,3.0,6.0,6.0,7.0,8.0,9.0,9.0,9.0,12.0,12.0,14.0,16.0,16.0,21.0,23.0,24.0,24.0,24.0,25.0,25.0,25.0,25.0,25.0,25.0,26.0,26.0,26.0,26.0,26.0,26.0,26.0,26.0,26.0,26.0,26.0,0
370000,山东省,370600,烟台市,2018-4,,1964-1,张术平,,汉族,2020-07-21 17:00:00,True,56,False,,,1,370600.0,烟台市,烟台,山东省,2.0,2.0,2.0,8.0,10.0,12.0,13.0,18.0,20.0,20.0,26.0,26.0,27.0,30.0,34.0,35.0,37.0,39.0,41.0,43.0,46.0,46.0,46.0,46.0,47.0,47.0,47.0,47.0,47.0,47.0,47.0,47.0,47.0,47.0,47.0,47.0,47.0,0
610000,陕西省,610200,铜川市,2018-4,,1962-7,杨长亚,,汉族,2020-07-21 17:00:00,True,57,False,,,1,610200.0,铜川市,铜川,陕西省,,3.0,5.0,5.0,5.0,5.0,5.0,5.0,5.0,6.0,7.0,7.0,7.0,7.0,8.0,8.0,8.0,8.0,8.0,8.0,8.0,8.0,8.0,8.0,8.0,8.0,8.0,8.0,8.0,8.0,8.0,8.0,8.0,8.0,8.0,8.0,8.0,0
320000,江苏省,320300,徐州市,2018-4,,1962-11,周铁根,,汉族,2020-07-21 17:00:00,True,57,True,-8.0,2020-02-04 00:00:00,1,320300.0,徐州市,徐州,江苏省,,,,3.0,8.0,8.0,15.0,20.0,23.0,30.0,36.0,39.0,45.0,45.0,49.0,52.0,56.0,60.0,63.0,66.0,71.0,76.0,77.0,78.0,79.0,79.0,79.0,79.0,79.0,79.0,79.0,79.0,79.0,79.0,79.0,79.0,79.0,0
370000,山东省,370800,济宁市,2018-4,,1964-11,傅明先,,汉族,2020-07-21 17:00:00,True,55,True,-10.0,2020-02-03 00:00:00,1,370800.0,济宁市,济宁,山东省,1.0,2.0,5.0,5.0,5.0,5.0,8.0,8.0,11.0,14.0,18.0,21.0,25.0,32.0,35.0,38.0,39.0,39.0,41.0,42.0,43.0,46.0,49.0,51.0,52.0,52.0,52.0,52.0,253.0,253.0,257.0,257.0,258.0,258.0,258.0,258.0,258.0,0
520000,贵州省,520100,贵阳市,2018-5,,1963-9,赵德明,,瑶族,2020-07-21 17:00:00,True,56,False,,,1,520100.0,贵阳市,贵阳,贵州省,1.0,1.0,1.0,1.0,1.0,1.0,1.0,4.0,4.0,6.0,7.0,10.0,12.0,15.0,18.0,18.0,24.0,27.0,29.0,31.0,33.0,34.0,34.0,34.0,36.0,36.0,36.0,36.0,36.0,36.0,36.0,36.0,36.0,36.0,36.0,36.0,36.0,0
330000,浙江省,330100,杭州市,2018-5,,1967-9,周江勇,,汉族,2020-07-21 17:00:00,True,52,True,-11.0,2020-02-04 00:00:00,1,330100.0,杭州市,杭州,浙江省,6.0,12.0,27.0,27.0,32.0,51.0,69.0,85.0,98.0,110.0,118.0,132.0,141.0,151.0,156.0,162.0,165.0,155.0,157.0,159.0,162.0,165.0,166.0,166.0,168.0,168.0,169.0,169.0,169.0,169.0,169.0,169.0,169.0,169.0,169.0,169.0,169.0,1
330000,浙江省,330300,温州市,2018-5,,1966-6,陈伟俊,,汉族,2020-07-21 17:00:00,True,53,True,-9.0,2020-02-02 00:00:00,1,330300.0,温州市,温州,浙江省,6.0,10.0,18.0,32.0,60.0,114.0,172.0,227.0,241.0,265.0,291.0,340.0,364.0,396.0,421.0,438.0,448.0,464.0,474.0,481.0,490.0,496.0,499.0,502.0,503.0,504.0,504.0,504.0,504.0,504.0,504.0,504.0,504.0,504.0,504.0,504.0,504.0,0
370000,山东省,370500,东营市,2018-5,,1963-10,李宽端,,汉族,2020-07-21 17:00:00,True,56,True,20.0,2020-01-30 00:00:00,1,,,,,,,,,,,,,,,,,,,,,,,,,,,,,,,,,,,,,,,,,,0
370000,山东省,370900,泰安市,2018-5,,1961-5,崔洪刚,,汉族,2020-07-21 17:00:00,True,58,True,-8.0,2020-02-05 00:00:00,1,370900.0,泰安市,泰安,山东省,,,,,1.0,3.0,3.0,4.0,6.0,9.0,12.0,12.0,14.0,18.0,20.0,20.0,24.0,31.0,32.0,32.0,32.0,32.0,32.0,32.0,32.0,32.0,32.0,33.0,34.0,35.0,35.0,35.0,35.0,35.0,35.0,35.0,35.0,0
440000,广东省,441300,惠州市,2018-6,,1965-11,李贻伟,,汉族,2020-07-21 17:00:00,True,54,False,,,1,441300.0,惠州市,惠州,广东省,5.0,7.0,8.0,8.0,11.0,12.0,17.0,20.0,20.0,23.0,28.0,29.0,34.0,35.0,39.0,47.0,48.0,52.0,53.0,54.0,55.0,56.0,58.0,58.0,58.0,59.0,62.0,62.0,62.0,62.0,62.0,62.0,62.0,62.0,62.0,62.0,62.0,0
440000,广东省,445300,云浮市,2018-6,,1963-9,黄汉标,,汉族,2020-07-21 17:00:00,True,56,False,,,1,,,,,,,,,,,,,,,,,,,,,,,,,,,,,,,,,,,,,,,,,,0
510000,四川省,510700,绵阳市,2018-6,,1971-11,刘超,,汉族,2020-07-21 17:00:00,True,48,False,,,1,510700.0,绵阳市,绵阳,四川省,2.0,2.0,5.0,7.0,8.0,8.0,9.0,11.0,12.0,14.0,17.0,17.0,17.0,18.0,19.0,20.0,20.0,21.0,21.0,22.0,22.0,22.0,22.0,22.0,22.0,22.0,22.0,22.0,22.0,22.0,22.0,22.0,22.0,22.0,22.0,22.0,22.0,0
510000,四川省,510900,遂宁市,2018-6,,1966-3,邵革军,,汉族,2020-07-21 17:00:00,True,53,False,,,1,510900.0,遂宁市,遂宁,四川省,1.0,2.0,2.0,2.0,3.0,3.0,4.0,5.0,5.0,5.0,5.0,5.0,5.0,5.0,5.0,6.0,8.0,10.0,10.0,10.0,10.0,10.0,10.0,12.0,17.0,17.0,17.0,17.0,17.0,17.0,17.0,17.0,17.0,17.0,17.0,17.0,17.0,0
510000,四川省,513200,阿坝藏族羌族自治州,2018-6,,1963-8,刘坪,,汉族,2020-07-21 17:00:00,True,56,False,,,1,513200.0,阿坝藏族羌族自治州,阿坝州,四川省,,,,,,,,1.0,1.0,1.0,1.0,1.0,1.0,1.0,1.0,1.0,1.0,1.0,1.0,1.0,1.0,1.0,1.0,1.0,1.0,1.0,1.0,1.0,1.0,1.0,1.0,1.0,1.0,1.0,1.0,1.0,1.0,0
230000,黑龙江省,230300,鸡西市,2018-6,,1963-8,张常荣,,汉族,2020-07-21 17:00:00,True,56,False,,,1,230300.0,鸡西市,鸡西,黑龙江省,,,,,,1.0,1.0,2.0,4.0,4.0,6.0,9.0,12.0,21.0,29.0,31.0,34.0,34.0,38.0,43.0,44.0,44.0,45.0,46.0,46.0,46.0,46.0,46.0,46.0,46.0,46.0,46.0,46.0,46.0,46.0,46.0,46.0,0
330000,浙江省,330400,嘉兴市,2018-7,,1966-4,张兵,,汉族,2020-07-21 17:00:00,True,53,False,,,1,330400.0,嘉兴市,嘉兴,浙江省,3.0,4.0,8.0,8.0,11.0,14.0,16.0,16.0,18.0,19.0,19.0,23.0,27.0,30.0,35.0,37.0,38.0,40.0,40.0,42.0,42.0,42.0,43.0,43.0,43.0,43.0,44.0,45.0,45.0,45.0,45.0,45.0,45.0,45.0,45.0,45.0,45.0,0
330000,浙江省,331100,丽水市,2018-7,,1972-11,胡海峰,,汉族,2020-07-21 17:00:00,True,47,False,,,1,331100.0,丽水市,丽水,浙江省,,,3.0,3.0,5.0,6.0,6.0,7.0,8.0,14.0,16.0,16.0,16.0,16.0,16.0,17.0,17.0,17.0,17.0,17.0,17.0,17.0,17.0,17.0,17.0,17.0,17.0,17.0,17.0,17.0,17.0,17.0,17.0,17.0,17.0,17.0,17.0,0
340000,安徽省,341800,宣城市,2018-7,,1962-11,陶方启,,汉族,2020-07-21 17:00:00,True,57,False,,,1,341800.0,宣城市,宣城,安徽省,,,1.0,1.0,2.0,2.0,4.0,4.0,4.0,4.0,4.0,4.0,4.0,5.0,5.0,5.0,5.0,6.0,6.0,6.0,6.0,6.0,6.0,6.0,6.0,6.0,6.0,6.0,6.0,6.0,6.0,6.0,6.0,6.0,6.0,6.0,6.0,0
510000,四川省,510400,攀枝花市,2018-7,,1963-8,贾瑞云,,汉族,2020-07-21 17:00:00,True,56,False,,,1,510400.0,攀枝花市,攀枝花,四川省,,,,,,,,1.0,7.0,9.0,10.0,10.0,11.0,11.0,11.0,12.0,13.0,13.0,13.0,13.0,13.0,13.0,13.0,13.0,13.0,16.0,16.0,16.0,16.0,16.0,16.0,16.0,16.0,16.0,16.0,16.0,16.0,0
510000,四川省,511600,广安市,2018-7,,1963-11,李建勤,,汉族,2020-07-21 17:00:00,True,56,False,,,1,511600.0,广安市,广安,四川省,2.0,2.0,2.0,6.0,7.0,7.0,9.0,13.0,16.0,20.0,21.0,24.0,24.0,24.0,27.0,28.0,28.0,28.0,30.0,30.0,30.0,30.0,30.0,30.0,30.0,30.0,30.0,30.0,30.0,30.0,30.0,30.0,30.0,30.0,30.0,30.0,30.0,0
210000,辽宁省,210700,锦州市,2018-7,,1963-6,王德佳,,汉族,2020-07-21 17:00:00,True,56,True,-8.0,2020-02-05 00:00:00,1,210700.0,锦州市,锦州,辽宁省,,,,,4.0,4.0,4.0,5.0,7.0,7.0,7.0,7.0,7.0,7.0,8.0,10.0,11.0,11.0,11.0,12.0,12.0,12.0,12.0,12.0,12.0,12.0,12.0,12.0,12.0,12.0,12.0,12.0,12.0,12.0,12.0,12.0,12.0,0
420000,湖北省,421000,荆州市,2018-7,,1962-11,何光中,,汉族,2020-07-21 17:00:00,True,57,True,-2.0,2020-01-26 00:00:00,1,421000.0,荆州市,荆州,湖北省,8.0,10.0,33.0,47.0,71.0,101.0,151.0,221.0,287.0,333.0,499.0,613.0,713.0,801.0,885.0,941.0,997.0,1045.0,1075.0,1110.0,1431.0,1447.0,1478.0,1490.0,1501.0,1537.0,1541.0,1510.0,1517.0,1566.0,1574.0,1574.0,1576.0,1577.0,1579.0,1579.0,1579.0,0
440000,广东省,440100,广州市,2018-7,,1965-8,张硕辅,,汉族,2020-07-21 17:00:00,True,54,True,-14.0,2020-02-07 00:00:00,1,440100.0,广州市,广州,广东省,7.0,14.0,17.0,41.0,51.0,63.0,94.0,112.0,150.0,179.0,200.0,224.0,249.0,270.0,285.0,301.0,307.0,314.0,317.0,323.0,327.0,328.0,335.0,338.0,339.0,339.0,339.0,339.0,339.0,343.0,345.0,345.0,346.0,346.0,346.0,346.0,346.0,1
210000,辽宁省,210500,本溪市,2018-8,,1965-10,姜小林,,汉族,2020-07-21 17:00:00,True,54,True,-11.0,2020-02-05 00:00:00,1,210500.0,本溪市,本溪,辽宁省,,1.0,2.0,2.0,2.0,2.0,3.0,3.0,3.0,3.0,3.0,3.0,3.0,3.0,3.0,3.0,3.0,3.0,3.0,3.0,3.0,3.0,3.0,3.0,3.0,3.0,3.0,3.0,3.0,3.0,3.0,3.0,3.0,3.0,3.0,3.0,3.0,0
210000,辽宁省,211400,葫芦岛市,2018-8,,1965-7,王健,,汉族,2020-07-21 17:00:00,True,54,True,-11.0,2020-02-05 00:00:00,1,211400.0,葫芦岛市,葫芦岛,辽宁省,,2.0,2.0,2.0,2.0,4.0,4.0,4.0,5.0,5.0,5.0,6.0,7.0,7.0,9.0,9.0,9.0,9.0,11.0,11.0,11.0,11.0,11.0,12.0,12.0,12.0,12.0,12.0,12.0,12.0,12.0,12.0,12.0,12.0,12.0,12.0,12.0,0
420000,湖北省,420200,黄石市,2018-8,,1968-9,董卫民,,汉族,2020-07-21 17:00:00,True,51,True,1.0,2020-01-24 00:00:00,1,420200.0,黄石市,黄石,湖北省,,31.0,31.0,36.0,53.0,86.0,113.0,168.0,209.0,252.0,334.0,405.0,509.0,566.0,635.0,703.0,760.0,805.0,835.0,874.0,911.0,943.0,980.0,988.0,983.0,985.0,983.0,967.0,974.0,997.0,1001.0,1005.0,1008.0,1011.0,1013.0,1013.0,1013.0,0
410000,河南省,410600,鹤壁市,2018-9,,1963-10,马富国,,汉族,2020-07-21 17:00:00,True,56,False,,,1,410600.0,鹤壁市,鹤壁,河南省,,,,2.0,2.0,5.0,6.0,6.0,6.0,8.0,8.0,10.0,10.0,10.0,11.0,13.0,17.0,17.0,18.0,19.0,19.0,19.0,19.0,19.0,19.0,19.0,19.0,19.0,19.0,19.0,19.0,19.0,19.0,19.0,19.0,19.0,19.0,0
440000,广东省,441400,梅州市,2018-9,,1965-12,陈敏,,汉族,2020-07-21 17:00:00,True,54,False,,,1,441400.0,梅州市,梅州,广东省,,,1.0,3.0,4.0,4.0,5.0,5.0,6.0,7.0,8.0,9.0,10.0,12.0,12.0,13.0,13.0,13.0,13.0,13.0,13.0,14.0,15.0,16.0,16.0,16.0,16.0,16.0,16.0,16.0,16.0,16.0,16.0,16.0,16.0,16.0,16.0,0
210000,辽宁省,210400,抚顺市,2018-9,,1964-9,来鹤,,蒙古族,2020-07-21 17:00:00,True,55,True,20.0,2020-02-05 00:00:00,1,,,,,,,,,,,,,,,,,,,,,,,,,,,,,,,,,,,,,,,,,,0
370000,山东省,370400,枣庄市,2018-9,,1961-1,李峰,,汉族,2020-07-21 17:00:00,True,59,True,-8.0,2020-02-04 00:00:00,1,370400.0,枣庄市,枣庄,山东省,,,,2.0,5.0,8.0,9.0,9.0,12.0,15.0,16.0,16.0,17.0,17.0,19.0,20.0,21.0,21.0,23.0,23.0,23.0,23.0,24.0,24.0,24.0,24.0,24.0,24.0,24.0,24.0,24.0,24.0,24.0,24.0,24.0,24.0,24.0,0
420000,湖北省,420700,鄂州市,2018-9,,1966-4,王立,,汉族,2020-07-21 17:00:00,True,53,True,1.0,2020-01-24 00:00:00,1,420700.0,鄂州市,鄂州,湖北省,,1.0,1.0,20.0,57.0,84.0,123.0,189.0,227.0,278.0,306.0,332.0,382.0,423.0,471.0,569.0,639.0,725.0,790.0,861.0,1065.0,1125.0,1192.0,1230.0,1274.0,1339.0,1343.0,1338.0,1343.0,1375.0,1379.0,1383.0,1385.0,1387.0,1389.0,1389.0,1390.0,0
370000,山东省,371600,滨州市,2019-1,,1963-3,佘春明,,汉族,2020-07-21 17:00:00,True,56,False,,,1,371600.0,滨州市,滨州,山东省,,1.0,3.0,3.0,4.0,7.0,9.0,9.0,9.0,10.0,11.0,11.0,11.0,11.0,11.0,11.0,11.0,11.0,11.0,12.0,12.0,14.0,14.0,14.0,15.0,15.0,15.0,15.0,15.0,15.0,15.0,15.0,15.0,15.0,15.0,15.0,15.0,0
440000,广东省,440900,茂名市,2019-1,,1968-5,许志晖,,汉族,2020-07-21 17:00:00,True,51,False,,,1,440900.0,茂名市,茂名,广东省,,,,,,3.0,3.0,3.0,3.0,3.0,4.0,5.0,6.0,6.0,6.0,8.0,10.0,10.0,11.0,13.0,13.0,13.0,13.0,13.0,14.0,14.0,14.0,14.0,14.0,14.0,14.0,14.0,14.0,14.0,14.0,14.0,14.0,0
370000,山东省,370200,青岛市,2019-1,,1963-7,王清宪,,汉族,2020-07-21 17:00:00,True,56,True,-12.0,2020-02-05 00:00:00,1,370200.0,青岛市,青岛,山东省,4.0,6.0,8.0,13.0,15.0,17.0,21.0,21.0,21.0,24.0,26.0,32.0,35.0,41.0,44.0,46.0,49.0,53.0,53.0,53.0,53.0,55.0,56.0,57.0,57.0,58.0,59.0,59.0,59.0,59.0,59.0,60.0,60.0,60.0,60.0,60.0,60.0,1
230000,黑龙江省,232700,大兴安岭地区,2019-10,,1961-3,李大义,,汉族,2020-07-21 17:00:00,True,58,False,,,0,232700.0,大兴安岭地区,大兴安岭,黑龙江省,,,,,,1.0,2.0,2.0,2.0,2.0,2.0,2.0,2.0,2.0,2.0,2.0,2.0,2.0,2.0,2.0,2.0,2.0,2.0,2.0,2.0,2.0,2.0,2.0,2.0,2.0,2.0,2.0,2.0,2.0,2.0,2.0,2.0,0
320000,江苏省,321200,泰州市,2019-10,,1963-10,史立军,,汉族,2020-07-21 17:00:00,True,56,False,,,0,321200.0,泰州市,泰州,江苏省,,,1.0,2.0,4.0,8.0,9.0,12.0,17.0,17.0,21.0,23.0,26.0,28.0,29.0,30.0,30.0,31.0,34.0,36.0,37.0,37.0,37.0,37.0,37.0,37.0,37.0,37.0,37.0,37.0,37.0,37.0,37.0,37.0,37.0,37.0,37.0,0
440000,广东省,441200,肇庆市,2019-10,,1966-6,范中杰,,汉族,2020-07-21 17:00:00,True,53,False,,,0,441200.0,肇庆市,肇庆,广东省,1.0,2.0,4.0,4.0,4.0,5.0,5.0,6.0,6.0,7.0,10.0,10.0,13.0,14.0,14.0,14.0,14.0,15.0,15.0,16.0,16.0,17.0,17.0,17.0,17.0,18.0,18.0,18.0,18.0,19.0,19.0,19.0,19.0,19.0,19.0,19.0,19.0,0
440000,广东省,442000,中山市,2019-10,,1965-9,赖泽华,,汉族,2020-07-21 17:00:00,True,54,False,,,0,442000.0,中山市,中山,广东省,2.0,2.0,2.0,5.0,6.0,13.0,18.0,18.0,18.0,21.0,25.0,31.0,36.0,44.0,46.0,46.0,51.0,56.0,58.0,62.0,64.0,64.0,65.0,65.0,66.0,66.0,66.0,66.0,66.0,66.0,66.0,66.0,66.0,66.0,66.0,66.0,66.0,0
530000,云南省,533100,德宏傣族景颇族自治州,2019-10,,1964-4,赵刚,,彝族,2020-07-21 17:00:00,True,55,False,,,0,533100.0,德宏傣族景颇族自治州,德宏,云南省,,,2.0,2.0,2.0,2.0,2.0,3.0,3.0,4.0,4.0,5.0,5.0,5.0,5.0,5.0,5.0,5.0,,,,,,,,,,,,,,,,,,,,0
530000,云南省,533100,德宏傣族景颇族自治州,2019-10,,1964-4,赵刚,,彝族,2020-07-21 17:00:00,True,55,False,,,0,533100.0,德宏傣族景颇族自治州,德宏州,云南省,,,,,,,,,,,,,,,,,,,5.0,5.0,5.0,5.0,5.0,5.0,5.0,5.0,5.0,5.0,5.0,5.0,5.0,5.0,5.0,5.0,5.0,5.0,5.0,0
220000,吉林省,220600,白山市,2019-11,,1969-12,王冰,,满族,2020-07-21 17:00:00,True,50,False,,,0,,,,,,,,,,,,,,,,,,,,,,,,,,,,,,,,,,,,,,,,,,0
230000,黑龙江省,230800,佳木斯市,2019-12,,1968-9,杨博,,汉族,2020-07-21 17:00:00,True,51,False,,,0,230800.0,佳木斯市,佳木斯,黑龙江省,,,,1.0,1.0,5.0,5.0,8.0,11.0,11.0,11.0,11.0,11.0,12.0,13.0,13.0,13.0,14.0,15.0,15.0,15.0,15.0,15.0,15.0,15.0,15.0,15.0,15.0,15.0,15.0,15.0,15.0,15.0,15.0,15.0,15.0,15.0,0
320000,江苏省,320800,淮安市,2019-12,,1971-10,蔡丽新,,汉族,2020-07-21 17:00:00,True,48,False,,,0,320800.0,淮安市,淮安,江苏省,,,1.0,2.0,2.0,3.0,7.0,10.0,12.0,13.0,18.0,22.0,26.0,34.0,37.0,40.0,44.0,46.0,46.0,47.0,51.0,56.0,60.0,63.0,65.0,66.0,66.0,66.0,66.0,66.0,66.0,66.0,66.0,66.0,66.0,66.0,66.0,0
330000,浙江省,331000,台州市,2019-12,,1970-4,李跃旗,,汉族,2020-07-21 17:00:00,True,49,False,,,0,331000.0,台州市,台州,浙江省,18.0,20.0,21.0,22.0,22.0,40.0,64.0,81.0,95.0,100.0,109.0,115.0,122.0,124.0,129.0,133.0,138.0,141.0,143.0,143.0,144.0,144.0,145.0,146.0,146.0,146.0,146.0,146.0,146.0,146.0,146.0,146.0,146.0,146.0,146.0,146.0,146.0,0
340000,安徽省,340700,铜陵市,2019-12,,1970-10,丁纯,,汉族,2020-07-21 17:00:00,True,49,False,,,0,340700.0,铜陵市,铜陵,安徽省,,3.0,3.0,3.0,9.0,9.0,10.0,14.0,16.0,16.0,18.0,19.0,19.0,20.0,22.0,23.0,24.0,25.0,27.0,27.0,28.0,28.0,28.0,28.0,28.0,29.0,29.0,29.0,29.0,29.0,29.0,29.0,29.0,29.0,29.0,29.0,29.0,0
350000,福建省,350300,莆田市,2019-12,,1966-4,刘建洋,,汉族,2020-07-21 17:00:00,True,53,False,,,0,350300.0,莆田市,莆田,福建省,,,1.0,10.0,14.0,14.0,17.0,22.0,25.0,27.0,34.0,37.0,38.0,42.0,44.0,47.0,47.0,51.0,51.0,52.0,54.0,54.0,55.0,55.0,55.0,55.0,55.0,55.0,55.0,55.0,55.0,55.0,55.0,55.0,56.0,56.0,56.0,0
370000,山东省,371400,德州市,2019-12,,1967-2,李猛,,汉族,2020-07-21 17:00:00,True,53,False,,,0,371400.0,德州市,德州,山东省,,1.0,3.0,6.0,8.0,11.0,15.0,16.0,17.0,19.0,19.0,19.0,24.0,26.0,27.0,29.0,30.0,32.0,32.0,33.0,35.0,35.0,36.0,37.0,37.0,37.0,37.0,37.0,37.0,37.0,37.0,37.0,37.0,37.0,37.0,37.0,37.0,0
430000,湖南省,430600,岳阳市,2019-12,,1962-1,王一鸥,,汉族,2020-07-21 17:00:00,True,58,False,,,0,430600.0,岳阳市,岳阳,湖南省,3.0,5.0,6.0,7.0,17.0,26.0,29.0,37.0,45.0,53.0,70.0,83.0,89.0,93.0,107.0,111.0,115.0,124.0,134.0,146.0,148.0,149.0,153.0,154.0,154.0,155.0,155.0,156.0,156.0,156.0,156.0,156.0,156.0,156.0,156.0,156.0,156.0,0
430000,湖南省,431300,娄底市,2019-12,,1969-9,刘非,,汉族,2020-07-21 17:00:00,True,50,False,,,0,431300.0,娄底市,娄底,湖南省,3.0,5.0,5.0,7.0,9.0,13.0,16.0,20.0,26.0,29.0,35.0,40.0,45.0,51.0,53.0,59.0,64.0,66.0,69.0,69.0,72.0,73.0,75.0,75.0,76.0,76.0,76.0,76.0,76.0,76.0,76.0,76.0,76.0,76.0,76.0,76.0,76.0,0
460000,海南省,460100,海口市,2019-12,,1965-11,何忠友,,汉族,2020-07-21 17:00:00,True,54,False,,,0,460100.0,海口市,海口,海南省,3.0,3.0,3.0,6.0,7.0,9.0,9.0,9.0,11.0,11.0,13.0,14.0,16.0,16.0,21.0,23.0,23.0,28.0,29.0,29.0,29.0,31.0,33.0,33.0,34.0,34.0,34.0,39.0,39.0,39.0,39.0,39.0,39.0,39.0,39.0,39.0,39.0,0
510000,四川省,510600,德阳市,2019-12,,1970-2,靳磊,,汉族,2020-07-21 17:00:00,True,49,False,,,0,510600.0,德阳市,德阳,四川省,1.0,1.0,1.0,1.0,1.0,2.0,3.0,7.0,7.0,10.0,10.0,12.0,12.0,12.0,12.0,13.0,16.0,16.0,16.0,16.0,17.0,17.0,17.0,17.0,17.0,17.0,17.0,17.0,18.0,18.0,18.0,18.0,18.0,18.0,18.0,18.0,18.0,0
610000,陕西省,611000,商洛市,2019-12,,1968-7,郭永红,,汉族,2020-07-21 17:00:00,True,51,False,,,0,611000.0,商洛市,商洛,陕西省,,1.0,1.0,1.0,2.0,2.0,2.0,2.0,2.0,2.0,2.0,5.0,6.0,6.0,7.0,7.0,7.0,7.0,7.0,7.0,7.0,7.0,7.0,7.0,7.0,7.0,7.0,7.0,7.0,7.0,7.0,7.0,7.0,7.0,7.0,7.0,7.0,0
620000,甘肃省,620300,金昌市,2019-12,,1968-1,张永霞,,汉族,2020-07-21 17:00:00,True,52,False,,,0,620300.0,金昌市,金昌,甘肃省,,,,,1.0,1.0,1.0,1.0,1.0,1.0,1.0,1.0,1.0,1.0,1.0,1.0,1.0,1.0,1.0,1.0,1.0,1.0,1.0,1.0,1.0,1.0,1.0,1.0,1.0,1.0,1.0,1.0,1.0,1.0,1.0,1.0,1.0,0
130000,河北省,130500,邢台市,2019-12,,1967-11,钱三雄,,汉族,2020-07-21 17:00:00,True,52,False,,,0,130500.0,邢台市,邢台,河北省,,,,1.0,2.0,3.0,5.0,7.0,10.0,10.0,14.0,16.0,16.0,19.0,20.0,21.0,21.0,21.0,21.0,21.0,21.0,22.0,22.0,22.0,23.0,23.0,23.0,23.0,23.0,23.0,23.0,23.0,23.0,23.0,23.0,23.0,23.0,0
140000,山西省,140800,运城市,2019-12,,1972-12,丁小强,,汉族,2020-07-21 17:00:00,True,47,False,,,0,140800.0,运城市,运城,山西省,,2.0,2.0,2.0,3.0,4.0,7.0,8.0,10.0,10.0,13.0,16.0,17.0,17.0,17.0,17.0,18.0,18.0,19.0,19.0,19.0,19.0,19.0,19.0,19.0,19.0,19.0,19.0,19.0,19.0,19.0,19.0,19.0,19.0,19.0,19.0,19.0,0
150000,内蒙古自治区,150500,通辽市,2019-12,,1963-7,冯玉臻,,汉族,2020-07-21 17:00:00,True,56,True,-17.0,2020-02-13 00:00:00,0,150500.0,通辽市,通辽,内蒙古自治区,,,,1.0,1.0,1.0,1.0,1.0,1.0,1.0,1.0,1.0,1.0,1.0,2.0,3.0,3.0,6.0,6.0,6.0,6.0,6.0,6.0,6.0,6.0,7.0,7.0,7.0,7.0,7.0,7.0,7.0,7.0,7.0,7.0,7.0,7.0,0
150000,内蒙古自治区,152900,阿拉善盟,2019-12,,1969-8,万超岐,,汉族,2020-07-21 17:00:00,True,50,True,20.0,2020-02-13 00:00:00,0,,,,,,,,,,,,,,,,,,,,,,,,,,,,,,,,,,,,,,,,,,0
210000,辽宁省,210600,丹东市,2019-12,,1964-10,裴伟东,,汉族,2020-07-21 17:00:00,True,55,True,-10.0,2020-02-05 00:00:00,0,210600.0,丹东市,丹东,辽宁省,,,1.0,4.0,5.0,5.0,5.0,5.0,6.0,6.0,6.0,6.0,7.0,7.0,7.0,7.0,7.0,7.0,7.0,7.0,7.0,7.0,7.0,7.0,7.0,7.0,7.0,7.0,7.0,7.0,7.0,7.0,7.0,7.0,7.0,7.0,7.0,0
210000,辽宁省,210900,阜新市,2019-12,,1966-12,吕志成,,汉族,2020-07-21 17:00:00,True,53,True,-4.0,2020-02-05 00:00:00,0,210900.0,阜新市,阜新,辽宁省,,,,,,,,,2.0,3.0,5.0,7.0,7.0,7.0,7.0,7.0,7.0,8.0,8.0,8.0,8.0,8.0,8.0,8.0,8.0,8.0,8.0,8.0,8.0,8.0,8.0,8.0,8.0,8.0,8.0,8.0,8.0,0
320000,江苏省,320200,无锡市,2019-12,,1962-10,黄钦,,汉族,2020-07-21 17:00:00,True,57,True,-10.0,2020-02-03 00:00:00,0,320200.0,无锡市,无锡,江苏省,1.0,1.0,2.0,4.0,6.0,9.0,10.0,12.0,13.0,19.0,23.0,25.0,26.0,28.0,31.0,34.0,38.0,41.0,45.0,48.0,49.0,51.0,52.0,53.0,55.0,55.0,55.0,55.0,55.0,55.0,55.0,55.0,55.0,55.0,55.0,55.0,55.0,0
320000,江苏省,320400,常州市,2019-12,,1967-9,齐家滨,,汉族,2020-07-21 17:00:00,True,52,True,-10.0,2020-02-04 00:00:00,0,320400.0,常州市,常州,江苏省,,5.0,5.0,6.0,8.0,8.0,10.0,13.0,14.0,15.0,15.0,19.0,24.0,27.0,29.0,31.0,31.0,31.0,31.0,36.0,38.0,43.0,43.0,46.0,49.0,50.0,51.0,51.0,51.0,51.0,51.0,51.0,51.0,51.0,51.0,51.0,51.0,0
320000,江苏省,320600,南通市,2019-12,,1963-4,徐惠民,,汉族,2020-07-21 17:00:00,True,56,True,-11.0,2020-02-04 00:00:00,0,320600.0,南通市,南通,江苏省,1.0,1.0,2.0,4.0,6.0,6.0,9.0,10.0,12.0,17.0,19.0,22.0,25.0,27.0,29.0,31.0,32.0,33.0,35.0,37.0,38.0,39.0,40.0,40.0,40.0,40.0,40.0,40.0,40.0,40.0,40.0,40.0,40.0,40.0,40.0,40.0,40.0,0
320000,江苏省,321000,扬州市,2019-12,,1965-5,夏心旻,,汉族,2020-07-21 17:00:00,True,54,True,-12.0,2020-02-05 00:00:00,0,321000.0,扬州市,扬州,江苏省,1.0,1.0,1.0,4.0,5.0,8.0,8.0,8.0,13.0,13.0,14.0,15.0,15.0,15.0,17.0,17.0,18.0,18.0,18.0,18.0,20.0,20.0,21.0,22.0,23.0,23.0,23.0,23.0,23.0,23.0,23.0,23.0,23.0,23.0,23.0,23.0,23.0,0
420000,湖北省,421200,咸宁市,2019-12,,1966-6,孟祥伟,,汉族,2020-07-21 17:00:00,True,53,True,1.0,2020-01-24 00:00:00,0,421200.0,咸宁市,咸宁,湖北省,,,43.0,64.0,91.0,112.0,130.0,166.0,206.0,246.0,296.0,348.0,384.0,399.0,443.0,476.0,493.0,507.0,515.0,525.0,534.0,732.0,840.0,852.0,861.0,868.0,832.0,766.0,766.0,836.0,836.0,836.0,836.0,836.0,836.0,836.0,836.0,0
130000,河北省,130300,秦皇岛市,2019-12,,1962-3,朱政学,,汉族,2020-07-21 17:00:00,True,57,True,7.0,2020-01-25 00:00:00,0,130300.0,秦皇岛市,秦皇岛,河北省,,,,,,,,,1.0,1.0,2.0,2.0,3.0,3.0,5.0,7.0,7.0,7.0,9.0,9.0,9.0,9.0,10.0,10.0,10.0,10.0,10.0,10.0,10.0,10.0,10.0,10.0,10.0,10.0,10.0,10.0,10.0,0
370000,山东省,371100,日照市,2019-12,,1967-4,张惠,,汉族,2020-07-21 17:00:00,True,52,True,-12.0,2020-02-05 00:00:00,0,371100.0,日照市,日照,山东省,1.0,3.0,4.0,5.0,6.0,8.0,9.0,9.0,10.0,11.0,14.0,14.0,14.0,14.0,14.0,15.0,15.0,15.0,15.0,15.0,15.0,15.0,16.0,16.0,16.0,16.0,16.0,16.0,16.0,16.0,16.0,16.0,16.0,16.0,16.0,16.0,16.0,0
350000,福建省,350200,厦门市,2019-2,,1963-12,胡昌升,,汉族,2020-07-21 17:00:00,True,56,False,,,0,350200.0,厦门市,厦门,福建省,3.0,3.0,4.0,4.0,5.0,6.0,7.0,13.0,17.0,18.0,19.0,20.0,21.0,21.0,23.0,25.0,25.0,28.0,31.0,32.0,34.0,34.0,34.0,34.0,35.0,35.0,35.0,35.0,35.0,35.0,35.0,35.0,35.0,35.0,35.0,35.0,35.0,1
370000,山东省,371500,聊城市,2019-2,,1972-3,孙爱军,,汉族,2020-07-21 17:00:00,True,47,False,,,0,371500.0,聊城市,聊城,山东省,,1.0,1.0,1.0,3.0,4.0,5.0,7.0,8.0,9.0,10.0,10.0,12.0,15.0,20.0,27.0,33.0,34.0,37.0,38.0,38.0,38.0,38.0,38.0,38.0,38.0,38.0,38.0,38.0,38.0,38.0,38.0,38.0,38.0,38.0,38.0,38.0,0
430000,湖南省,431100,永州市,2019-2,,1968-8,严华,,汉族,2020-07-21 17:00:00,True,51,False,,,0,431100.0,永州市,永州,湖南省,4.0,4.0,4.0,4.0,7.0,11.0,14.0,16.0,18.0,22.0,26.0,26.0,30.0,32.0,38.0,40.0,40.0,41.0,42.0,43.0,43.0,43.0,43.0,43.0,43.0,43.0,43.0,43.0,43.0,43.0,43.0,43.0,43.0,43.0,44.0,44.0,44.0,0
350000,福建省,350400,三明市,2019-3,,1962-12,林兴禄,,汉族,2020-07-21 17:00:00,True,57,False,,,0,350400.0,三明市,三明,福建省,0.0,1.0,4.0,4.0,8.0,9.0,10.0,10.0,10.0,11.0,11.0,11.0,11.0,11.0,12.0,12.0,13.0,13.0,13.0,13.0,13.0,13.0,13.0,13.0,14.0,14.0,14.0,14.0,14.0,14.0,14.0,14.0,14.0,14.0,14.0,14.0,14.0,0
350000,福建省,350600,漳州市,2019-3,,1964-8,邵玉龙,,汉族,2020-07-21 17:00:00,True,55,False,,,0,350600.0,漳州市,漳州,福建省,0.0,3.0,4.0,5.0,6.0,7.0,7.0,8.0,11.0,12.0,13.0,13.0,15.0,16.0,16.0,16.0,16.0,16.0,17.0,19.0,19.0,19.0,20.0,20.0,20.0,20.0,20.0,20.0,20.0,20.0,20.0,20.0,20.0,20.0,20.0,20.0,20.0,0
620000,甘肃省,622900,临夏回族自治州,2019-3,,1964-1,郭鹤立,,汉族,2020-07-21 17:00:00,True,56,False,,,0,622900.0,临夏回族自治州,临夏,甘肃省,,1.0,1.0,2.0,2.0,2.0,2.0,2.0,2.0,2.0,3.0,3.0,3.0,3.0,3.0,3.0,3.0,3.0,3.0,3.0,3.0,3.0,3.0,3.0,3.0,3.0,3.0,3.0,3.0,3.0,3.0,3.0,3.0,3.0,3.0,3.0,3.0,0
610000,陕西省,610500,渭南市,2019-4,,1966-4,魏建锋,,汉族,2020-07-21 17:00:00,True,53,False,,,0,610500.0,渭南市,渭南,陕西省,,,,1.0,3.0,3.0,4.0,5.0,5.0,5.0,6.0,6.0,9.0,9.0,9.0,9.0,13.0,14.0,14.0,14.0,14.0,14.0,15.0,15.0,15.0,15.0,15.0,15.0,15.0,15.0,15.0,15.0,15.0,15.0,15.0,15.0,15.0,0
140000,山西省,140700,晋中市,2019-4,,1963-2,赵建平,,汉族,2020-07-21 17:00:00,True,57,False,,,0,140700.0,晋中市,晋中,山西省,,,2.0,2.0,5.0,9.0,9.0,9.0,11.0,13.0,15.0,19.0,21.0,26.0,27.0,30.0,32.0,32.0,33.0,34.0,35.0,35.0,35.0,35.0,36.0,36.0,36.0,36.0,36.0,36.0,36.0,36.0,37.0,37.0,37.0,37.0,37.0,0
210000,辽宁省,211200,铁岭市,2019-4,,1964-10,李士伟,,满族,2020-07-21 17:00:00,True,55,True,-11.0,2020-02-05 00:00:00,0,211200.0,铁岭市,铁岭,辽宁省,,2.0,2.0,2.0,2.0,2.0,2.0,3.0,2.0,2.0,3.0,3.0,3.0,3.0,3.0,3.0,4.0,4.0,4.0,7.0,7.0,7.0,7.0,7.0,7.0,7.0,7.0,7.0,7.0,7.0,7.0,7.0,7.0,7.0,7.0,7.0,7.0,0
220000,吉林省,220100,长春市,2019-4,,1962-7,王凯,,汉族,2020-07-21 17:00:00,True,57,False,,,0,220100.0,长春市,长春,吉林省,1.0,1.0,,1.0,1.0,1.0,4.0,4.0,7.0,13.0,17.0,18.0,28.0,29.0,32.0,32.0,37.0,39.0,40.0,42.0,42.0,43.0,44.0,45.0,45.0,45.0,45.0,45.0,45.0,45.0,45.0,45.0,45.0,45.0,45.0,45.0,45.0,1
220000,吉林省,220700,松原市,2019-4,,1968-11,王子联,,汉族,2020-07-21 17:00:00,True,51,False,,,0,220700.0,松原市,松原,吉林省,1.0,1.0,,2.0,2.0,2.0,2.0,2.0,2.0,2.0,2.0,2.0,2.0,2.0,2.0,2.0,2.0,2.0,2.0,2.0,2.0,2.0,2.0,2.0,2.0,2.0,2.0,2.0,2.0,2.0,2.0,2.0,2.0,2.0,2.0,2.0,2.0,0
440000,广东省,440500,汕头市,2019-5,,1965-11,马文田,,汉族,2020-07-21 17:00:00,True,54,False,,,0,440500.0,汕头市,汕头,广东省,,1.0,2.0,2.0,5.0,8.0,12.0,12.0,14.0,15.0,18.0,18.0,20.0,21.0,22.0,25.0,25.0,25.0,25.0,25.0,25.0,25.0,25.0,25.0,25.0,25.0,25.0,25.0,25.0,25.0,25.0,25.0,25.0,25.0,25.0,25.0,25.0,0
440000,广东省,445100,潮州市,2019-5,,1964-5,李雅林,,汉族,2020-07-21 17:00:00,True,55,False,,,0,445100.0,潮州市,潮州,广东省,,,,,,,,,3.0,4.0,4.0,4.0,5.0,5.0,5.0,5.0,5.0,5.0,5.0,5.0,5.0,5.0,5.0,5.0,5.0,5.0,5.0,5.0,5.0,5.0,5.0,5.0,5.0,5.0,5.0,5.0,5.0,0
340000,安徽省,341200,阜阳市,2019-6,,1962-11,杨光荣,,汉族,2020-07-21 17:00:00,True,57,False,,,0,341200.0,阜阳市,阜阳,安徽省,2.0,7.0,10.0,10.0,21.0,23.0,28.0,38.0,47.0,59.0,65.0,79.0,84.0,95.0,105.0,113.0,118.0,125.0,132.0,138.0,142.0,146.0,150.0,152.0,153.0,154.0,155.0,155.0,155.0,155.0,155.0,155.0,155.0,155.0,155.0,155.0,155.0,0
410000,河南省,410100,郑州市,2019-6,,1964-8,徐立毅,,汉族,2020-07-21 17:00:00,True,55,True,-11.0,2020-02-04 00:00:00,0,410100.0,郑州市,郑州,河南省,3.0,6.0,20.0,29.0,37.0,40.0,46.0,50.0,56.0,65.0,72.0,85.0,92.0,102.0,112.0,120.0,126.0,130.0,132.0,137.0,141.0,142.0,144.0,148.0,151.0,154.0,156.0,156.0,157.0,157.0,157.0,157.0,157.0,157.0,157.0,157.0,157.0,0
370000,山东省,371700,菏泽市,2019-7,,1964-10,张新文,,汉族,2020-07-21 17:00:00,True,55,False,,,0,371700.0,菏泽市,菏泽,山东省,,1.0,1.0,4.0,5.0,7.0,7.0,8.0,8.0,9.0,10.0,10.0,12.0,13.0,13.0,14.0,16.0,16.0,17.0,18.0,18.0,18.0,18.0,18.0,18.0,18.0,18.0,18.0,18.0,18.0,18.0,18.0,18.0,18.0,18.0,18.0,18.0,0
510000,四川省,512000,资阳市,2019-7,,1963-9,廖仁松,,汉族,2020-07-21 17:00:00,True,56,False,,,0,512000.0,资阳市,资阳,四川省,,,,2.0,2.0,2.0,2.0,2.0,2.0,2.0,2.0,2.0,2.0,2.0,2.0,3.0,3.0,3.0,3.0,3.0,3.0,3.0,3.0,3.0,3.0,3.0,3.0,3.0,3.0,3.0,3.0,3.0,4.0,4.0,4.0,4.0,4.0,0
520000,贵州省,520400,安顺市,2019-7,,1961-12,陈训华,,汉族,2020-07-21 17:00:00,True,58,False,,,0,520400.0,安顺市,安顺,贵州省,,,,,,,,,,2.0,2.0,2.0,3.0,3.0,4.0,4.0,4.0,4.0,4.0,4.0,4.0,4.0,4.0,4.0,4.0,4.0,4.0,4.0,4.0,4.0,4.0,4.0,4.0,4.0,4.0,4.0,4.0,0
220000,吉林省,220500,通化市,2019-7,,1965-5,高志国,,汉族,2020-07-21 17:00:00,True,54,False,,,0,220500.0,通化市,通化,吉林省,,,,,,1.0,1.0,1.0,1.0,1.0,1.0,1.0,1.0,1.0,2.0,2.0,3.0,3.0,3.0,3.0,3.0,3.0,3.0,3.0,3.0,3.0,3.0,4.0,4.0,4.0,4.0,6.0,6.0,6.0,6.0,6.0,6.0,0
370000,山东省,370300,淄博市,2019-8,,1969-5,江敦涛,,汉族,2020-07-21 17:00:00,True,50,False,,,0,370300.0,淄博市,淄博,山东省,,,1.0,2.0,2.0,4.0,8.0,9.0,10.0,12.0,12.0,12.0,14.0,14.0,15.0,15.0,16.0,17.0,20.0,20.0,23.0,28.0,29.0,29.0,29.0,29.0,29.0,29.0,30.0,30.0,30.0,30.0,30.0,30.0,30.0,30.0,30.0,0
520000,贵州省,520300,遵义市,2019-8,,1967-12,魏树旺,,汉族,2020-07-21 17:00:00,True,52,False,,,0,520300.0,遵义市,遵义,贵州省,,,,,,,1.0,4.0,4.0,5.0,8.0,9.0,9.0,11.0,12.0,15.0,15.0,19.0,24.0,25.0,25.0,28.0,31.0,32.0,32.0,32.0,32.0,32.0,32.0,32.0,32.0,32.0,32.0,32.0,32.0,32.0,32.0,0
150000,内蒙古自治区,150100,呼和浩特市,2019-8,,1964-6,王莉霞,,蒙古族,2020-07-21 17:00:00,True,55,True,-16.0,2020-02-13 00:00:00,0,150100.0,呼和浩特市,呼和浩特,内蒙古自治区,,,,,2.0,2.0,2.0,2.0,2.0,2.0,4.0,4.0,5.0,5.0,7.0,7.0,7.0,7.0,7.0,7.0,7.0,7.0,7.0,7.0,7.0,7.0,7.0,7.0,7.0,7.0,7.0,7.0,7.0,7.0,7.0,7.0,7.0,0
610000,陕西省,610100,西安市,2019-9,,1963-10,王浩,,汉族,2020-07-21 17:00:00,True,56,False,,,0,610100.0,西安市,西安,陕西省,2.0,4.0,8.0,12.0,15.0,18.0,22.0,32.0,39.0,47.0,55.0,60.0,70.0,74.0,80.0,88.0,96.0,98.0,104.0,110.0,114.0,114.0,114.0,114.0,117.0,117.0,118.0,120.0,120.0,120.0,120.0,120.0,120.0,120.0,120.0,120.0,120.0,1
320000,江苏省,320500,苏州市,2019-9,,1964-1,蓝绍敏,,汉族,2020-07-21 17:00:00,True,56,True,-13.0,2020-02-06 00:00:00,0,320500.0,苏州市,苏州,江苏省,2.0,3.0,7.0,8.0,12.0,20.0,24.0,32.0,34.0,38.0,44.0,52.0,55.0,60.0,69.0,72.0,75.0,77.0,80.0,84.0,85.0,85.0,86.0,86.0,86.0,87.0,87.0,87.0,87.0,87.0,87.0,87.0,87.0,87.0,87.0,87.0,87.0,0
230000,黑龙江省,231100,黑河市,2020-1,,1963-7,马里,2020.1.23上任,汉族,2020-07-21 17:00:00,True,56,False,,,0,231100.0,黑河市,黑河,黑龙江省,,,,,,,,,,1.0,1.0,1.0,1.0,1.0,1.0,2.0,2.0,4.0,4.0,6.0,10.0,13.0,13.0,14.0,14.0,14.0,14.0,14.0,14.0,14.0,14.0,14.0,14.0,14.0,14.0,14.0,14.0,0
440000,广东省,441500,汕尾市,2020-1,,1975-11,张晓强,2020.1.11上任,汉族,2020-07-21 17:00:00,True,44,False,,,0,441500.0,汕尾市,汕尾,广东省,,,,1.0,1.0,1.0,1.0,3.0,4.0,4.0,5.0,5.0,5.0,5.0,5.0,5.0,5.0,5.0,5.0,5.0,5.0,5.0,5.0,5.0,5.0,5.0,5.0,5.0,5.0,5.0,5.0,5.0,5.0,5.0,5.0,5.0,5.0,0
510000,四川省,510300,自贡市,2020-1,,1969-10,范波,2020.1.12上任,汉族,2020-07-21 17:00:00,True,50,False,,,0,510300.0,自贡市,自贡,四川省,,1.0,1.0,2.0,7.0,7.0,7.0,9.0,9.0,9.0,9.0,9.0,9.0,9.0,9.0,9.0,9.0,9.0,9.0,9.0,9.0,9.0,9.0,9.0,9.0,9.0,9.0,9.0,9.0,9.0,9.0,9.0,9.0,9.0,9.0,9.0,9.0,0
140000,山西省,141000,临汾市,2020-1,,1963-1,董一兵,2020.1.9上任,汉族,2020-07-21 17:00:00,True,57,False,,,0,141000.0,临汾市,临汾,山西省,,,,1.0,1.0,1.0,1.0,1.0,1.0,1.0,1.0,1.0,1.0,1.0,2.0,2.0,2.0,2.0,2.0,2.0,2.0,2.0,2.0,2.0,2.0,2.0,2.0,2.0,2.0,2.0,2.0,2.0,2.0,2.0,2.0,2.0,2.0,0
130000,河北省,130200,唐山市,2020-1,,1963-4,张古江,2020.1.20上任,汉族,2020-07-21 17:00:00,True,56,True,0.0,2020-01-28 00:00:00,0,130200.0,唐山市,唐山,河北省,,,,,1.0,3.0,3.0,7.0,8.0,11.0,11.0,11.0,12.0,17.0,19.0,23.0,27.0,28.0,31.0,33.0,35.0,43.0,46.0,51.0,51.0,51.0,55.0,56.0,57.0,57.0,58.0,58.0,58.0,58.0,58.0,58.0,58.0,0
320000,江苏省,321100,镇江市,2017-3,2020-02-18 00:00:00,1964-2,惠建林,off now ,汉族,,True,56,False,,,2,321100.0,镇江市,镇江,江苏省,,,2.0,2.0,2.0,2.0,2.0,2.0,2.0,3.0,3.0,5.0,6.0,8.0,9.0,11.0,12.0,12.0,12.0,12.0,12.0,12.0,12.0,12.0,12.0,12.0,12.0,12.0,12.0,12.0,12.0,12.0,12.0,12.0,12.0,12.0,12.0,0
350000,福建省,350800,龙岩市,2018-6,2020-02-27 00:00:00,1961-12,许维泽,off now,汉族,,True,58,False,,,1,350800.0,龙岩市,龙岩,福建省,,,,,1.0,1.0,1.0,1.0,1.0,1.0,1.0,2.0,2.0,2.0,4.0,5.0,6.0,6.0,6.0,6.0,6.0,6.0,6.0,6.0,6.0,6.0,6.0,6.0,6.0,6.0,6.0,6.0,6.0,6.0,6.0,6.0,6.0,0
430000,湖南省,430400,衡阳市,2018-1,2020-02-11 00:00:00,1968-12,郑建新,off now,汉族,,True,51,False,,,2,430400.0,衡阳市,衡阳,湖南省,,3.0,3.0,4.0,7.0,17.0,20.0,25.0,26.0,30.0,32.0,35.0,39.0,43.0,43.0,43.0,45.0,45.0,45.0,45.0,45.0,46.0,47.0,47.0,48.0,48.0,48.0,48.0,48.0,48.0,48.0,48.0,48.0,48.0,48.0,48.0,48.0,0
420000,湖北省,420100,武汉市,2018-3,2020-02-13 00:00:00,1963-11,马国强,off now,回族,,True,56,True,1.0,2020-01-23 00:00:00,1,420100.0,武汉市,武汉,湖北省,495.0,572.0,618.0,698.0,1590.0,1905.0,2261.0,2639.0,3215.0,4109.0,5142.0,6384.0,8351.0,10117.0,11618.0,13603.0,14982.0,16902.0,18454.0,19558.0,32994.0,35991.0,37914.0,39462.0,41152.0,42752.0,44412.0,45027.0,45346.0,45660.0,46201.0,46607.0,47071.0,47441.0,47824.0,48137.0,48557.0,1
650000,新疆维吾尔自治区,654000,伊犁哈萨克自治州,2017-11,2020-03-01 00:00:00,1964-1,赵天杰,off now,汉族,,True,56,False,,,2,654000.0,伊犁哈萨克自治州,伊犁州,新疆维吾尔自治区,,,1.0,1.0,2.0,4.0,4.0,5.0,5.0,5.0,6.0,7.0,9.0,9.0,9.0,9.0,10.0,10.0,10.0,12.0,14.0,14.0,16.0,16.0,18.0,18.0,18.0,18.0,18.0,18.0,18.0,18.0,18.0,18.0,18.0,18.0,18.0,0
140000,山西省,140300,阳泉市,2018-1,2020-03-01 00:00:00,1962-11,关建勋,off now,汉族,,True,57,False,,,2,140300.0,阳泉市,阳泉,山西省,,,1.0,1.0,1.0,1.0,1.0,1.0,1.0,1.0,2.0,2.0,2.0,3.0,4.0,4.0,4.0,4.0,4.0,4.0,4.0,4.0,4.0,4.0,4.0,4.0,4.0,4.0,4.0,4.0,4.0,4.0,4.0,4.0,4.0,4.0,4.0,0
140000,山西省,140900,忻州市,2015-8,2020-03-01 00:00:00,1964-4,李俊明,off now,汉族,,True,55,False,,,4,140900.0,忻州市,忻州,山西省,,,,,,,,,1.0,3.0,3.0,3.0,3.0,3.0,3.0,6.0,6.0,7.0,7.0,7.0,7.0,7.0,7.0,7.0,7.0,7.0,7.0,7.0,7.0,7.0,7.0,7.0,7.0,7.0,7.0,7.0,7.0,0
360000,江西省,360100,南昌市,2016-11,2020-03-01 00:00:00,1963-8,殷美根,off now,汉族,,True,56,True,-12.0,2020-02-05 00:00:00,3,360100.0,南昌市,南昌,江西省,2.0,3.0,4.0,8.0,17.0,25.0,46.0,67.0,83.0,89.0,103.0,121.0,134.0,149.0,162.0,168.0,179.0,189.0,195.0,204.0,210.0,217.0,222.0,227.0,228.0,229.0,230.0,229.0,229.0,229.0,229.0,229.0,229.0,229.0,229.0,230.0,230.0,0
370000,山东省,370100,济南市,2018-5,2020-02-01 00:00:00,1962-8,王忠林,off now,汉族,,True,57,True,-12.0,2020-02-05 00:00:00,1,370100.0,济南市,济南,山东省,2.0,3.0,5.0,7.0,10.0,11.0,14.0,16.0,18.0,19.0,22.0,25.0,29.0,34.0,41.0,42.0,43.0,44.0,46.0,47.0,47.0,47.0,47.0,47.0,47.0,47.0,47.0,47.0,47.0,47.0,47.0,47.0,47.0,47.0,47.0,47.0,47.0,1
370000,山东省,371000,威海市,2018-11,2020-04-01 00:00:00,1961-11,王鲁明,off now ,汉族,,True,58,False,,,1,371000.0,威海市,威海,山东省,2.0,3.0,4.0,9.0,10.0,12.0,14.0,19.0,24.0,24.0,25.0,25.0,27.0,29.0,31.0,33.0,34.0,35.0,37.0,38.0,38.0,38.0,38.0,38.0,38.0,38.0,38.0,38.0,38.0,38.0,38.0,38.0,38.0,38.0,38.0,38.0,38.0,0
370000,山东省,371300,临沂市,2017-8,2020-02-01 00:00:00,1962-10,王玉君,off now ,汉族,,True,57,True,-11.0,2020-02-04 00:00:00,2,371300.0,临沂市,临沂,山东省,2.0,3.0,7.0,7.0,8.0,16.0,16.0,23.0,23.0,24.0,25.0,28.0,30.0,32.0,35.0,40.0,40.0,42.0,44.0,45.0,45.0,47.0,47.0,47.0,47.0,48.0,48.0,49.0,49.0,49.0,49.0,49.0,49.0,49.0,49.0,49.0,49.0,0
440000,广东省,445200,揭阳市,2019-5,2020-05-01 00:00:00,1967-12,叶牛平,off now ,汉族,,True,52,False,,,0,445200.0,揭阳市,揭阳,广东省,,,3.0,3.0,4.0,6.0,6.0,6.0,6.0,6.0,6.0,6.0,6.0,7.0,7.0,7.0,7.0,7.0,8.0,8.0,8.0,8.0,8.0,8.0,8.0,8.0,8.0,8.0,8.0,8.0,8.0,8.0,8.0,8.0,8.0,8.0,8.0,0
650000,新疆维吾尔自治区,652700,博尔塔拉蒙古自治州,2015-12,2020-03-01 00:00:00,1961-1,邱树华,女 off now,汉族,,True,59,False,,,4,,,,,,,,,,,,,,,,,,,,,,,,,,,,,,,,,,,,,,,,,,0
130000,河北省,130600,保定市,2013-2,2020-05-01 00:00:00,1959-11,聂瑞平,,汉族,,True,60,False,,,6,130600.0,保定市,保定,河北省,,1.0,3.0,3.0,3.0,6.0,7.0,11.0,11.0,13.0,13.0,13.0,17.0,17.0,18.0,18.0,21.0,26.0,30.0,31.0,31.0,31.0,32.0,32.0,32.0,32.0,32.0,32.0,32.0,32.0,32.0,32.0,32.0,32.0,32.0,32.0,32.0,0
220000,吉林省,220300,四平市,2018-3,2020-04-01 00:00:00,1965-2,韩福春,,汉族,,True,54,False,,,1,220300.0,四平市,四平,吉林省,,,,1.0,1.0,1.0,1.0,1.0,1.0,1.0,4.0,7.0,8.0,9.0,10.0,10.0,12.0,12.0,12.0,12.0,13.0,14.0,14.0,14.0,14.0,14.0,15.0,15.0,15.0,15.0,15.0,15.0,15.0,15.0,15.0,15.0,15.0,0
220000,吉林省,222400,延边朝鲜族自治州,2017-6,2020-03-01 00:00:00,1961-3,姜治莹,,汉族,,True,58,False,,,2,222400.0,延边朝鲜族自治州,延边,吉林省,,,,,,,2.0,2.0,2.0,2.0,2.0,3.0,3.0,4.0,5.0,5.0,5.0,5.0,5.0,5.0,5.0,5.0,5.0,5.0,5.0,5.0,5.0,5.0,5.0,5.0,5.0,5.0,5.0,5.0,5.0,5.0,5.0,0
340000,安徽省,340100,合肥市,2016-11,2020-05-01 00:00:00,1960-3,宋国权,,汉族,,True,59,True,-12.0,2020-02-05 00:00:00,3,340100.0,合肥市,合肥,安徽省,6.0,10.0,13.0,13.0,16.0,29.0,39.0,50.0,59.0,59.0,75.0,81.0,93.0,104.0,115.0,128.0,136.0,147.0,150.0,157.0,161.0,166.0,168.0,169.0,171.0,173.0,173.0,173.0,174.0,174.0,174.0,174.0,174.0,174.0,174.0,174.0,174.0,0
230000,黑龙江省,230900,七台河市,2018-12,2020-05-01 00:00:00,1965-1,杨廷双,,汉族,,True,55,False,,,1,230900.0,七台河市,七台河,黑龙江省,,,,1.0,2.0,2.0,2.0,3.0,5.0,6.0,7.0,8.0,9.0,9.0,10.0,11.0,13.0,14.0,15.0,15.0,16.0,16.0,16.0,16.0,16.0,17.0,17.0,17.0,17.0,17.0,17.0,17.0,17.0,17.0,17.0,17.0,17.0,0
230000,黑龙江省,231000,牡丹江市,2018-2,2020-06-01 00:00:00,1966-9,马志勇,,汉族,,True,53,False,,,1,231000.0,牡丹江市,牡丹江,黑龙江省,1.0,1.0,1.0,1.0,1.0,1.0,1.0,2.0,6.0,7.0,8.0,8.0,9.0,10.0,11.0,13.0,12.0,12.0,12.0,12.0,12.0,12.0,12.0,12.0,12.0,13.0,13.0,14.0,14.0,14.0,14.0,14.0,14.0,14.0,14.0,14.0,14.0,0
530000,云南省,530400,玉溪市,2018-8,2020-06-01 00:00:00,1966-12,罗应光,,拉祜族,,True,53,False,,,1,530400.0,玉溪市,玉溪,云南省,,1.0,1.0,1.0,5.0,5.0,6.0,6.0,7.0,11.0,12.0,12.0,12.0,13.0,13.0,14.0,14.0,14.0,14.0,14.0,14.0,14.0,14.0,14.0,14.0,14.0,14.0,14.0,14.0,14.0,14.0,14.0,14.0,14.0,14.0,14.0,14.0,0
360000,江西省,360900,宜春市,2017-6,2020-06-01 00:00:00,1962-2,颜赣辉,,汉族,,True,57,True,-12.0,2020-02-06 00:00:00,2,360900.0,宜春市,宜春,江西省,,1.0,5.0,6.0,10.0,14.0,14.0,26.0,29.0,31.0,36.0,45.0,48.0,54.0,62.0,67.0,74.0,77.0,83.0,88.0,95.0,101.0,102.0,104.0,106.0,106.0,106.0,106.0,106.0,106.0,106.0,106.0,106.0,106.0,106.0,106.0,106.0,0
610000,陕西省,610700,汉中市,2017-1,2020-07-01 00:00:00,1963-7,王建军,,汉族,,True,56,False,,,3,610700.0,汉中市,汉中,陕西省,,,1.0,3.0,4.0,6.0,6.0,11.0,13.0,15.0,15.0,16.0,19.0,20.0,21.0,21.0,21.0,21.0,21.0,21.0,21.0,21.0,21.0,25.0,25.0,25.0,26.0,26.0,26.0,26.0,26.0,26.0,26.0,26.0,26.0,26.0,26.0,0
150000,内蒙古自治区,150900,乌兰察布市,2017-5,2020-07-01 00:00:00,1965-5,杜学军,,蒙古族,,True,54,True,-13.0,2020-02-13 00:00:00,2,150900.0,乌兰察布市,乌兰察布,内蒙古自治区,,,,,,,,2.0,2.0,2.0,3.0,3.0,3.0,3.0,3.0,3.0,3.0,3.0,3.0,3.0,3.0,3.0,3.0,3.0,3.0,3.0,3.0,3.0,3.0,3.0,3.0,3.0,3.0,3.0,3.0,3.0,3.0,0
420000,湖北省,420800,荆门市,2017-11,2020-07-01 00:00:00,1962-9,张爱国,,汉族,,True,57,True,0.0,2020-01-24 00:00:00,2,420800.0,荆门市,荆门,湖北省,8.0,21.0,38.0,90.0,114.0,142.0,191.0,227.0,251.0,329.0,345.0,400.0,422.0,508.0,553.0,588.0,663.0,641.0,656.0,696.0,927.0,901.0,902.0,909.0,915.0,900.0,901.0,794.0,800.0,914.0,918.0,920.0,920.0,922.0,923.0,924.0,924.0,0
