prov,citycode,ctnm,inaug_time,birthmonth,name,age_feb20,locked_down,daySinceFirstCase,lockdown_date,tenure,2020-01-24,2020-01-25,2020-01-26,2020-01-27,2020-01-28,2020-01-29,2020-01-30,2020-01-31,2020-02-01,2020-02-02,2020-02-03,2020-02-04,2020-02-05,2020-02-06,2020-02-07,2020-02-08,2020-02-09,2020-02-10,2020-02-11,2020-02-12,2020-02-13,2020-02-14,2020-02-15,2020-02-16,2020-02-17,2020-02-18,2020-02-19,2020-02-20,2020-02-21,2020-02-22,2020-02-23,2020-02-24,2020-02-25,2020-02-26,2020-02-27,2020-02-28,2020-02-29,sub_prov_ct,cityname,gdp2018,gdpPercap2018,gdpGrowth2018,自治州-盟-地区,popHR18_all,Log_popHR18_all
安徽省,341500,六安市,2011-4,1962-8,孙云飞,57,False,,,8,2.0,2.0,3.0,3.0,4.0,6.0,8.0,9.0,13.0,13.0,20.0,30.0,34.0,36.0,41.0,51.0,54.0,57.0,59.0,59.0,60.0,61.0,63.0,65.0,68.0,68.0,69.0,69.0,69.0,69.0,69.0,69.0,69.0,69.0,69.0,69.0,69.0,0,六安市,5320556.0,26940.0,8.6,False,588.0,6.376726947898627
云南省,532800,西双版纳傣族自治州,2012-12,1963-5,陈玉侯,56,False,,,7,1.0,1.0,1.0,1.0,6.0,10.0,10.0,12.0,12.0,12.0,13.0,13.0,15.0,15.0,15.0,15.0,15.0,15.0,15.0,15.0,15.0,15.0,15.0,15.0,15.0,15.0,15.0,15.0,15.0,15.0,15.0,15.0,15.0,15.0,15.0,15.0,15.0,0,,,,,True,,
湖南省,433100,湘西土家族苗族自治州,2013-1,1958-6,叶红专,61,False,,,7,0.0,0.0,3.0,3.0,3.0,3.0,4.0,5.0,6.0,6.0,6.0,6.0,7.0,7.0,8.0,8.0,8.0,8.0,8.0,8.0,8.0,8.0,8.0,8.0,8.0,8.0,8.0,8.0,8.0,8.0,8.0,8.0,8.0,8.0,8.0,8.0,8.0,0,,,,,True,,
广西壮族自治区,450200,柳州市,2013-1,1959-10,郑俊康,60,False,,,7,2.0,3.0,5.0,6.0,6.0,6.0,10.0,11.0,12.0,12.0,14.0,15.0,17.0,20.0,20.0,20.0,20.0,22.0,22.0,22.0,22.0,22.0,24.0,24.0,24.0,24.0,24.0,24.0,24.0,24.0,24.0,24.0,24.0,24.0,24.0,24.0,24.0,0,柳州市,22256613.0,99703.0,6.7,False,387.0,5.958424693029782
广西壮族自治区,450300,桂林市,2013-1,1960-1,赵乐秦,60,False,,,7,2.0,6.0,11.0,14.0,15.0,16.0,18.0,18.0,21.0,23.0,24.0,24.0,26.0,27.0,28.0,29.0,29.0,30.0,30.0,31.0,31.0,31.0,31.0,31.0,31.0,31.0,31.0,31.0,31.0,32.0,32.0,32.0,32.0,32.0,32.0,32.0,32.0,0,桂林市,8119388.0,51963.0,-1.3,False,534.0,6.280395838960195
广西壮族自治区,451000,百色市,2013-2,1961-11,彭晓春,58,False,,,6,1.0,1.0,2.0,2.0,2.0,2.0,2.0,2.0,2.0,2.0,2.0,2.0,2.0,2.0,3.0,3.0,3.0,3.0,3.0,3.0,3.0,3.0,3.0,3.0,3.0,3.0,3.0,3.0,3.0,3.0,3.0,3.0,3.0,3.0,3.0,3.0,3.0,0,百色市,2872060.0,72054.0,11.1,False,418.0,6.035481432524756
云南省,530800,普洱市,2013-2,1964-4,卫星,55,False,,,6,0.0,0.0,0.0,0.0,0.0,1.0,3.0,4.0,4.0,4.0,4.0,4.0,4.0,4.0,4.0,4.0,4.0,4.0,4.0,4.0,4.0,4.0,4.0,4.0,4.0,4.0,4.0,4.0,4.0,4.0,4.0,4.0,4.0,4.0,4.0,4.0,4.0,0,普洱市,1477545.0,46891.0,11.2,False,253.0,5.53338948872752
河北省,130400,邯郸市,2013-2,1967-10,高宏志,52,False,,,6,0.0,0.0,2.0,2.0,4.0,4.0,6.0,7.0,10.0,11.0,11.0,14.0,14.0,18.0,22.0,26.0,27.0,27.0,27.0,29.0,31.0,31.0,31.0,31.0,31.0,31.0,31.0,31.0,31.0,31.0,32.0,32.0,32.0,32.0,32.0,32.0,32.0,0,邯郸市,13518281.0,37796.0,6.58,False,1051.0,6.957497370876951
陕西省,610900,安康市,2013-3,1963-10,郭青,56,False,,,6,1.0,3.0,3.0,7.0,8.0,10.0,10.0,13.0,14.0,16.0,17.0,17.0,19.0,21.0,21.0,21.0,21.0,22.0,22.0,22.0,22.0,23.0,24.0,24.0,25.0,25.0,25.0,26.0,26.0,26.0,26.0,26.0,26.0,26.0,26.0,26.0,26.0,0,安康市,2909198.0,33076.0,9,False,305.0,5.720311776607412
青海省,632200,海北藏族自治州,2013-3,1962-10,尼玛卓玛,57,False,,,6,0.0,0.0,0.0,0.0,0.0,0.0,0.0,0.0,0.0,0.0,1.0,3.0,3.0,3.0,3.0,3.0,3.0,3.0,3.0,3.0,3.0,3.0,3.0,3.0,3.0,3.0,3.0,3.0,3.0,3.0,3.0,3.0,3.0,3.0,3.0,3.0,3.0,0,,,,,True,,
湖北省,421100,黄冈市,2013-3,1963-9,刘雪荣,56,True,0.0,2020-01-24,6,12.0,64.0,122.0,154.0,213.0,324.0,496.0,573.0,726.0,1002.0,1246.0,1422.0,1645.0,1807.0,1897.0,2041.0,2141.0,2252.0,2332.0,2398.0,2662.0,2791.0,2817.0,2823.0,2831.0,2828.0,2844.0,2839.0,2856.0,2899.0,2904.0,2904.0,2904.0,2904.0,2904.0,2904.0,2904.0,0,黄冈市,2235000.0,56950.0,7.3,False,740.0,6.606650186198215
甘肃省,621200,陇南市,2013-4,1966-10,孙雪涛,53,False,,,6,0.0,0.0,0.0,1.0,1.0,1.0,1.0,3.0,3.0,3.0,4.0,4.0,4.0,4.0,4.0,4.0,4.0,4.0,4.0,4.0,4.0,4.0,4.0,4.0,4.0,4.0,4.0,4.0,4.0,4.0,4.0,4.0,4.0,4.0,4.0,4.0,4.0,0,陇南市,1093212.0,19243.0,5.9,False,287.0,5.659482215759621
青海省,632500,海南藏族自治州,2013-5,1961-7,张文魁,58,False,,,6,0.0,0.0,0.0,0.0,0.0,0.0,0.0,0.0,0.0,0.0,0.0,0.0,0.0,0.0,0.0,0.0,0.0,0.0,0.0,0.0,0.0,0.0,0.0,0.0,0.0,0.0,0.0,0.0,0.0,0.0,0.0,0.0,0.0,0.0,0.0,0.0,0.0,0,,,,,True,,
甘肃省,620500,天水市,2013-9,1963-10,王锐,56,False,,,6,0.0,0.0,0.0,0.0,1.0,1.0,2.0,2.0,3.0,3.0,8.0,10.0,10.0,10.0,10.0,12.0,12.0,12.0,12.0,12.0,12.0,12.0,12.0,12.0,12.0,12.0,12.0,12.0,12.0,12.0,12.0,12.0,12.0,12.0,12.0,12.0,12.0,0,天水市,3697913.0,30165.0,5.4,False,371.0,5.916202062607435
新疆维吾尔自治区,652900,阿克苏地区,2013-9,1962-10,窦万贵,57,False,,,6,0.0,0.0,0.0,0.0,0.0,0.0,0.0,1.0,1.0,1.0,1.0,1.0,1.0,1.0,1.0,1.0,1.0,1.0,1.0,1.0,1.0,1.0,1.0,1.0,1.0,1.0,1.0,1.0,1.0,1.0,1.0,1.0,1.0,1.0,1.0,1.0,1.0,0,,,,,True,,
甘肃省,623000,甘南藏族自治州,2014-11,1962-10,俞成辉,57,False,,,5,0.0,0.0,0.0,0.0,0.0,0.0,0.0,0.0,0.0,0.0,0.0,0.0,0.0,0.0,0.0,0.0,0.0,0.0,0.0,0.0,0.0,0.0,0.0,0.0,0.0,0.0,0.0,0.0,0.0,0.0,0.0,0.0,0.0,0.0,0.0,0.0,0.0,0,,,,,True,,
辽宁省,211300,朝阳市,2014-3,1964-5,蹇彪,55,True,-12.0,2020-02-05,5,1.0,2.0,2.0,2.0,2.0,4.0,4.0,5.0,6.0,6.0,6.0,6.0,6.0,6.0,6.0,6.0,6.0,6.0,6.0,6.0,6.0,6.0,6.0,6.0,6.0,6.0,6.0,6.0,6.0,6.0,6.0,6.0,6.0,6.0,6.0,6.0,6.0,0,朝阳市,1936827.0,29816.0,3.45,False,336.0,5.817111159963204
湖南省,431200,怀化市,2014-6,1963-1,彭国甫,57,False,,,5,3.0,5.0,8.0,11.0,16.0,18.0,23.0,26.0,28.0,31.0,32.0,35.0,35.0,36.0,38.0,38.0,39.0,39.0,39.0,39.0,39.0,39.0,40.0,40.0,40.0,40.0,40.0,40.0,40.0,40.0,40.0,40.0,40.0,40.0,40.0,40.0,40.0,0,怀化市,3456184.0,56464.0,8,False,522.0,6.257667587882639
安徽省,340400,淮南市,2014-8,1961-6,沈强,58,False,,,5,0.0,0.0,1.0,2.0,2.0,2.0,6.0,6.0,6.0,6.0,7.0,8.0,12.0,12.0,14.0,21.0,22.0,23.0,24.0,24.0,23.0,23.0,23.0,24.0,25.0,27.0,27.0,27.0,27.0,27.0,27.0,27.0,27.0,27.0,27.0,27.0,27.0,0,淮南市,6293324.0,34399.0,6.4,False,390.0,5.966146739123692
云南省,530300,曲靖市,2015-10,1962-10,李文荣,57,False,,,4,0.0,1.0,1.0,2.0,2.0,5.0,5.0,5.0,5.0,5.0,6.0,9.0,10.0,10.0,10.0,11.0,11.0,12.0,13.0,13.0,13.0,13.0,13.0,13.0,13.0,13.0,13.0,13.0,13.0,13.0,13.0,13.0,13.0,13.0,13.0,13.0,13.0,0,曲靖市,8096320.0,66152.0,10.1,False,661.0,6.493753839851686
云南省,532500,红河哈尼族彝族自治州,2015-10,1965-5,姚国华,54,False,,,4,0.0,1.0,1.0,2.0,2.0,2.0,4.0,4.0,5.0,5.0,5.0,5.0,5.0,5.0,5.0,5.0,5.0,6.0,6.0,7.0,7.0,8.0,8.0,8.0,8.0,8.0,8.0,8.0,9.0,9.0,9.0,9.0,9.0,9.0,9.0,9.0,9.0,0,,,,,True,,
河北省,130800,承德市,2015-10,1963-11,周仲明,56,False,,,4,0.0,1.0,1.0,1.0,1.0,1.0,2.0,2.0,2.0,2.0,2.0,3.0,4.0,5.0,6.0,7.0,7.0,7.0,7.0,7.0,7.0,7.0,7.0,7.0,7.0,7.0,7.0,7.0,7.0,7.0,7.0,7.0,7.0,7.0,7.0,7.0,7.0,0,承德市,4045897.0,60575.0,7.22,False,380.0,5.940171252720432
辽宁省,211000,辽阳市,2015-10,1963-12,王凤波,56,True,-8.0,2020-02-05,4,0.0,0.0,0.0,0.0,1.0,1.0,1.0,1.0,1.0,2.0,2.0,2.0,2.0,2.0,2.0,3.0,3.0,3.0,3.0,3.0,3.0,3.0,3.0,3.0,3.0,3.0,3.0,3.0,3.0,3.0,3.0,3.0,3.0,3.0,3.0,3.0,3.0,0,辽阳市,5135963.0,,6.22,False,177.0,5.176149732573829
广西壮族自治区,450800,贵港市,2015-12,1962-10,李新元,57,False,,,4,0.0,0.0,0.0,0.0,0.0,0.0,0.0,0.0,0.0,4.0,5.0,5.0,5.0,7.0,7.0,7.0,7.0,8.0,8.0,8.0,8.0,8.0,8.0,8.0,8.0,8.0,8.0,8.0,8.0,8.0,8.0,8.0,8.0,8.0,8.0,8.0,8.0,0,贵港市,4597731.0,28910.0,9.44,False,556.0,6.320768294250582
广西壮族自治区,451200,河池市,2015-12,1962-9,何辛幸,57,False,,,4,1.0,3.0,3.0,3.0,3.0,3.0,5.0,6.0,6.0,6.0,6.0,8.0,9.0,11.0,11.0,15.0,19.0,21.0,21.0,21.0,21.0,21.0,22.0,22.0,22.0,22.0,23.0,23.0,24.0,25.0,25.0,27.0,28.0,28.0,28.0,28.0,28.0,0,河池市,2565998.0,27606.0,9.19,False,430.0,6.063785208687608
吉林省,220800,白城市,2015-12,1960-2,庞庆波,60,False,,,4,0.0,0.0,0.0,0.0,0.0,0.0,0.0,0.0,0.0,0.0,0.0,0.0,0.0,0.0,0.0,1.0,1.0,1.0,1.0,1.0,1.0,1.0,1.0,1.0,1.0,1.0,1.0,1.0,1.0,1.0,1.0,1.0,1.0,1.0,1.0,1.0,1.0,0,白城市,1676260.0,34181.0,4,False,191.0,5.25227342804663
安徽省,341000,黄山市,2015-2,1966-10,任泽锋,53,False,,,4,0.0,0.0,1.0,1.0,4.0,7.0,7.0,9.0,9.0,9.0,9.0,9.0,9.0,9.0,9.0,9.0,9.0,9.0,9.0,9.0,9.0,9.0,9.0,9.0,9.0,9.0,9.0,9.0,9.0,9.0,9.0,9.0,9.0,9.0,9.0,9.0,9.0,0,黄山市,2869916.0,59970.0,8.1,False,148.0,4.997212273764115
河南省,410900,濮阳市,2015-2,1963-2,宋殿宇,57,False,,,4,0.0,0.0,0.0,0.0,0.0,1.0,1.0,3.0,3.0,3.0,3.0,4.0,4.0,5.0,5.0,7.0,9.0,10.0,11.0,13.0,13.0,13.0,17.0,17.0,17.0,17.0,17.0,17.0,17.0,17.0,17.0,17.0,17.0,17.0,17.0,17.0,17.0,0,濮阳市,4387409.0,60258.0,5.8,False,432.0,6.068425588244111
四川省,513400,凉山彝族自治州,2015-3,1962-11,林书成,57,False,,,4,0.0,0.0,0.0,1.0,2.0,2.0,2.0,3.0,5.0,5.0,6.0,6.0,7.0,7.0,7.0,9.0,9.0,10.0,10.0,10.0,10.0,10.0,11.0,13.0,13.0,13.0,13.0,13.0,13.0,13.0,13.0,13.0,13.0,13.0,13.0,13.0,13.0,0,,,,,True,,
青海省,632600,果洛藏族自治州,2015-3,1963-7,武玉嶂,56,False,,,4,0.0,0.0,0.0,0.0,0.0,0.0,0.0,0.0,0.0,0.0,0.0,0.0,0.0,0.0,0.0,0.0,0.0,0.0,0.0,0.0,0.0,0.0,0.0,0.0,0.0,0.0,0.0,0.0,0.0,0.0,0.0,0.0,0.0,0.0,0.0,0.0,0.0,0,,,,,True,,
湖南省,431000,郴州市,2015-4,1962-5,易鹏飞,57,False,,,4,1.0,1.0,3.0,6.0,7.0,7.0,10.0,12.0,13.0,18.0,21.0,22.0,24.0,25.0,29.0,31.0,32.0,32.0,33.0,38.0,38.0,39.0,39.0,39.0,39.0,39.0,39.0,39.0,39.0,39.0,39.0,39.0,39.0,39.0,39.0,39.0,39.0,0,郴州市,6904667.0,79721.0,7.7,False,534.0,6.280395838960195
陕西省,610400,咸阳市,2015-4,1961-11,岳亮,58,False,,,4,1.0,3.0,3.0,4.0,4.0,5.0,5.0,6.0,8.0,9.0,9.0,11.0,15.0,15.0,15.0,16.0,16.0,17.0,17.0,17.0,17.0,17.0,17.0,17.0,17.0,17.0,17.0,17.0,17.0,17.0,17.0,17.0,17.0,17.0,17.0,17.0,17.0,0,咸阳市,7049152.0,123996.0,7.95,False,468.0,6.148468295917647
江西省,361000,抚州市,2015-4,1962-5,肖毅,57,True,-13.0,2020-02-06,4,1.0,4.0,6.0,7.0,8.0,9.0,13.0,15.0,18.0,24.0,29.0,34.0,44.0,46.0,56.0,59.0,63.0,64.0,67.0,68.0,69.0,71.0,72.0,72.0,72.0,72.0,72.0,72.0,72.0,72.0,72.0,72.0,72.0,72.0,72.0,72.0,72.0,0,抚州市,3966520.0,35359.0,8.7,False,431.0,6.066108090103747
青海省,630100,西宁市,2015-5,1968-5,王晓,51,False,,,4,0.0,1.0,4.0,6.0,6.0,6.0,6.0,8.0,9.0,9.0,12.0,12.0,14.0,15.0,15.0,15.0,15.0,15.0,15.0,15.0,15.0,15.0,15.0,15.0,15.0,15.0,15.0,15.0,15.0,15.0,15.0,15.0,15.0,15.0,15.0,15.0,15.0,0,西宁市,10086748.0,77662.0,10.8,False,206.0,5.327876168789581
广西壮族自治区,450100,南宁市,2015-5,1962-1,王小东,58,True,-10.0,2020-02-05,4,0.0,0.0,1.0,5.0,5.0,7.0,15.0,16.0,16.0,16.0,22.0,27.0,28.0,30.0,31.0,32.0,35.0,37.0,41.0,44.0,44.0,47.0,49.0,50.0,51.0,54.0,54.0,54.0,54.0,55.0,55.0,55.0,55.0,55.0,55.0,55.0,55.0,0,南宁市,34107409.0,79292.0,8.2,False,757.0,6.6293632534374485
四川省,513300,甘孜藏族自治州,2015-6,1963-2,刘成鸣,57,False,,,4,0.0,0.0,2.0,2.0,3.0,3.0,5.0,5.0,5.0,5.0,6.0,8.0,10.0,12.0,17.0,17.0,17.0,23.0,27.0,36.0,37.0,43.0,44.0,50.0,57.0,62.0,65.0,67.0,68.0,69.0,69.0,69.0,69.0,71.0,74.0,78.0,78.0,0,,,,,True,,
陕西省,610600,延安市,2015-6,1962-4,徐新荣,57,False,,,4,1.0,1.0,1.0,2.0,2.0,3.0,3.0,7.0,7.0,7.0,7.0,7.0,7.0,7.0,7.0,8.0,8.0,8.0,8.0,8.0,8.0,8.0,8.0,8.0,8.0,8.0,8.0,8.0,8.0,8.0,8.0,8.0,8.0,8.0,8.0,8.0,8.0,0,延安市,3825290.0,46935.0,8.5,False,238.0,5.472270673671475
青海省,632700,玉树藏族自治州,2015-7,1965-5,吴德军,54,False,,,4,0.0,0.0,0.0,0.0,0.0,0.0,0.0,0.0,0.0,0.0,0.0,0.0,0.0,0.0,0.0,0.0,0.0,0.0,0.0,0.0,0.0,0.0,0.0,0.0,0.0,0.0,0.0,0.0,0.0,0.0,0.0,0.0,0.0,0.0,0.0,0.0,0.0,0,,,,,True,,
青海省,632800,海西蒙古族藏族自治州,2015-7,1969-8,文国栋,50,False,,,4,0.0,0.0,0.0,0.0,0.0,0.0,0.0,0.0,0.0,0.0,0.0,0.0,0.0,0.0,0.0,0.0,0.0,0.0,0.0,0.0,0.0,0.0,0.0,0.0,0.0,0.0,0.0,0.0,0.0,0.0,0.0,0.0,0.0,0.0,0.0,0.0,0.0,0,,,,,True,,
江西省,360700,赣州市,2015-7,1963-2,李炳军,57,True,-12.0,2020-02-06,4,0.0,2.0,7.0,7.0,10.0,16.0,21.0,27.0,30.0,34.0,35.0,42.0,48.0,52.0,59.0,64.0,69.0,71.0,72.0,72.0,76.0,76.0,76.0,76.0,76.0,76.0,76.0,76.0,76.0,76.0,76.0,76.0,76.0,76.0,76.0,76.0,76.0,0,赣州市,7665439.0,41863.0,9.8,False,974.0,6.881411303642535
云南省,530100,昆明市,2015-7,1961-12,程连元,58,True,-12.0,2020-02-05,4,3.0,4.0,4.0,7.0,12.0,15.0,21.0,25.0,30.0,31.0,32.0,34.0,35.0,40.0,41.0,41.0,42.0,45.0,46.0,46.0,48.0,48.0,48.0,51.0,51.0,52.0,53.0,53.0,53.0,53.0,53.0,53.0,53.0,53.0,53.0,53.0,53.0,0,昆明市,38896946.0,90074.0,13,False,563.0,6.333279628139691
江西省,360200,景德镇市,2015-8,1963-6,钟志生,56,True,-10.0,2020-02-04,4,0.0,1.0,1.0,2.0,2.0,2.0,2.0,3.0,3.0,3.0,3.0,4.0,4.0,4.0,4.0,4.0,5.0,5.0,5.0,5.0,5.0,5.0,5.0,5.0,6.0,6.0,6.0,6.0,6.0,6.0,6.0,6.0,6.0,6.0,6.0,6.0,6.0,0,景德镇市,3854290.0,77302.0,8.7,False,169.0,5.1298987149230735
广西壮族自治区,451400,崇左市,2016-1,1963-8,刘有明,56,False,,,4,0.0,0.0,0.0,0.0,0.0,0.0,0.0,0.0,0.0,0.0,0.0,0.0,0.0,0.0,0.0,0.0,0.0,0.0,0.0,0.0,0.0,0.0,0.0,0.0,0.0,0.0,0.0,0.0,0.0,0.0,0.0,0.0,0.0,0.0,0.0,0.0,0.0,0,崇左市,1936177.0,56747.0,10.4,False,250.0,5.521460917862246
甘肃省,620100,兰州市,2016-10,1966-9,李荣灿,53,False,,,3,1.0,2.0,4.0,8.0,11.0,14.0,14.0,15.0,23.0,23.0,26.0,30.0,30.0,30.0,32.0,33.0,33.0,33.0,35.0,35.0,35.0,35.0,35.0,35.0,36.0,36.0,36.0,36.0,36.0,36.0,36.0,36.0,36.0,36.0,36.0,36.0,36.0,0,兰州市,20965283.0,78412.0,5.92,False,326.0,5.786897381366708
甘肃省,621000,庆阳市,2016-10,1963-4,贠建民,56,False,,,3,0.0,0.0,0.0,0.0,0.0,0.0,0.0,0.0,0.0,0.0,1.0,1.0,1.0,2.0,2.0,2.0,2.0,3.0,3.0,3.0,3.0,3.0,3.0,3.0,3.0,3.0,3.0,3.0,3.0,3.0,3.0,3.0,3.0,3.0,3.0,3.0,3.0,0,庆阳市,2029988.0,54416.0,6,False,270.0,5.598421958998375
广西壮族自治区,450500,北海市,2016-11,1962-12,王乃学,57,False,,,3,6.0,6.0,9.0,9.0,11.0,13.0,15.0,17.0,23.0,23.0,26.0,27.0,29.0,31.0,31.0,32.0,33.0,35.0,36.0,39.0,39.0,40.0,43.0,43.0,43.0,44.0,44.0,44.0,44.0,44.0,44.0,44.0,44.0,44.0,44.0,44.0,44.0,0,北海市,9651455.0,133523.0,10.45,False,175.0,5.1647859739235145
广西壮族自治区,451100,贺州市,2016-11,1963-10,李宏庆,56,False,,,3,0.0,0.0,0.0,0.0,0.0,0.0,1.0,1.0,1.0,3.0,4.0,4.0,4.0,4.0,4.0,4.0,4.0,4.0,4.0,4.0,4.0,4.0,4.0,4.0,4.0,4.0,4.0,4.0,4.0,4.0,4.0,4.0,4.0,4.0,4.0,4.0,4.0,0,贺州市,3141921.0,29728.0,5.41,False,244.0,5.497168225293202
贵州省,520500,毕节市,2016-11,1960-6,周建琨,59,False,,,3,0.0,0.0,0.0,0.0,0.0,0.0,1.0,3.0,3.0,4.0,4.0,9.0,11.0,13.0,17.0,21.0,21.0,21.0,21.0,22.0,22.0,23.0,23.0,23.0,23.0,23.0,23.0,23.0,23.0,23.0,23.0,23.0,23.0,23.0,23.0,23.0,23.0,0,毕节市,3721144.0,32162.0,12.2,False,923.0,6.827629234502852
河北省,130100,石家庄市,2016-11,1961-3,邢国辉,58,True,-13.0,2020-02-06,3,1.0,4.0,5.0,7.0,9.0,10.0,11.0,11.0,12.0,13.0,16.0,21.0,21.0,24.0,24.0,24.0,24.0,25.0,27.0,27.0,27.0,27.0,27.0,28.0,28.0,28.0,28.0,28.0,28.0,29.0,29.0,29.0,29.0,29.0,29.0,29.0,29.0,0,石家庄市,33962728.0,69926.0,8.1,False,973.0,6.880384082186005
河北省,130900,沧州市,2016-11,1965-7,杨慧,54,True,-16.0,2020-02-09,3,1.0,2.0,2.0,2.0,5.0,8.0,12.0,18.0,19.0,19.0,19.0,20.0,20.0,21.0,23.0,28.0,28.0,28.0,32.0,37.0,42.0,45.0,46.0,47.0,47.0,48.0,48.0,48.0,48.0,48.0,48.0,48.0,48.0,48.0,48.0,48.0,48.0,0,沧州市,8667928.0,120805.0,7.68,False,778.0,6.656726524178391
山西省,140200,大同市,2016-11,1964-9,张吉福,55,False,,,3,0.0,1.0,1.0,1.0,1.0,3.0,4.0,5.0,6.0,8.0,9.0,9.0,9.0,9.0,9.0,10.0,11.0,11.0,11.0,11.0,12.0,12.0,12.0,12.0,12.0,12.0,12.0,12.0,12.0,12.0,12.0,12.0,12.0,12.0,12.0,12.0,12.0,0,大同市,8866388.0,49181.0,5,False,318.0,5.762051382780177
山西省,141100,吕梁市,2016-11,1962-8,李正印,57,False,,,3,0.0,0.0,0.0,1.0,3.0,3.0,4.0,5.0,5.0,5.0,5.0,5.0,5.0,6.0,6.0,6.0,6.0,6.0,6.0,6.0,6.0,6.0,6.0,6.0,6.0,6.0,6.0,6.0,6.0,6.0,6.0,6.0,6.0,6.0,6.0,6.0,6.0,0,吕梁市,813938.0,24359.0,6.4,False,392.0,5.971261839790462
内蒙古自治区,150200,包头市,2016-11,1959-11,张院忠,60,True,-17.0,2020-02-13,3,0.0,0.0,0.0,2.0,3.0,3.0,3.0,3.0,3.0,5.0,6.0,6.0,7.0,9.0,9.0,10.0,10.0,11.0,11.0,11.0,11.0,11.0,11.0,11.0,11.0,11.0,11.0,11.0,11.0,11.0,11.0,11.0,11.0,11.0,11.0,11.0,11.0,0,包头市,24190700.0,155090.0,6,False,224.0,5.4116460518550396
黑龙江省,231200,绥化市,2016-12,1963-6,曲敏,56,False,,,3,1.0,1.0,2.0,3.0,8.0,8.0,10.0,12.0,13.0,14.0,16.0,22.0,24.0,29.0,39.0,44.0,35.0,37.0,39.0,43.0,45.0,45.0,46.0,46.0,46.0,46.0,47.0,47.0,47.0,47.0,47.0,47.0,47.0,47.0,47.0,47.0,47.0,0,绥化市,1765596.0,21750.0,6.4,False,528.0,6.269096283706261
安徽省,341300,宿州市,2016-12,1963-11,史翔,56,False,,,3,0.0,0.0,2.0,3.0,3.0,9.0,10.0,10.0,12.0,14.0,21.0,23.0,24.0,25.0,27.0,28.0,28.0,31.0,33.0,36.0,38.0,39.0,39.0,39.0,40.0,41.0,41.0,41.0,41.0,41.0,41.0,41.0,41.0,41.0,41.0,41.0,41.0,0,宿州市,6442018.0,37389.0,9.16,False,656.0,6.486160788944089
河南省,411300,南阳市,2016-12,1961-9,张文深,58,False,,,3,0.0,8.0,15.0,19.0,26.0,31.0,51.0,61.0,66.0,62.0,84.0,99.0,107.0,111.0,118.0,128.0,133.0,134.0,136.0,138.0,145.0,146.0,150.0,151.0,154.0,155.0,155.0,155.0,155.0,155.0,155.0,155.0,155.0,155.0,156.0,156.0,156.0,0,南阳市,7557584.0,40189.0,5.6,False,1200.0,7.090076835776092
湖南省,430800,张家界市,2016-12,1964-9,虢正贵,55,False,,,3,0.0,0.0,0.0,0.0,0.0,0.0,1.0,1.0,2.0,3.0,3.0,3.0,3.0,3.0,5.0,5.0,5.0,5.0,5.0,5.0,5.0,5.0,5.0,5.0,5.0,5.0,5.0,5.0,5.0,5.0,5.0,5.0,5.0,5.0,5.0,5.0,5.0,0,张家界市,2796735.0,53109.0,8.7,False,170.0,5.135798437050262
湖南省,430900,益阳市,2016-12,1966-1,瞿海,54,False,,,3,0.0,4.0,4.0,7.0,10.0,14.0,17.0,20.0,24.0,27.0,30.0,35.0,40.0,41.0,43.0,44.0,46.0,53.0,54.0,58.0,59.0,59.0,59.0,59.0,59.0,59.0,59.0,59.0,59.0,59.0,59.0,59.0,59.0,59.0,59.0,59.0,60.0,0,益阳市,6868076.0,53126.0,8,False,479.0,6.171700597410915
新疆维吾尔自治区,653100,喀什地区,2016-12,1965-3,李宁平,54,False,,,3,0.0,0.0,0.0,0.0,0.0,0.0,0.0,0.0,0.0,0.0,0.0,0.0,0.0,0.0,0.0,0.0,0.0,0.0,0.0,0.0,0.0,0.0,0.0,0.0,0.0,0.0,0.0,0.0,0.0,0.0,0.0,0.0,0.0,0.0,0.0,0.0,0.0,0,,,,,True,,
内蒙古自治区,150300,乌海市,2016-12,1963-4,史万钧,56,True,-11.0,2020-02-13,3,0.0,0.0,0.0,0.0,0.0,0.0,0.0,0.0,0.0,1.0,1.0,1.0,2.0,2.0,2.0,2.0,2.0,2.0,2.0,2.0,2.0,2.0,2.0,2.0,2.0,2.0,2.0,2.0,2.0,2.0,2.0,2.0,2.0,2.0,2.0,2.0,2.0,0,乌海市,4100777.0,73268.0,5.3,False,44.0,3.784189633918261
内蒙古自治区,150600,鄂尔多斯市,2016-12,1962-1,牛俊雁,58,True,-19.0,2020-02-13,3,0.0,2.0,2.0,2.0,2.0,2.0,3.0,3.0,5.0,6.0,9.0,9.0,11.0,11.0,11.0,11.0,11.0,11.0,11.0,11.0,11.0,11.0,11.0,11.0,11.0,11.0,11.0,11.0,11.0,11.0,11.0,11.0,11.0,11.0,11.0,11.0,11.0,0,鄂尔多斯市,7467000.0,111798.0,5.6,False,161.0,5.081404364984463
黑龙江省,230400,鹤岗市,2016-12,1970-1,张恩亮,50,False,,,3,0.0,0.0,0.0,0.0,0.0,0.0,1.0,1.0,1.0,1.0,1.0,2.0,2.0,2.0,2.0,3.0,4.0,5.0,5.0,5.0,5.0,5.0,5.0,5.0,5.0,5.0,5.0,5.0,5.0,5.0,5.0,5.0,5.0,5.0,5.0,5.0,5.0,0,鹤岗市,1415313.0,22946.0,9.9,False,101.0,4.61512051684126
湖北省,420300,十堰市,2016-12,1963-10,张维国,56,True,0.0,2020-01-24,3,1.0,5.0,20.0,40.0,65.0,88.0,119.0,150.0,177.0,212.0,256.0,291.0,318.0,353.0,395.0,438.0,467.0,481.0,505.0,536.0,562.0,586.0,597.0,602.0,612.0,626.0,638.0,641.0,654.0,659.0,667.0,669.0,671.0,671.0,671.0,671.0,671.0,0,十堰市,10794677.0,77898.0,10.1,False,346.0,5.846438775057725
四川省,510800,广元市,2016-2,1963-10,王菲,56,False,,,4,0.0,0.0,0.0,0.0,0.0,1.0,3.0,2.0,2.0,5.0,5.0,6.0,6.0,6.0,6.0,6.0,6.0,6.0,6.0,6.0,6.0,6.0,6.0,6.0,6.0,6.0,6.0,6.0,6.0,6.0,6.0,6.0,6.0,6.0,6.0,6.0,6.0,0,广元市,3440379.0,31878.0,8.8,False,303.0,5.713732805509369
四川省,511100,乐山市,2016-2,1963-6,彭琳,56,False,,,4,0.0,0.0,1.0,1.0,2.0,2.0,2.0,2.0,2.0,2.0,2.0,2.0,2.0,2.0,3.0,3.0,3.0,3.0,3.0,3.0,3.0,3.0,3.0,3.0,3.0,3.0,3.0,3.0,3.0,3.0,3.0,3.0,3.0,3.0,3.0,3.0,3.0,0,乐山市,7191902.0,58714.0,8.5,False,352.0,5.863631175598097
四川省,511700,达州市,2016-2,1963-8,包惠,56,False,,,4,1.0,1.0,1.0,3.0,3.0,4.0,6.0,8.0,9.0,9.0,11.0,13.0,17.0,20.0,23.0,25.0,25.0,28.0,30.0,33.0,36.0,36.0,36.0,36.0,38.0,39.0,40.0,40.0,41.0,41.0,41.0,41.0,42.0,42.0,42.0,42.0,42.0,0,达州市,4890622.0,28615.0,7.9,False,672.0,6.51025834052315
黑龙江省,230200,齐齐哈尔市,2016-2,1963-4,孙珅,56,False,,,4,0.0,0.0,1.0,1.0,2.0,3.0,3.0,3.0,3.0,3.0,6.0,6.0,20.0,26.0,27.0,27.0,27.0,30.0,32.0,33.0,33.0,36.0,36.0,38.0,42.0,43.0,43.0,43.0,43.0,43.0,43.0,43.0,43.0,43.0,43.0,43.0,43.0,0,齐齐哈尔市,6366549.0,48096.0,6.4,False,534.0,6.280395838960195
广东省,440600,佛山市,2016-2,1964-10,鲁毅,55,True,-15.0,2020-02-08,4,7.0,9.0,10.0,14.0,18.0,21.0,25.0,33.0,39.0,43.0,45.0,49.0,50.0,57.0,59.0,64.0,67.0,70.0,70.0,78.0,81.0,82.0,84.0,84.0,84.0,84.0,84.0,84.0,84.0,84.0,84.0,84.0,84.0,84.0,84.0,84.0,84.0,0,佛山市,93985162.0,124324.0,8.25,False,420.0,6.040254711277414
云南省,530500,保山市,2016-3,1962-5,赵德光,57,False,,,3,0.0,0.0,2.0,3.0,4.0,4.0,5.0,6.0,8.0,8.0,8.0,8.0,8.0,8.0,9.0,9.0,9.0,9.0,9.0,9.0,9.0,9.0,9.0,9.0,9.0,9.0,9.0,9.0,9.0,9.0,9.0,9.0,9.0,9.0,9.0,9.0,9.0,0,保山市,2604239.0,26773.0,11.5,False,263.0,5.572154032177765
内蒙古自治区,152200,兴安盟,2016-3,1967-12,张恩惠,52,True,-17.0,2020-02-13,3,0.0,0.0,0.0,1.0,1.0,1.0,1.0,1.0,1.0,1.0,1.0,1.0,1.0,1.0,1.0,1.0,1.0,1.0,1.0,1.0,1.0,1.0,1.0,1.0,1.0,1.0,1.0,1.0,1.0,1.0,1.0,1.0,1.0,1.0,1.0,1.0,1.0,0,,,,,True,,
内蒙古自治区,152500,锡林郭勒盟,2016-3,1962-5,罗虎在,57,True,-18.0,2020-02-13,3,0.0,2.0,2.0,2.0,2.0,2.0,2.0,2.0,2.0,2.0,2.0,2.0,2.0,2.0,2.0,2.0,2.0,2.0,2.0,2.0,3.0,5.0,6.0,6.0,8.0,8.0,9.0,9.0,9.0,9.0,9.0,9.0,9.0,9.0,9.0,9.0,9.0,0,,,,,True,,
江西省,360300,萍乡市,2016-3,1968-8,李小豹,51,True,-13.0,2020-02-06,3,1.0,1.0,2.0,2.0,2.0,2.0,5.0,8.0,9.0,15.0,18.0,20.0,22.0,23.0,24.0,24.0,24.0,25.0,26.0,29.0,29.0,31.0,32.0,32.0,33.0,33.0,33.0,33.0,33.0,33.0,33.0,33.0,33.0,33.0,33.0,33.0,33.0,0,萍乡市,6083233.0,63725.0,9.1,False,200.0,5.298317366548036
安徽省,340800,安庆市,2016-4,1964-12,魏晓明,55,False,,,3,1.0,4.0,5.0,8.0,8.0,14.0,18.0,18.0,31.0,43.0,47.0,55.0,56.0,60.0,66.0,71.0,75.0,78.0,80.0,80.0,80.0,81.0,82.0,82.0,83.0,83.0,83.0,83.0,83.0,83.0,83.0,83.0,83.0,83.0,83.0,83.0,83.0,0,安庆市,5138061.0,62204.0,8.6,False,531.0,6.274762021241939
安徽省,341600,亳州市,2016-4,1965-3,汪一光,54,False,,,3,1.0,4.0,6.0,6.0,8.0,15.0,20.0,20.0,25.0,30.0,39.0,48.0,58.0,66.0,72.0,81.0,87.0,92.0,92.0,97.0,100.0,106.0,107.0,108.0,108.0,108.0,108.0,108.0,108.0,108.0,108.0,108.0,108.0,108.0,108.0,108.0,108.0,0,亳州市,4212362.0,25262.0,9.34,False,651.0,6.478509642208569
湖南省,430200,株洲市,2016-4,1962-9,毛腾飞,57,False,,,3,1.0,1.0,3.0,5.0,7.0,13.0,18.0,19.0,22.0,25.0,26.0,34.0,38.0,41.0,46.0,48.0,58.0,61.0,68.0,71.0,75.0,77.0,78.0,78.0,78.0,78.0,78.0,78.0,78.0,79.0,80.0,80.0,80.0,80.0,80.0,80.0,80.0,0,株洲市,11740538.0,92387.0,8,False,403.0,5.998936561946683
湖南省,430300,湘潭市,2016-4,1964-5,曹炯芳,55,False,,,3,1.0,2.0,3.0,4.0,6.0,8.0,9.0,10.0,13.0,16.0,19.0,21.0,23.0,24.0,25.0,28.0,28.0,31.0,32.0,32.0,32.0,34.0,35.0,35.0,35.0,35.0,35.0,35.0,35.0,36.0,36.0,36.0,36.0,36.0,36.0,36.0,36.0,0,湘潭市,12342154.0,114821.0,8.5,False,288.0,5.662960480135946
湖南省,430500,邵阳市,2016-4,1961-10,龚文密,58,False,,,3,0.0,2.0,2.0,8.0,11.0,19.0,29.0,36.0,41.0,49.0,51.0,55.0,68.0,74.0,83.0,86.0,87.0,89.0,91.0,94.0,99.0,100.0,100.0,101.0,101.0,101.0,102.0,102.0,102.0,102.0,102.0,102.0,102.0,102.0,102.0,102.0,102.0,0,邵阳市,3417031.0,44464.0,7.7,False,826.0,6.716594773520978
江西省,361100,上饶市,2016-4,1962-11,马承祖,57,True,-12.0,2020-02-06,3,0.0,2.0,6.0,6.0,7.0,9.0,11.0,12.0,16.0,19.0,32.0,50.0,69.0,78.0,86.0,92.0,98.0,103.0,111.0,116.0,119.0,122.0,123.0,123.0,123.0,123.0,123.0,123.0,123.0,123.0,123.0,123.0,123.0,123.0,123.0,123.0,123.0,0,上饶市,6203743.0,51582.0,9.4,False,783.0,6.663132695990803
河南省,410500,安阳市,2016-5,1962-3,李公乐,57,False,,,3,0.0,0.0,3.0,7.0,11.0,14.0,16.0,20.0,24.0,24.0,29.0,33.0,35.0,37.0,40.0,43.0,44.0,45.0,46.0,49.0,50.0,50.0,51.0,51.0,51.0,52.0,52.0,53.0,53.0,53.0,53.0,53.0,53.0,53.0,53.0,53.0,53.0,0,安阳市,6166974.0,48635.0,5.4,False,624.0,6.436150368369428
河南省,410800,焦作市,2016-5,1962-11,王小平,57,False,,,3,0.0,0.0,0.0,0.0,2.0,2.0,2.0,2.0,2.0,7.0,8.0,12.0,15.0,17.0,18.0,20.0,24.0,25.0,28.0,28.0,29.0,29.0,30.0,30.0,32.0,32.0,32.0,32.0,32.0,32.0,32.0,32.0,32.0,32.0,32.0,32.0,32.0,0,焦作市,5162899.0,50079.0,6.06,False,371.0,5.916202062607435
广西壮族自治区,451300,来宾市,2016-5,1965-8,农生文,54,False,,,3,0.0,0.0,0.0,0.0,0.0,0.0,0.0,0.0,0.0,0.0,0.0,0.0,0.0,1.0,1.0,3.0,7.0,11.0,11.0,11.0,11.0,11.0,11.0,11.0,11.0,11.0,11.0,11.0,11.0,11.0,11.0,11.0,11.0,11.0,11.0,11.0,11.0,0,来宾市,2936789.0,30398.0,6.6,False,268.0,5.5909869805108565
河南省,411500,信阳市,2016-5,1961-10,乔新江,58,True,-13.0,2020-02-06,3,1.0,5.0,22.0,23.0,29.0,32.0,42.0,49.0,70.0,88.0,99.0,112.0,138.0,164.0,176.0,192.0,205.0,220.0,228.0,231.0,240.0,243.0,252.0,261.0,262.0,266.0,268.0,269.0,270.0,273.0,274.0,274.0,274.0,274.0,274.0,274.0,274.0,0,信阳市,5867475.0,41472.0,7,False,911.0,6.814542897259958
广东省,440700,江门市,2016-6,1963-1,林应武,57,False,,,3,0.0,0.0,0.0,0.0,0.0,1.0,1.0,2.0,3.0,3.0,4.0,6.0,7.0,9.0,14.0,15.0,19.0,20.0,20.0,21.0,22.0,22.0,22.0,23.0,23.0,23.0,23.0,23.0,23.0,23.0,23.0,23.0,23.0,23.0,23.0,23.0,23.0,0,江门市,14192763.0,75461.0,7.9,False,396.0,5.981414211254481
西藏自治区,540200,日喀则市,2016-6,1964-6,张延清,55,False,,,3,0.0,0.0,0.0,0.0,0.0,0.0,0.0,0.0,0.0,0.0,0.0,0.0,0.0,0.0,0.0,0.0,0.0,0.0,0.0,0.0,0.0,0.0,0.0,0.0,0.0,0.0,0.0,0.0,0.0,0.0,0.0,0.0,0.0,0.0,0.0,0.0,0.0,0,日喀则市,731016.0,60660.0,10.7,False,79.0,4.3694478524670215
西藏自治区,540400,林芝市,2016-6,1961-12,马升昌,58,False,,,3,0.0,0.0,0.0,0.0,0.0,0.0,0.0,0.0,0.0,0.0,0.0,0.0,0.0,0.0,0.0,0.0,0.0,0.0,0.0,0.0,0.0,0.0,0.0,0.0,0.0,0.0,0.0,0.0,0.0,0.0,0.0,0.0,0.0,0.0,0.0,0.0,0.0,0,林芝市,652800.0,104733.0,10.1,False,19.0,2.9444389791664403
河北省,131000,廊坊市,2016-6,1965-9,冯韶慧,54,False,,,3,0.0,0.0,0.0,2.0,6.0,9.0,9.0,9.0,11.0,11.0,12.0,12.0,13.0,14.0,15.0,20.0,22.0,24.0,26.0,28.0,29.0,29.0,29.0,30.0,30.0,30.0,30.0,30.0,30.0,30.0,30.0,30.0,30.0,30.0,30.0,30.0,30.0,0,廊坊市,8648469.0,91067.0,11.75,False,474.0,6.161207321695077
四川省,511500,宜宾市,2016-6,1962-11,刘中伯,57,True,-10.0,2020-02-06,3,0.0,0.0,0.0,1.0,1.0,2.0,5.0,7.0,7.0,7.0,7.0,7.0,7.0,8.0,9.0,9.0,9.0,9.0,9.0,10.0,11.0,11.0,11.0,11.0,11.0,12.0,12.0,12.0,12.0,12.0,12.0,12.0,12.0,12.0,12.0,12.0,12.0,0,宜宾市,7516818.0,61785.0,9.15,False,555.0,6.318968113746434
四川省,511300,南充市,2016-7,1962-6,宋朝华,57,False,,,3,0.0,0.0,2.0,2.0,4.0,5.0,9.0,11.0,16.0,23.0,26.0,27.0,28.0,29.0,30.0,31.0,32.0,33.0,34.0,34.0,35.0,35.0,35.0,35.0,35.0,38.0,38.0,38.0,38.0,38.0,38.0,39.0,39.0,39.0,39.0,39.0,39.0,0,南充市,6692215.0,6421762.0,8.82,False,733.0,6.597145701886651
四川省,511000,内江市,2016-7,1964-10,马波,55,True,-12.0,2020-02-06,3,0.0,1.0,1.0,1.0,3.0,4.0,4.0,6.0,10.0,11.0,12.0,15.0,15.0,16.0,17.0,17.0,17.0,17.0,18.0,20.0,21.0,21.0,22.0,22.0,22.0,22.0,22.0,22.0,22.0,22.0,22.0,22.0,22.0,22.0,22.0,22.0,22.0,0,内江市,4772911.0,36639.0,7.57,False,415.0,6.028278520230698
河南省,411200,三门峡市,2016-8,1963-10,刘南昌,56,False,,,3,1.0,1.0,2.0,3.0,3.0,4.0,5.0,6.0,7.0,7.0,7.0,7.0,7.0,7.0,7.0,7.0,7.0,7.0,7.0,7.0,7.0,7.0,7.0,7.0,7.0,7.0,7.0,7.0,7.0,7.0,7.0,7.0,7.0,7.0,7.0,7.0,7.0,0,三门峡市,4316182.0,64155.0,10.2,False,228.0,5.429345628954441
河南省,411400,商丘市,2016-8,1965-2,王战营,54,False,,,3,0.0,0.0,0.0,6.0,7.0,14.0,18.0,27.0,29.0,36.0,50.0,60.0,61.0,65.0,72.0,76.0,82.0,83.0,86.0,86.0,87.0,88.0,90.0,91.0,91.0,91.0,91.0,91.0,91.0,91.0,91.0,91.0,91.0,91.0,91.0,91.0,91.0,0,商丘市,4793000.0,26550.0,6.3,False,987.0,6.894670039433482
贵州省,520600,铜仁市,2016-8,1970-1,陈昌旭,50,False,,,3,1.0,2.0,2.0,2.0,2.0,2.0,2.0,3.0,3.0,3.0,6.0,6.0,6.0,6.0,6.0,6.0,7.0,8.0,9.0,10.0,10.0,10.0,10.0,10.0,10.0,10.0,10.0,10.0,10.0,10.0,10.0,10.0,10.0,10.0,10.0,10.0,10.0,0,铜仁市,2077400.0,47300.0,12.43,False,440.0,6.0867747269123065
安徽省,340600,淮北市,2016-8,1965-2,黄晓武,54,True,-14.0,2020-02-09,3,0.0,0.0,1.0,1.0,2.0,2.0,2.0,2.0,6.0,6.0,8.0,11.0,14.0,17.0,22.0,22.0,23.0,23.0,24.0,24.0,25.0,25.0,26.0,26.0,27.0,27.0,27.0,27.0,27.0,27.0,27.0,27.0,27.0,27.0,27.0,27.0,27.0,0,淮北市,6229180.0,59210.0,6.89,False,217.0,5.37989735354046
福建省,350700,南平市,2016-9,1964-3,袁毅,55,False,,,3,0.0,0.0,1.0,2.0,3.0,3.0,3.0,3.0,8.0,8.0,11.0,11.0,12.0,12.0,12.0,14.0,16.0,18.0,19.0,19.0,20.0,20.0,20.0,20.0,20.0,20.0,20.0,20.0,20.0,20.0,20.0,20.0,20.0,20.0,20.0,20.0,20.0,0,南平市,5263855.0,66739.0,6.4,False,319.0,5.765191102784844
辽宁省,210800,营口市,2016-9,1961-1,赵长富,59,False,,,3,0.0,0.0,1.0,1.0,1.0,1.0,1.0,1.0,1.0,1.0,1.0,1.0,1.0,1.0,1.0,1.0,1.0,1.0,1.0,1.0,1.0,1.0,1.0,1.0,1.0,1.0,1.0,1.0,1.0,1.0,1.0,1.0,1.0,1.0,1.0,1.0,1.0,0,营口市,8078204.0,73693.0,4.68,False,232.0,5.44673737166631
江西省,360500,新余市,2016-9,1968-1,蒋斌,52,True,-13.0,2020-02-06,3,1.0,1.0,1.0,3.0,3.0,11.0,11.0,28.0,40.0,43.0,50.0,59.0,69.0,78.0,87.0,95.0,100.0,105.0,110.0,117.0,121.0,124.0,127.0,129.0,129.0,129.0,129.0,130.0,130.0,130.0,130.0,130.0,130.0,130.0,130.0,130.0,130.0,0,新余市,7565744.0,87546.0,8.4,False,122.0,4.804021044733257
江西省,360800,吉安市,2016-9,1963-11,胡世忠,56,True,-13.0,2020-02-06,3,1.0,1.0,2.0,3.0,3.0,4.0,5.0,8.0,11.0,12.0,13.0,15.0,15.0,15.0,16.0,17.0,17.0,18.0,19.0,21.0,20.0,20.0,20.0,21.0,21.0,22.0,22.0,22.0,22.0,22.0,22.0,22.0,22.0,22.0,22.0,22.0,22.0,0,吉安市,2531933.0,45796.0,8.87,False,536.0,6.284134161070802
河南省,410300,洛阳市,2017-1,1963-9,李亚,56,False,,,3,1.0,1.0,1.0,2.0,2.0,2.0,2.0,3.0,5.0,7.0,7.0,12.0,17.0,21.0,24.0,25.0,25.0,27.0,28.0,29.0,30.0,30.0,31.0,31.0,31.0,31.0,31.0,31.0,31.0,31.0,31.0,31.0,31.0,31.0,31.0,31.0,31.0,0,洛阳市,16555755.0,75677.0,9.2,False,737.0,6.602587892189336
云南省,530900,临沧市,2017-1,1965-1,杨浩东,55,False,,,3,0.0,0.0,0.0,0.0,0.0,0.0,0.0,0.0,1.0,1.0,1.0,1.0,1.0,1.0,1.0,1.0,1.0,1.0,1.0,1.0,1.0,1.0,1.0,1.0,1.0,1.0,1.0,1.0,1.0,1.0,1.0,1.0,1.0,1.0,1.0,1.0,1.0,0,临沧市,1065841.0,31627.0,10,False,239.0,5.476463551931511
云南省,532900,大理白族自治州,2017-1,1961-6,陈坚,58,False,,,3,0.0,0.0,0.0,0.0,0.0,0.0,0.0,0.0,0.0,0.0,0.0,0.0,0.0,0.0,0.0,0.0,0.0,0.0,13.0,13.0,13.0,13.0,13.0,13.0,13.0,13.0,13.0,13.0,13.0,13.0,13.0,13.0,13.0,13.0,13.0,13.0,13.0,0,,,,,True,,
西藏自治区,540100,拉萨市,2017-1,1967-2,白玛旺堆,53,False,,,3,0.0,0.0,0.0,0.0,0.0,0.0,0.0,0.0,0.0,0.0,0.0,1.0,1.0,1.0,1.0,1.0,1.0,1.0,1.0,1.0,1.0,1.0,1.0,1.0,1.0,1.0,1.0,1.0,1.0,1.0,1.0,1.0,1.0,1.0,1.0,1.0,1.0,0,拉萨市,2878800.0,,,False,54.0,3.9889840465642745
湖北省,420500,宜昌市,2017-1,1964-5,周霁,55,True,0.0,2020-01-24,3,1.0,1.0,20.0,31.0,51.0,63.0,117.0,167.0,276.0,353.0,392.0,452.0,496.0,563.0,610.0,633.0,711.0,749.0,772.0,784.0,810.0,877.0,906.0,901.0,895.0,904.0,907.0,891.0,895.0,914.0,917.0,924.0,926.0,927.0,929.0,931.0,931.0,0,宜昌市,16525000.0,112313.0,4.1,False,392.0,5.971261839790462
新疆维吾尔自治区,653000,克孜勒苏柯尔克孜自治州,2017-10,1963-10,安征宇,56,False,,,2,0.0,0.0,0.0,0.0,0.0,0.0,0.0,0.0,0.0,0.0,0.0,0.0,0.0,0.0,0.0,0.0,0.0,0.0,0.0,0.0,0.0,0.0,0.0,0.0,0.0,0.0,0.0,0.0,0.0,0.0,0.0,0.0,0.0,0.0,0.0,0.0,0.0,0,,,,,True,,
四川省,511800,雅安市,2017-11,1961-4,兰开驰,58,False,,,2,1.0,1.0,1.0,1.0,2.0,2.0,2.0,3.0,5.0,5.0,5.0,5.0,6.0,6.0,6.0,6.0,6.0,6.0,6.0,6.0,7.0,7.0,7.0,7.0,7.0,7.0,7.0,7.0,7.0,7.0,7.0,7.0,7.0,7.0,7.0,7.0,7.0,0,雅安市,2398237.0,37833.0,8.6,False,154.0,5.0369526024136295
湖北省,422800,恩施土家族苗族自治州,2017-11,1965-8,柯俊,54,True,0.0,2020-01-24,2,0.0,11.0,17.0,25.0,38.0,51.0,66.0,75.0,87.0,105.0,111.0,123.0,138.0,144.0,157.0,160.0,171.0,187.0,195.0,203.0,229.0,237.0,244.0,247.0,249.0,250.0,249.0,244.0,245.0,251.0,251.0,251.0,251.0,251.0,251.0,251.0,252.0,0,,,,,True,,
安徽省,340300,蚌埠市,2017-12,1962-1,汪莹纯,58,False,,,2,1.0,1.0,1.0,3.0,3.0,3.0,8.0,15.0,16.0,26.0,37.0,43.0,48.0,64.0,88.0,99.0,115.0,126.0,134.0,141.0,146.0,149.0,153.0,157.0,158.0,158.0,159.0,160.0,160.0,160.0,160.0,160.0,160.0,160.0,160.0,160.0,160.0,0,蚌埠市,8445969.0,46538.0,9.4,False,381.0,5.942799375126701
安徽省,340500,马鞍山市,2017-12,1964-5,张岳峰,55,False,,,2,0.0,4.0,7.0,7.0,10.0,11.0,14.0,14.0,22.0,27.0,28.0,28.0,30.0,30.0,30.0,31.0,31.0,31.0,32.0,32.0,32.0,34.0,35.0,36.0,36.0,36.0,37.0,37.0,37.0,38.0,38.0,38.0,38.0,38.0,38.0,38.0,38.0,0,马鞍山市,10425427.0,108939.0,8.9,False,229.0,5.43372200355424
河南省,410200,开封市,2017-12,1967-1,侯红,53,False,,,2,0.0,0.0,0.0,1.0,2.0,3.0,4.0,6.0,8.0,11.0,11.0,12.0,17.0,18.0,20.0,21.0,24.0,24.0,25.0,25.0,25.0,25.0,25.0,26.0,26.0,26.0,26.0,26.0,26.0,26.0,26.0,26.0,26.0,26.0,26.0,26.0,26.0,0,开封市,6887402.0,42413.0,7,False,559.0,6.326149473155099
河南省,410400,平顶山市,2017-12,1962-6,周斌,57,False,,,2,0.0,1.0,2.0,5.0,5.0,5.0,8.0,10.0,11.0,14.0,19.0,28.0,34.0,41.0,46.0,48.0,50.0,52.0,54.0,55.0,56.0,57.0,58.0,58.0,58.0,58.0,58.0,58.0,58.0,58.0,58.0,58.0,58.0,58.0,58.0,58.0,58.0,0,平顶山市,5649429.0,52117.0,10.3,False,567.0,6.340359303727752
海南省,460400,儋州市,2017-12,1966-4,袁光平,53,False,,,2,0.0,3.0,3.0,5.0,5.0,5.0,5.0,5.0,6.0,6.0,7.0,8.0,10.0,10.0,11.0,11.0,11.0,11.0,11.0,15.0,15.0,15.0,15.0,15.0,15.0,15.0,15.0,15.0,15.0,15.0,15.0,15.0,15.0,15.0,15.0,15.0,15.0,0,儋州市,2880400.0,,8.2,False,96.0,4.564348191467836
贵州省,520200,六盘水市,2017-12,1964-3,王忠,55,False,,,2,0.0,0.0,0.0,1.0,1.0,1.0,1.0,8.0,8.0,8.0,9.0,9.0,9.0,9.0,9.0,9.0,10.0,10.0,10.0,10.0,10.0,10.0,10.0,10.0,10.0,10.0,10.0,10.0,10.0,10.0,10.0,10.0,10.0,10.0,10.0,10.0,10.0,0,六盘水市,4673400.0,77055.0,11,False,342.0,5.834810737062605
贵州省,522600,黔东南苗族侗族自治州,2017-12,1962-12,桑维亮,57,False,,,2,0.0,0.0,0.0,0.0,0.0,0.0,1.0,2.0,2.0,4.0,4.0,4.0,5.0,5.0,5.0,5.0,7.0,8.0,10.0,10.0,10.0,10.0,10.0,10.0,10.0,10.0,10.0,10.0,10.0,10.0,10.0,10.0,10.0,10.0,10.0,10.0,10.0,0,,,,,True,,
山西省,140500,晋城市,2017-12,1964-9,张志川,55,False,,,2,0.0,0.0,0.0,0.0,0.0,0.0,0.0,0.0,2.0,3.0,6.0,7.0,7.0,7.0,8.0,8.0,8.0,8.0,8.0,8.0,8.0,8.0,8.0,9.0,9.0,9.0,10.0,10.0,10.0,10.0,10.0,10.0,10.0,10.0,10.0,10.0,10.0,0,晋城市,2681085.0,54209.0,6.5,False,221.0,5.3981627015177525
浙江省,330200,宁波市,2017-12,1961-11,郑栅洁,58,True,-11.0,2020-02-04,2,5.0,6.0,13.0,13.0,17.0,20.0,41.0,46.0,55.0,66.0,75.0,102.0,120.0,126.0,136.0,141.0,146.0,149.0,151.0,153.0,153.0,153.0,154.0,155.0,156.0,156.0,156.0,156.0,157.0,157.0,157.0,157.0,157.0,157.0,157.0,157.0,157.0,1,宁波市,62826874.0,150990.0,6.8,False,597.0,6.391917113392602
河南省,411700,驻马店市,2017-12,1965-2,陈星,54,True,-10.0,2020-02-04,2,0.0,2.0,7.0,9.0,10.0,16.0,25.0,30.0,40.0,46.0,58.0,72.0,82.0,98.0,106.0,113.0,116.0,123.0,126.0,128.0,134.0,137.0,138.0,138.0,138.0,139.0,139.0,139.0,139.0,139.0,139.0,139.0,139.0,139.0,139.0,139.0,139.0,0,驻马店市,3668609.0,37230.0,8.2,False,961.0,6.8679744089702925
湖北省,420900,孝感市,2017-12,1965-1,潘启胜,55,True,0.0,2020-01-24,2,22.0,26.0,55.0,100.0,173.0,274.0,399.0,541.0,628.0,749.0,918.0,1120.0,1462.0,1886.0,2141.0,2313.0,2436.0,2541.0,2642.0,2751.0,2874.0,3009.0,3114.0,3201.0,3279.0,3320.0,3344.0,3329.0,3346.0,3429.0,3443.0,3465.0,3482.0,3501.0,3516.0,3517.0,3518.0,0,孝感市,3164822.0,34067.0,7.5,False,519.0,6.251903883165888
浙江省,330900,舟山市,2017-2,1963-10,俞东来,56,False,,,2,1.0,2.0,2.0,4.0,4.0,6.0,6.0,7.0,7.0,7.0,7.0,7.0,7.0,7.0,7.0,7.0,7.0,7.0,10.0,10.0,10.0,10.0,10.0,10.0,10.0,10.0,10.0,10.0,10.0,10.0,10.0,10.0,10.0,10.0,10.0,10.0,10.0,0,舟山市,9165154.0,103796.0,8.7,False,97.0,4.574710978503383
河南省,410700,新乡市,2017-2,1963-5,张国伟,56,False,,,2,0.0,1.0,3.0,4.0,6.0,7.0,11.0,15.0,21.0,21.0,27.0,33.0,39.0,41.0,41.0,43.0,44.0,46.0,48.0,53.0,54.0,55.0,55.0,56.0,57.0,57.0,57.0,57.0,57.0,57.0,57.0,57.0,57.0,57.0,57.0,57.0,57.0,0,新乡市,8005138.0,69375.0,8.03,False,647.0,6.472346294500901
河南省,411600,周口市,2017-2,1963-4,刘继标,56,False,,,2,1.0,4.0,5.0,11.0,15.0,19.0,25.0,36.0,38.0,40.0,47.0,52.0,56.0,59.0,60.0,62.0,62.0,65.0,65.0,66.0,68.0,69.0,70.0,71.0,75.0,76.0,76.0,76.0,76.0,76.0,76.0,76.0,76.0,76.0,76.0,76.0,76.0,0,周口市,2360046.0,33019.0,6.6,False,1258.0,7.1372784372603855
新疆维吾尔自治区,652800,巴音郭楞蒙古自治州,2017-2,1963-3,李刚,56,False,,,2,0.0,0.0,0.0,0.0,0.0,0.0,0.0,0.0,0.0,0.0,0.0,0.0,0.0,0.0,0.0,0.0,0.0,0.0,0.0,0.0,0.0,0.0,0.0,0.0,0.0,0.0,0.0,0.0,0.0,0.0,0.0,0.0,0.0,0.0,0.0,0.0,0.0,0,,,,,True,,
河北省,130700,张家口市,2017-2,1961-7,回建,58,False,,,2,0.0,0.0,0.0,0.0,0.0,1.0,6.0,6.0,8.0,9.0,9.0,9.0,10.0,12.0,13.0,14.0,14.0,17.0,21.0,21.0,25.0,31.0,33.0,34.0,34.0,34.0,34.0,34.0,34.0,34.0,34.0,34.0,34.0,35.0,40.0,41.0,41.0,0,张家口市,7093733.0,41038.0,6.5,False,465.0,6.142037405587356
湖北省,420600,襄阳市,2017-2,1965-3,李乐成,54,True,-1.0,2020-01-26,2,0.0,1.0,8.0,36.0,70.0,131.0,163.0,286.0,347.0,441.0,548.0,632.0,735.0,787.0,838.0,907.0,988.0,1019.0,1063.0,1088.0,1101.0,1111.0,1128.0,1144.0,1155.0,1163.0,1165.0,1167.0,1170.0,1173.0,1173.0,1174.0,1175.0,1175.0,1175.0,1175.0,1175.0,0,襄阳市,20508774.0,88032.0,6.58,False,592.0,6.3835066348840055
黑龙江省,230600,大庆市,2017-3,1963-11,韩立华,56,False,,,2,1.0,1.0,3.0,5.0,5.0,5.0,5.0,7.0,8.0,8.0,11.0,11.0,11.0,13.0,13.0,13.0,13.0,13.0,14.0,15.0,15.0,18.0,19.0,19.0,20.0,20.0,23.0,26.0,26.0,26.0,26.0,26.0,26.0,26.0,26.0,26.0,26.0,0,大庆市,22907157.0,167420.0,2.4,False,273.0,5.60947179518496
安徽省,341700,池州市,2017-3,1970-5,王宏,49,False,,,2,1.0,1.0,1.0,1.0,1.0,1.0,2.0,4.0,4.0,6.0,6.0,10.0,11.0,11.0,11.0,11.0,12.0,15.0,15.0,16.0,16.0,17.0,17.0,17.0,17.0,17.0,17.0,17.0,17.0,17.0,17.0,17.0,17.0,17.0,17.0,17.0,17.0,0,池州市,3508409.0,52255.0,5.71,False,162.0,5.087596335232384
广东省,440800,湛江市,2017-3,1968-6,郑人豪,51,False,,,2,2.0,2.0,4.0,5.0,7.0,9.0,11.0,11.0,13.0,14.0,14.0,18.0,18.0,19.0,20.0,20.0,21.0,21.0,21.0,21.0,21.0,22.0,22.0,22.0,22.0,22.0,22.0,22.0,22.0,22.0,22.0,22.0,22.0,22.0,22.0,22.0,22.0,0,湛江市,12740693.0,75552.0,7.7,False,839.0,6.732210706467206
四川省,510100,成都市,2017-3,1966-4,范锐平,53,False,,,2,7.0,16.0,22.0,33.0,37.0,46.0,59.0,69.0,72.0,73.0,77.0,87.0,92.0,97.0,102.0,109.0,120.0,123.0,124.0,125.0,131.0,135.0,139.0,140.0,140.0,140.0,141.0,141.0,143.0,143.0,143.0,143.0,143.0,143.0,143.0,143.0,143.0,1,成都市,110100047.0,103757.0,8.7,False,1435.0,7.268920128193722
云南省,530600,昭通市,2017-3,1964-6,杨亚林,55,False,,,2,0.0,0.0,1.0,1.0,2.0,2.0,4.0,6.0,6.0,8.0,8.0,9.0,10.0,10.0,10.0,10.0,12.0,12.0,14.0,14.0,14.0,19.0,25.0,25.0,25.0,25.0,25.0,25.0,25.0,25.0,25.0,25.0,25.0,25.0,25.0,25.0,25.0,0,昭通市,2558688.0,30544.0,9.2,False,619.0,6.428105272684596
新疆维吾尔自治区,650100,乌鲁木齐市,2017-3,1964-11,徐海荣,55,False,,,2,0.0,3.0,3.0,4.0,5.0,6.0,7.0,8.0,8.0,8.0,10.0,12.0,12.0,15.0,18.0,19.0,20.0,20.0,20.0,20.0,21.0,23.0,23.0,23.0,23.0,23.0,23.0,23.0,23.0,23.0,23.0,23.0,23.0,23.0,23.0,23.0,23.0,0,乌鲁木齐市,27075290.0,79892.0,8.11,False,223.0,5.407171771460119
新疆维吾尔自治区,650200,克拉玛依市,2017-3,1963-11,赵文泉,56,False,,,2,0.0,0.0,0.0,0.0,0.0,0.0,0.0,0.0,0.0,0.0,0.0,0.0,0.0,0.0,0.0,0.0,0.0,0.0,0.0,0.0,0.0,0.0,0.0,0.0,0.0,0.0,0.0,0.0,0.0,0.0,0.0,0.0,0.0,0.0,0.0,0.0,0.0,0,克拉玛依市,7445034.0,145798.0,7.5,False,31.0,3.4339872044851463
新疆维吾尔自治区,654200,塔城地区,2017-3,1966-4,薛斌,53,False,,,2,0.0,0.0,0.0,0.0,0.0,0.0,0.0,0.0,0.0,0.0,0.0,0.0,0.0,0.0,0.0,0.0,0.0,0.0,0.0,0.0,0.0,0.0,0.0,0.0,0.0,0.0,0.0,0.0,0.0,0.0,0.0,0.0,0.0,0.0,0.0,0.0,0.0,0,,,,,True,,
新疆维吾尔自治区,654300,阿勒泰地区,2017-3,1962-4,张岩,57,False,,,2,0.0,0.0,0.0,0.0,0.0,0.0,0.0,0.0,0.0,0.0,0.0,0.0,0.0,0.0,0.0,0.0,0.0,0.0,0.0,0.0,0.0,0.0,0.0,0.0,0.0,0.0,0.0,0.0,0.0,0.0,0.0,0.0,0.0,0.0,0.0,0.0,0.0,0,,,,,True,,
安徽省,340200,芜湖市,2017-4,1968-3,潘朝晖,51,False,,,2,0.0,1.0,3.0,6.0,9.0,11.0,14.0,14.0,15.0,16.0,16.0,21.0,23.0,26.0,27.0,29.0,29.0,30.0,31.0,31.0,31.0,31.0,31.0,31.0,31.0,33.0,33.0,33.0,33.0,33.0,33.0,33.0,33.0,33.0,33.0,34.0,34.0,0,芜湖市,19018514.0,114672.0,9.47,False,388.0,5.961005339623274
广东省,441600,河源市,2017-4,1965-1,丁红都,55,False,,,2,0.0,0.0,0.0,0.0,1.0,1.0,1.0,1.0,1.0,1.0,1.0,1.0,1.0,1.0,3.0,3.0,3.0,3.0,3.0,3.0,3.0,3.0,3.0,3.0,4.0,4.0,4.0,4.0,4.0,4.0,4.0,4.0,4.0,4.0,4.0,4.0,4.0,0,河源市,3790678.0,77614.0,4.8,False,373.0,5.921578419643816
广西壮族自治区,450700,钦州市,2017-4,1962-11,王革冰,57,False,,,2,0.0,0.0,0.0,0.0,0.0,0.0,1.0,1.0,1.0,2.0,2.0,3.0,4.0,7.0,7.0,8.0,8.0,8.0,8.0,8.0,8.0,8.0,8.0,8.0,8.0,8.0,8.0,8.0,8.0,8.0,8.0,8.0,8.0,8.0,8.0,8.0,8.0,0,钦州市,5918520.0,46302.0,9.62,False,411.0,6.018593214496234
西藏自治区,540300,昌都市,2017-4,1967-3,阿布,52,False,,,2,0.0,0.0,0.0,0.0,0.0,0.0,0.0,0.0,0.0,0.0,0.0,0.0,0.0,0.0,0.0,0.0,0.0,0.0,0.0,0.0,0.0,0.0,0.0,0.0,0.0,0.0,0.0,0.0,0.0,0.0,0.0,0.0,0.0,0.0,0.0,0.0,0.0,0,昌都市,563394.0,36715.0,10,False,76.0,4.330733340286331
陕西省,610800,榆林市,2017-4,1960-11,戴征社,59,False,,,2,0.0,0.0,0.0,0.0,0.0,0.0,1.0,1.0,1.0,1.0,1.0,1.0,1.0,2.0,2.0,3.0,3.0,3.0,3.0,3.0,3.0,3.0,3.0,3.0,3.0,3.0,3.0,3.0,3.0,3.0,3.0,3.0,3.0,3.0,3.0,3.0,3.0,0,榆林市,6984704.0,106175.0,8.5,False,385.0,5.953243334287785
甘肃省,620400,白银市,2017-4,1966-7,苏君,53,False,,,2,1.0,1.0,1.0,1.0,1.0,1.0,1.0,1.0,1.0,1.0,1.0,1.0,1.0,2.0,4.0,4.0,4.0,4.0,4.0,4.0,4.0,4.0,4.0,4.0,4.0,4.0,4.0,4.0,4.0,4.0,4.0,4.0,4.0,4.0,4.0,4.0,4.0,0,白银市,2679410.0,53863.0,1.3,False,182.0,5.204006687076795
甘肃省,620600,武威市,2017-4,1971-11,柳鹏,48,False,,,2,0.0,0.0,0.0,0.0,0.0,0.0,0.0,0.0,0.0,0.0,0.0,0.0,0.0,0.0,0.0,0.0,0.0,0.0,0.0,0.0,0.0,0.0,0.0,0.0,0.0,0.0,0.0,0.0,0.0,0.0,0.0,0.0,0.0,0.0,0.0,0.0,0.0,0,武威市,2722793.0,26828.0,-2.2,False,190.0,5.247024072160486
新疆维吾尔自治区,650400,吐鲁番市,2017-4,1968-1,张文胜,52,False,,,2,0.0,0.0,0.0,0.0,1.0,1.0,1.0,1.0,1.0,1.0,1.0,1.0,1.0,1.0,1.0,1.0,1.0,1.0,1.0,1.0,1.0,1.0,2.0,3.0,3.0,3.0,3.0,3.0,3.0,3.0,3.0,3.0,3.0,3.0,3.0,3.0,3.0,0,吐鲁番市,854603.0,29925.0,8.27,False,64.0,4.1588830833596715
辽宁省,210200,大连市,2017-4,1968-10,谭作钧,51,True,-12.0,2020-02-05,2,1.0,4.0,4.0,5.0,5.0,5.0,5.0,7.0,10.0,12.0,12.0,13.0,14.0,14.0,14.0,16.0,16.0,16.0,16.0,16.0,17.0,18.0,18.0,19.0,19.0,19.0,19.0,19.0,19.0,19.0,19.0,19.0,19.0,19.0,19.0,19.0,19.0,1,大连市,53917639.0,113675.0,7.31,False,595.0,6.38856140554563
广东省,440300,深圳市,2017-4,1962-3,王伟中,57,True,-15.0,2020-02-08,2,15.0,20.0,31.0,36.0,57.0,80.0,98.0,134.0,170.0,207.0,245.0,271.0,291.0,316.0,339.0,354.0,366.0,369.0,375.0,386.0,391.0,400.0,406.0,414.0,415.0,416.0,416.0,416.0,416.0,417.0,417.0,417.0,417.0,417.0,417.0,417.0,417.0,1,深圳市,224900586.0,184068.0,8.8,False,435.0,6.075346031088684
宁夏回族自治区,640300,吴忠市,2017-4,1963-10,沈左权,56,True,-3.0,2020-01-31,2,0.0,0.0,0.0,0.0,2.0,3.0,5.0,5.0,6.0,7.0,7.0,7.0,7.0,8.0,9.0,9.0,10.0,13.0,15.0,19.0,22.0,25.0,27.0,27.0,27.0,27.0,28.0,28.0,28.0,28.0,28.0,28.0,28.0,28.0,28.0,28.0,28.0,0,吴忠市,1895152.0,45931.0,7.8,False,143.0,4.962844630259907
贵州省,522700,黔南布依族苗族自治州,2017-5,1965-7,唐德智,54,False,,,2,1.0,1.0,1.0,2.0,4.0,4.0,4.0,4.0,4.0,5.0,5.0,6.0,6.0,6.0,7.0,7.0,7.0,8.0,16.0,17.0,17.0,17.0,17.0,17.0,17.0,17.0,17.0,17.0,17.0,17.0,17.0,17.0,17.0,17.0,17.0,17.0,17.0,0,,,,,True,,
云南省,530700,丽江市,2017-5,1965-12,崔茂虎,54,False,,,2,1.0,2.0,2.0,5.0,6.0,6.0,6.0,6.0,6.0,7.0,7.0,7.0,7.0,7.0,7.0,7.0,7.0,7.0,7.0,7.0,7.0,7.0,7.0,7.0,7.0,7.0,7.0,7.0,7.0,7.0,7.0,7.0,7.0,7.0,7.0,7.0,7.0,0,丽江市,1242906.0,56780.0,8.1,False,123.0,4.812184355372417
甘肃省,620700,张掖市,2017-5,1962-9,杨维俊,57,False,,,2,0.0,0.0,0.0,1.0,1.0,2.0,2.0,2.0,2.0,2.0,2.0,2.0,2.0,2.0,2.0,2.0,2.0,2.0,2.0,2.0,2.0,2.0,2.0,2.0,2.0,2.0,2.0,2.0,2.0,2.0,2.0,2.0,2.0,2.0,2.0,2.0,2.0,0,张掖市,1646975.0,31881.0,4.71,False,131.0,4.875197323201151
甘肃省,620800,平凉市,2017-5,1962-8,郭承录,57,False,,,2,0.0,0.0,0.0,0.0,0.0,1.0,1.0,1.0,1.0,1.0,1.0,1.0,1.0,1.0,1.0,4.0,4.0,7.0,8.0,8.0,9.0,9.0,9.0,9.0,9.0,9.0,9.0,9.0,9.0,9.0,9.0,9.0,9.0,9.0,9.0,9.0,9.0,0,平凉市,1286773.0,24334.0,4,False,234.0,5.455321115357702
甘肃省,621100,定西市,2017-5,1963-6,唐晓明,56,False,,,2,0.0,0.0,1.0,1.0,1.0,1.0,2.0,2.0,3.0,3.0,3.0,3.0,3.0,5.0,5.0,8.0,8.0,8.0,8.0,8.0,9.0,9.0,9.0,9.0,9.0,9.0,9.0,9.0,9.0,9.0,9.0,9.0,9.0,9.0,9.0,9.0,9.0,0,定西市,767389.0,17890.0,4.3,False,303.0,5.713732805509369
青海省,632300,黄南藏族自治州,2017-5,1964-10,王振昌,55,False,,,2,0.0,0.0,0.0,0.0,0.0,0.0,0.0,0.0,0.0,0.0,0.0,0.0,0.0,0.0,0.0,0.0,0.0,0.0,0.0,0.0,0.0,0.0,0.0,0.0,0.0,0.0,0.0,0.0,0.0,0.0,0.0,0.0,0.0,0.0,0.0,0.0,0.0,0,,,,,True,,
内蒙古自治区,150400,赤峰市,2017-5,1962-7,段志强,57,True,-19.0,2020-02-13,2,0.0,1.0,1.0,1.0,2.0,2.0,2.0,2.0,2.0,2.0,2.0,2.0,3.0,3.0,4.0,4.0,4.0,4.0,4.0,5.0,5.0,7.0,7.0,9.0,9.0,9.0,9.0,9.0,9.0,9.0,9.0,9.0,9.0,9.0,9.0,9.0,9.0,0,赤峰市,6113256.0,43746.0,3.1,False,460.0,6.131226489483141
内蒙古自治区,150800,巴彦淖尔市,2017-5,1968-10,常志刚,51,True,-15.0,2020-02-13,2,0.0,0.0,0.0,0.0,0.0,1.0,2.0,2.0,3.0,3.0,3.0,3.0,4.0,4.0,4.0,4.0,6.0,6.0,6.0,6.0,6.0,6.0,8.0,8.0,8.0,8.0,8.0,8.0,8.0,8.0,8.0,8.0,8.0,8.0,8.0,8.0,8.0,0,巴彦淖尔市,2421916.0,43728.0,3.6,False,174.0,5.159055299214529
黑龙江省,230100,哈尔滨市,2017-5,1962-12,王兆力,57,True,-11.0,2020-02-04,2,1.0,6.0,8.0,8.0,10.0,11.0,13.0,18.0,25.0,34.0,45.0,63.0,73.0,82.0,94.0,100.0,114.0,128.0,146.0,150.0,159.0,164.0,167.0,182.0,188.0,190.0,192.0,194.0,197.0,197.0,198.0,198.0,198.0,198.0,198.0,198.0,198.0,1,哈尔滨市,47127585.0,85567.0,7.6,False,955.0,6.86171134048073
四川省,511900,巴中市,2017-6,1967-10,罗增斌,52,False,,,2,0.0,0.0,0.0,0.0,0.0,2.0,4.0,5.0,8.0,8.0,12.0,12.0,15.0,19.0,20.0,21.0,21.0,22.0,22.0,22.0,22.0,24.0,24.0,24.0,24.0,24.0,24.0,24.0,24.0,24.0,24.0,24.0,24.0,24.0,24.0,24.0,24.0,0,巴中市,2169990.0,18292.0,8.5,False,376.0,5.929589143389895
西藏自治区,540500,山南市,2017-6,1963-7,许成仓,56,False,,,2,0.0,0.0,0.0,0.0,0.0,0.0,0.0,0.0,0.0,0.0,0.0,0.0,0.0,0.0,0.0,0.0,0.0,0.0,0.0,0.0,0.0,0.0,0.0,0.0,0.0,0.0,0.0,0.0,0.0,0.0,0.0,0.0,0.0,0.0,0.0,0.0,0.0,0,山南市,493693.0,67788.0,10.2,False,35.0,3.5553480614894135
陕西省,610300,宝鸡市,2017-6,1965-8,徐启方,54,False,,,2,0.0,0.0,0.0,0.0,3.0,4.0,4.0,4.0,6.0,7.0,8.0,10.0,10.0,10.0,12.0,12.0,13.0,13.0,13.0,13.0,13.0,13.0,13.0,13.0,13.0,13.0,13.0,13.0,13.0,13.0,13.0,13.0,13.0,13.0,13.0,13.0,13.0,0,宝鸡市,10803650.0,73939.0,8.1,False,381.0,5.942799375126701
宁夏回族自治区,640400,固原市,2017-6,1968-2,张柱,52,False,,,2,0.0,1.0,1.0,1.0,1.0,1.0,1.0,2.0,2.0,2.0,2.0,2.0,2.0,2.0,2.0,2.0,2.0,3.0,3.0,3.0,5.0,5.0,5.0,5.0,5.0,5.0,5.0,5.0,5.0,5.0,5.0,5.0,5.0,5.0,5.0,5.0,5.0,0,固原市,1176599.0,27929.0,8,False,151.0,5.017279836814924
宁夏回族自治区,640500,中卫市,2017-6,1965-10,何健,54,False,,,2,1.0,1.0,1.0,1.0,1.0,1.0,1.0,2.0,2.0,2.0,2.0,3.0,3.0,3.0,3.0,3.0,3.0,3.0,3.0,3.0,3.0,3.0,3.0,3.0,3.0,3.0,3.0,3.0,3.0,3.0,3.0,3.0,3.0,3.0,4.0,4.0,4.0,0,中卫市,1716928.0,42041.0,7.9,False,122.0,4.804021044733257
山西省,140100,太原市,2017-6,1963-10,罗清宇,56,False,,,2,1.0,2.0,2.0,2.0,3.0,3.0,3.0,4.0,4.0,6.0,6.0,6.0,9.0,9.0,11.0,12.0,15.0,17.0,18.0,18.0,18.0,18.0,19.0,19.0,19.0,19.0,19.0,19.0,20.0,20.0,20.0,20.0,20.0,20.0,20.0,20.0,20.0,0,太原市,31483179.0,88340.0,7.7,False,369.0,5.910796644040527
宁夏回族自治区,640100,银川市,2017-6,1960-8,姜志刚,59,True,-7.0,2020-01-31,2,1.0,1.0,2.0,5.0,7.0,7.0,9.0,11.0,15.0,16.0,19.0,20.0,20.0,25.0,27.0,29.0,28.0,28.0,30.0,31.0,32.0,32.0,33.0,33.0,33.0,33.0,33.0,33.0,33.0,33.0,33.0,33.0,33.0,33.0,33.0,33.0,34.0,0,银川市,11039244.0,77927.0,7.5,False,189.0,5.241747015059643
福建省,350100,福州市,2017-6,1961-4,王宁,58,True,-11.0,2020-02-04,2,5.0,6.0,13.0,18.0,24.0,24.0,30.0,32.0,39.0,44.0,47.0,53.0,55.0,56.0,57.0,59.0,62.0,63.0,63.0,64.0,64.0,66.0,66.0,68.0,69.0,71.0,71.0,71.0,71.0,71.0,71.0,71.0,71.0,71.0,72.0,72.0,72.0,0,福州市,43005530.0,111092.0,8.9,False,693.0,6.541029999189903
安徽省,341100,滁州市,2017-7,1964-10,张祥安,55,False,,,2,1.0,2.0,2.0,2.0,4.0,4.0,4.0,4.0,6.0,6.0,8.0,11.0,11.0,11.0,11.0,11.0,11.0,12.0,12.0,12.0,13.0,13.0,13.0,13.0,13.0,13.0,13.0,13.0,13.0,13.0,13.0,13.0,13.0,13.0,13.0,13.0,13.0,0,滁州市,4329164.0,73807.0,11,False,454.0,6.118097198041348
湖南省,430100,长沙市,2017-7,1963-6,胡衡华,56,False,,,2,8.0,8.0,18.0,22.0,24.0,46.0,57.0,68.0,86.0,112.0,125.0,148.0,164.0,179.0,190.0,196.0,205.0,213.0,219.0,223.0,228.0,238.0,241.0,241.0,241.0,241.0,241.0,242.0,242.0,242.0,242.0,242.0,242.0,242.0,242.0,242.0,242.0,0,长沙市,63903360.0,152441.0,8.3,False,709.0,6.5638555265321274
湖南省,430700,常德市,2017-7,1966-2,周德睿,53,False,,,2,0.0,3.0,7.0,12.0,19.0,26.0,30.0,37.0,39.0,42.0,45.0,50.0,56.0,62.0,64.0,66.0,66.0,72.0,73.0,75.0,77.0,78.0,78.0,79.0,79.0,79.0,79.0,79.0,80.0,80.0,82.0,82.0,82.0,82.0,82.0,82.0,82.0,0,常德市,16105239.0,102869.0,7.8,False,606.0,6.406879986069314
四川省,511400,眉山市,2017-7,1962-8,慕新海,57,False,,,2,0.0,0.0,1.0,1.0,1.0,1.0,2.0,2.0,2.0,2.0,3.0,5.0,5.0,5.0,5.0,6.0,7.0,7.0,7.0,8.0,8.0,8.0,8.0,8.0,8.0,8.0,8.0,8.0,8.0,8.0,8.0,8.0,8.0,8.0,8.0,8.0,8.0,0,眉山市,5546799.0,47875.0,5.6,False,345.0,5.84354441703136
云南省,532600,文山壮族苗族自治州,2017-7,1964-5,童志云,55,False,,,2,0.0,0.0,0.0,0.0,0.0,0.0,0.0,0.0,0.0,0.0,0.0,1.0,1.0,1.0,1.0,1.0,1.0,2.0,2.0,2.0,2.0,2.0,2.0,2.0,2.0,2.0,2.0,2.0,2.0,2.0,2.0,2.0,2.0,2.0,2.0,2.0,2.0,0,,,,,True,,
江苏省,320100,南京市,2017-7,1962-7,张敬华,57,True,-11.0,2020-02-04,2,3.0,4.0,7.0,7.0,10.0,14.0,19.0,25.0,28.0,35.0,40.0,44.0,47.0,52.0,57.0,65.0,71.0,78.0,84.0,87.0,90.0,91.0,91.0,92.0,92.0,92.0,93.0,93.0,93.0,93.0,93.0,93.0,93.0,93.0,93.0,93.0,93.0,1,南京市,117151000.0,141103.0,8.1,False,681.0,6.523562306149512
贵州省,522300,黔西南布依族苗族自治州,2017-8,1967-8,刘文新,52,False,,,2,0.0,0.0,1.0,1.0,1.0,1.0,1.0,1.0,1.0,1.0,1.0,3.0,3.0,3.0,3.0,4.0,4.0,4.0,4.0,4.0,4.0,4.0,4.0,4.0,4.0,4.0,4.0,4.0,4.0,4.0,4.0,4.0,4.0,4.0,4.0,4.0,4.0,0,,,,,True,,
云南省,532300,楚雄彝族自治州,2017-8,1966-9,杨斌,53,False,,,2,0.0,0.0,0.0,0.0,0.0,0.0,0.0,0.0,0.0,2.0,2.0,4.0,4.0,4.0,4.0,4.0,4.0,4.0,4.0,4.0,4.0,4.0,4.0,4.0,4.0,4.0,4.0,4.0,4.0,4.0,4.0,4.0,4.0,4.0,4.0,4.0,4.0,0,,,,,True,,
云南省,533300,怒江傈僳族自治州,2017-8,1968-5,纳云德,51,False,,,2,0.0,0.0,0.0,0.0,0.0,0.0,0.0,0.0,0.0,0.0,0.0,0.0,0.0,0.0,0.0,0.0,0.0,0.0,0.0,0.0,0.0,0.0,0.0,0.0,0.0,0.0,0.0,0.0,0.0,0.0,0.0,0.0,0.0,0.0,0.0,0.0,0.0,0,,,,,True,,
青海省,630200,海东市,2017-8,1963-11,鸟成云,56,False,,,2,0.0,0.0,0.0,0.0,0.0,0.0,0.0,0.0,0.0,0.0,0.0,0.0,0.0,0.0,0.0,0.0,0.0,0.0,0.0,0.0,0.0,0.0,0.0,0.0,0.0,0.0,0.0,0.0,0.0,0.0,0.0,0.0,0.0,0.0,0.0,0.0,0.0,0,海东市,1653467.0,98134.0,7.5,False,172.0,5.147494476813453
河北省,131100,衡水市,2017-9,1963-8,王景武,56,False,,,2,0.0,0.0,0.0,0.0,2.0,3.0,4.0,4.0,4.0,4.0,4.0,5.0,5.0,7.0,7.0,7.0,8.0,8.0,8.0,8.0,8.0,8.0,8.0,8.0,8.0,8.0,8.0,8.0,8.0,8.0,8.0,8.0,8.0,8.0,8.0,8.0,8.0,0,衡水市,5534965.0,57615.0,7.2,False,454.0,6.118097198041348
河南省,411100,漯河市,2018-1,1968-10,蒿慧杰,51,False,,,2,0.0,0.0,3.0,6.0,9.0,9.0,11.0,13.0,14.0,16.0,20.0,23.0,24.0,26.0,26.0,29.0,30.0,30.0,31.0,33.0,33.0,33.0,34.0,34.0,34.0,34.0,34.0,35.0,35.0,35.0,35.0,35.0,35.0,35.0,35.0,35.0,35.0,0,漯河市,7027980.0,51980.0,8.2,False,267.0,5.58724865840025
甘肃省,620200,嘉峪关市,2018-1,1962-10,李忠科,57,False,,,2,0.0,0.0,0.0,0.0,0.0,0.0,0.0,0.0,0.0,0.0,0.0,0.0,0.0,0.0,0.0,0.0,0.0,0.0,0.0,0.0,0.0,0.0,0.0,0.0,0.0,0.0,0.0,0.0,0.0,0.0,0.0,0.0,0.0,0.0,0.0,0.0,0.0,0,嘉峪关市,2996200.0,,,False,21.0,3.044522437723423
甘肃省,620900,酒泉市,2018-1,1963-1,吴仰东,57,False,,,2,0.0,0.0,0.0,0.0,0.0,0.0,0.0,0.0,0.0,0.0,0.0,0.0,0.0,0.0,0.0,0.0,0.0,0.0,0.0,0.0,0.0,0.0,0.0,0.0,0.0,0.0,0.0,0.0,0.0,0.0,0.0,0.0,0.0,0.0,0.0,0.0,0.0,0,酒泉市,1687479.0,40257.0,2.5,False,99.0,4.59511985013459
新疆维吾尔自治区,652300,昌吉回族自治州,2018-1,1965-1,王国和,55,False,,,2,0.0,0.0,0.0,0.0,0.0,0.0,0.0,0.0,0.0,0.0,0.0,1.0,2.0,2.0,2.0,2.0,2.0,3.0,4.0,4.0,4.0,4.0,4.0,4.0,4.0,4.0,4.0,4.0,4.0,4.0,4.0,4.0,4.0,4.0,4.0,4.0,4.0,0,,,,,True,,
山西省,140600,朔州市,2018-1,1963-8,陈振亮,56,False,,,2,0.0,0.0,0.0,2.0,2.0,2.0,3.0,3.0,3.0,3.0,3.0,3.0,4.0,4.0,4.0,4.0,6.0,7.0,7.0,7.0,7.0,7.0,7.0,7.0,7.0,8.0,8.0,8.0,8.0,8.0,8.0,8.0,8.0,8.0,8.0,8.0,8.0,0,朔州市,4583205.0,127482.0,,False,164.0,5.099866427824199
河南省,411000,许昌市,2018-10,1963-6,胡五岳,56,False,,,1,0.0,0.0,0.0,1.0,2.0,2.0,3.0,8.0,12.0,13.0,15.0,19.0,24.0,26.0,28.0,30.0,31.0,31.0,32.0,34.0,34.0,37.0,37.0,38.0,38.0,38.0,39.0,39.0,39.0,39.0,39.0,39.0,39.0,39.0,39.0,39.0,39.0,0,许昌市,7495540.0,57640.0,8.8,False,508.0,6.230481447578482
广东省,441700,阳江市,2018-10,1962-5,焦兰生,57,False,,,1,3.0,5.0,8.0,8.0,9.0,10.0,10.0,10.0,10.0,10.0,10.0,12.0,12.0,13.0,13.0,13.0,13.0,13.0,13.0,13.0,13.0,13.0,13.0,13.0,13.0,13.0,13.0,13.0,13.0,13.0,13.0,14.0,14.0,14.0,14.0,14.0,14.0,0,阳江市,7094626.0,60119.0,6.5,False,297.0,5.6937321388027
四川省,510500,泸州市,2018-10,1965-8,刘强,54,False,,,1,0.0,1.0,2.0,3.0,4.0,5.0,5.0,5.0,5.0,6.0,7.0,9.0,10.0,12.0,13.0,13.0,16.0,17.0,18.0,19.0,19.0,19.0,19.0,19.0,19.0,19.0,20.0,24.0,24.0,24.0,24.0,24.0,24.0,24.0,24.0,24.0,24.0,0,泸州市,8407557.0,57669.0,9.7,False,510.0,6.234410725718371
宁夏回族自治区,640200,石嘴山市,2018-10,1963-2,王文宇,57,False,,,1,0.0,0.0,0.0,0.0,0.0,0.0,0.0,0.0,0.0,0.0,0.0,1.0,1.0,1.0,1.0,1.0,1.0,1.0,1.0,1.0,1.0,1.0,1.0,1.0,1.0,1.0,1.0,1.0,1.0,1.0,1.0,1.0,1.0,1.0,1.0,1.0,1.0,0,石嘴山市,3771905.0,73860.0,7,False,74.0,4.30406509320417
辽宁省,210300,鞍山市,2018-10,1962-5,韩玉起,57,True,-4.0,2020-02-05,1,0.0,0.0,0.0,0.0,0.0,0.0,0.0,0.0,1.0,1.0,1.0,1.0,1.0,3.0,3.0,3.0,3.0,3.0,3.0,3.0,3.0,4.0,4.0,4.0,4.0,4.0,4.0,4.0,4.0,4.0,4.0,4.0,4.0,4.0,4.0,4.0,4.0,0,鞍山市,8640987.0,,6.61,False,344.0,5.840641657373398
海南省,460200,三亚市,2018-11,1967-10,童道驰,52,False,,,1,2.0,6.0,8.0,11.0,14.0,14.0,14.0,14.0,15.0,17.0,18.0,18.0,22.0,30.0,34.0,37.0,41.0,43.0,46.0,54.0,54.0,54.0,54.0,54.0,54.0,54.0,54.0,54.0,54.0,54.0,54.0,54.0,54.0,54.0,54.0,54.0,54.0,0,三亚市,5298048.0,69780.0,7.6,False,59.0,4.07753744390572
新疆维吾尔自治区,650500,哈密市,2018-11,1968-1,李成辉,52,False,,,1,0.0,0.0,0.0,0.0,0.0,0.0,0.0,0.0,0.0,0.0,0.0,0.0,0.0,0.0,0.0,0.0,0.0,0.0,0.0,0.0,0.0,0.0,0.0,0.0,0.0,0.0,0.0,0.0,0.0,0.0,0.0,0.0,0.0,0.0,0.0,0.0,0.0,0,哈密市,3591681.0,73077.0,7.3,False,56.0,4.02535169073515
辽宁省,210100,沈阳市,2018-11,1961-7,张雷,58,True,-12.0,2020-02-05,1,2.0,5.0,6.0,7.0,8.0,9.0,9.0,10.0,13.0,17.0,15.0,18.0,23.0,23.0,25.0,26.0,26.0,26.0,27.0,28.0,28.0,28.0,28.0,28.0,28.0,28.0,28.0,28.0,28.0,28.0,28.0,28.0,28.0,28.0,28.0,28.0,28.0,1,沈阳市,51481026.0,74567.0,3,False,737.0,6.602587892189336
吉林省,220400,辽源市,2018-11,1964-10,柴伟,55,False,,,1,0.0,0.0,0.0,0.0,0.0,0.0,0.0,0.0,0.0,0.0,0.0,3.0,3.0,5.0,5.0,6.0,6.0,6.0,6.0,6.0,6.0,6.0,7.0,7.0,7.0,7.0,7.0,7.0,7.0,7.0,7.0,7.0,7.0,7.0,7.0,7.0,7.0,0,辽源市,4251037.0,92788.0,2.23,False,118.0,4.770684624465665
湖北省,421300,随州市,2018-11,1966-5,陈瑞峰,53,True,-13.0,2020-02-07,1,0.0,5.0,36.0,52.0,70.0,116.0,143.0,228.0,304.0,384.0,458.0,641.0,706.0,834.0,915.0,953.0,984.0,1049.0,1095.0,1129.0,1160.0,1206.0,1232.0,1254.0,1267.0,1278.0,1280.0,1283.0,1287.0,1296.0,1300.0,1303.0,1305.0,1306.0,1307.0,1307.0,1307.0,0,随州市,4346800.0,68664.0,7.54,False,250.0,5.521460917862246
黑龙江省,230700,伊春市,2018-12,1962-9,赵万山,57,False,,,1,0.0,0.0,0.0,0.0,0.0,0.0,0.0,0.0,0.0,0.0,0.0,0.0,0.0,0.0,0.0,0.0,0.0,0.0,0.0,0.0,0.0,1.0,1.0,1.0,1.0,1.0,1.0,1.0,1.0,1.0,1.0,1.0,1.0,1.0,1.0,1.0,1.0,0,伊春市,1650320.0,22214.0,6.99,False,116.0,4.7535901911063645
山东省,370700,潍坊市,2018-12,1963-6,惠新安,56,False,,,1,1.0,1.0,2.0,3.0,3.0,5.0,7.0,8.0,9.0,11.0,13.0,14.0,16.0,21.0,27.0,31.0,36.0,37.0,38.0,38.0,41.0,41.0,42.0,43.0,44.0,44.0,44.0,44.0,44.0,44.0,44.0,44.0,44.0,44.0,44.0,44.0,44.0,0,潍坊市,17510000.0,79721.0,9.4,False,908.0,6.811244378601294
广东省,440200,韶关市,2018-12,1965-9,李红军,54,False,,,1,3.0,3.0,4.0,4.0,4.0,4.0,4.0,4.0,4.0,5.0,5.0,6.0,6.0,6.0,6.0,6.0,6.0,6.0,7.0,7.0,8.0,8.0,10.0,10.0,10.0,10.0,10.0,10.0,10.0,10.0,10.0,10.0,10.0,10.0,10.0,10.0,10.0,0,韶关市,6383211.0,61271.0,7.8,False,335.0,5.814130531825066
江苏省,320700,连云港市,2018-2,1963-12,项雪龙,56,False,,,1,1.0,1.0,3.0,3.0,3.0,3.0,6.0,9.0,13.0,13.0,14.0,17.0,20.0,22.0,24.0,27.0,32.0,35.0,37.0,39.0,42.0,45.0,46.0,48.0,48.0,48.0,48.0,48.0,48.0,48.0,48.0,48.0,48.0,48.0,48.0,48.0,48.0,0,连云港市,14478400.0,69127.0,7.5,False,533.0,6.278521424165844
浙江省,330500,湖州市,2018-2,1966-1,马晓晖,54,False,,,1,0.0,0.0,1.0,3.0,3.0,5.0,5.0,6.0,6.0,6.0,9.0,9.0,9.0,9.0,9.0,10.0,10.0,10.0,10.0,10.0,10.0,10.0,10.0,10.0,10.0,10.0,10.0,10.0,10.0,10.0,10.0,10.0,10.0,10.0,10.0,10.0,10.0,0,湖州市,10857320.0,81370.0,8.87,False,266.0,5.583496308781699
浙江省,330600,绍兴市,2018-2,1962-10,马卫光,57,False,,,1,1.0,4.0,5.0,6.0,7.0,19.0,19.0,23.0,24.0,27.0,30.0,30.0,30.0,33.0,34.0,36.0,38.0,41.0,41.0,41.0,41.0,42.0,42.0,42.0,42.0,42.0,42.0,42.0,42.0,42.0,42.0,42.0,42.0,42.0,42.0,42.0,42.0,0,绍兴市,29516779.0,107555.0,7.04,False,446.0,6.100318952020064
浙江省,330700,金华市,2018-2,1964-7,陈龙,55,False,,,1,1.0,2.0,3.0,5.0,7.0,13.0,20.0,27.0,34.0,34.0,36.0,40.0,44.0,47.0,48.0,52.0,53.0,53.0,53.0,54.0,55.0,55.0,55.0,55.0,55.0,55.0,55.0,55.0,55.0,55.0,55.0,55.0,55.0,55.0,55.0,55.0,55.0,0,金华市,7413927.0,65000.0,6.28,False,486.0,6.186208623900494
浙江省,330800,衢州市,2018-2,1968-10,徐文光,51,False,,,1,2.0,2.0,3.0,5.0,5.0,8.0,10.0,12.0,13.0,13.0,14.0,15.0,15.0,15.0,15.0,15.0,15.0,15.0,21.0,21.0,21.0,21.0,21.0,21.0,21.0,21.0,21.0,21.0,14.0,14.0,14.0,14.0,14.0,14.0,14.0,14.0,14.0,0,衢州市,6022312.0,72664.0,10.1,False,258.0,5.552959584921617
广西壮族自治区,450400,梧州市,2018-2,1964-3,全桂寿,55,False,,,1,1.0,1.0,2.0,2.0,4.0,4.0,4.0,4.0,5.0,5.0,5.0,5.0,5.0,5.0,5.0,5.0,5.0,5.0,5.0,5.0,5.0,5.0,5.0,5.0,5.0,5.0,5.0,5.0,5.0,5.0,5.0,5.0,5.0,5.0,5.0,5.0,5.0,0,梧州市,6247607.0,76837.0,2.5,False,349.0,5.855071922202427
广西壮族自治区,450900,玉林市,2018-2,1965-1,黄海昆,55,False,,,1,0.0,1.0,1.0,2.0,2.0,2.0,2.0,4.0,5.0,7.0,8.0,8.0,8.0,8.0,8.0,9.0,9.0,9.0,9.0,9.0,9.0,9.0,10.0,10.0,10.0,10.0,11.0,11.0,11.0,11.0,11.0,11.0,11.0,11.0,11.0,11.0,11.0,0,玉林市,4928736.0,43786.0,8.69,False,724.0,6.584791392385716
山西省,140400,长治市,2018-2,1968-3,孙大军,51,False,,,1,0.0,1.0,1.0,1.0,1.0,1.0,3.0,3.0,3.0,3.0,3.0,3.0,3.0,5.0,5.0,5.0,7.0,7.0,7.0,8.0,8.0,8.0,8.0,8.0,8.0,8.0,8.0,8.0,8.0,8.0,8.0,8.0,8.0,8.0,8.0,8.0,8.0,0,长治市,3909537.0,48705.0,2.5,False,338.0,5.823045895483019
辽宁省,211100,盘锦市,2018-2,1963-10,付忠伟,56,True,-10.0,2020-02-05,1,0.0,0.0,1.0,2.0,2.0,2.0,3.0,4.0,7.0,6.0,8.0,8.0,8.0,11.0,11.0,11.0,11.0,11.0,11.0,11.0,11.0,11.0,11.0,11.0,11.0,11.0,11.0,11.0,11.0,11.0,11.0,11.0,11.0,11.0,11.0,11.0,11.0,0,盘锦市,9736271.0,83252.0,5.1,False,130.0,4.867534450455582
吉林省,220200,吉林市,2018-2,1967-1,王庭凯,53,False,,,1,1.0,2.0,1.0,2.0,3.0,3.0,3.0,3.0,3.0,3.0,4.0,5.0,5.0,5.0,5.0,5.0,5.0,5.0,5.0,5.0,5.0,5.0,5.0,5.0,5.0,5.0,5.0,5.0,5.0,5.0,5.0,5.0,5.0,5.0,5.0,5.0,5.0,0,吉林市,13344871.0,74221.0,3.2,False,415.0,6.028278520230698
黑龙江省,230500,双鸭山市,2018-2,1963-10,宋宏伟,56,False,,,1,0.0,0.0,0.0,1.0,1.0,1.0,1.0,1.0,2.0,4.0,7.0,12.0,16.0,20.0,36.0,36.0,38.0,38.0,38.0,39.0,39.0,48.0,48.0,49.0,50.0,52.0,52.0,52.0,52.0,52.0,52.0,52.0,52.0,52.0,52.0,52.0,52.0,0,双鸭山市,1213525.0,24783.0,2.4,False,94.0,4.543294782270004
广西壮族自治区,450600,防城港市,2018-2,1963-4,李延强,56,True,-14.0,2020-02-08,1,0.0,2.0,2.0,3.0,3.0,5.0,5.0,7.0,8.0,8.0,9.0,11.0,13.0,15.0,15.0,16.0,16.0,17.0,17.0,17.0,17.0,17.0,17.0,18.0,18.0,18.0,18.0,19.0,19.0,19.0,19.0,19.0,19.0,19.0,19.0,19.0,19.0,0,防城港市,5657685.0,100438.0,7.3,False,98.0,4.584967478670572
广东省,440400,珠海市,2018-3,1965-10,郭永航,54,False,,,1,8.0,10.0,12.0,12.0,12.0,18.0,26.0,34.0,38.0,47.0,55.0,64.0,72.0,73.0,76.0,83.0,83.0,85.0,86.0,87.0,89.0,91.0,95.0,96.0,97.0,98.0,98.0,98.0,98.0,98.0,98.0,98.0,98.0,98.0,98.0,98.0,98.0,0,珠海市,26751795.0,155502.0,10.8,False,119.0,4.77912349311153
广东省,441800,清远市,2018-3,1960-9,郭锋,59,False,,,1,1.0,2.0,3.0,3.0,6.0,6.0,6.0,6.0,6.0,6.0,7.0,8.0,10.0,10.0,10.0,10.0,10.0,10.0,10.0,12.0,12.0,12.0,12.0,12.0,12.0,12.0,12.0,12.0,12.0,12.0,12.0,12.0,12.0,12.0,12.0,12.0,12.0,0,清远市,7754930.0,49267.0,4.37,False,437.0,6.07993319509559
广东省,441900,东莞市,2018-3,1962-10,梁维东,57,False,,,1,0.0,1.0,2.0,2.0,7.0,7.0,11.0,16.0,21.0,27.0,31.0,37.0,44.0,47.0,53.0,56.0,58.0,60.0,62.0,67.0,70.0,73.0,81.0,89.0,89.0,91.0,91.0,92.0,93.0,93.0,94.0,96.0,97.0,97.0,97.0,98.0,99.0,0,东莞市,82785900.0,,,False,211.0,5.351858133476067
新疆维吾尔自治区,653200,和田地区,2018-3,1971-2,杨发森,49,False,,,1,0.0,0.0,0.0,0.0,0.0,0.0,0.0,0.0,0.0,0.0,0.0,0.0,0.0,0.0,0.0,0.0,0.0,0.0,0.0,0.0,0.0,0.0,0.0,0.0,0.0,0.0,0.0,0.0,0.0,0.0,0.0,0.0,0.0,0.0,0.0,0.0,0.0,0,,,,,True,,
内蒙古自治区,150700,呼伦贝尔市,2018-3,1965-11,于立新,54,True,-19.0,2020-02-13,1,0.0,1.0,2.0,2.0,2.0,2.0,2.0,1.0,2.0,2.0,2.0,3.0,3.0,5.0,5.0,5.0,5.0,5.0,5.0,6.0,6.0,6.0,6.0,6.0,6.0,6.0,7.0,7.0,7.0,7.0,7.0,7.0,7.0,7.0,7.0,7.0,7.0,0,呼伦贝尔市,3047356.0,58996.0,0.1,False,260.0,5.560681631015528
福建省,350500,泉州市,2018-3,1963-4,康涛,56,True,-12.0,2020-02-05,1,1.0,3.0,5.0,10.0,13.0,13.0,18.0,22.0,24.0,29.0,31.0,35.0,37.0,39.0,40.0,40.0,42.0,42.0,43.0,43.0,44.0,44.0,46.0,46.0,46.0,46.0,46.0,46.0,46.0,46.0,46.0,46.0,47.0,47.0,47.0,47.0,47.0,0,泉州市,17587544.0,113012.0,8.42,False,742.0,6.60934924316738
江西省,360400,九江市,2018-3,1963-9,林彬杨,56,True,-13.0,2020-02-06,1,1.0,2.0,2.0,4.0,9.0,16.0,31.0,42.0,43.0,55.0,64.0,78.0,86.0,92.0,95.0,97.0,100.0,101.0,101.0,105.0,109.0,114.0,115.0,117.0,117.0,118.0,118.0,118.0,118.0,118.0,118.0,118.0,118.0,118.0,118.0,118.0,118.0,0,九江市,10076908.0,98917.0,9.14,False,520.0,6.253828811575473
江西省,360600,鹰潭市,2018-3,1962-10,郭安,57,True,-9.0,2020-02-06,1,0.0,0.0,0.0,0.0,1.0,1.0,3.0,4.0,4.0,8.0,8.0,8.0,9.0,9.0,10.0,11.0,11.0,12.0,14.0,18.0,18.0,18.0,18.0,18.0,18.0,18.0,18.0,18.0,18.0,18.0,18.0,18.0,18.0,18.0,18.0,18.0,18.0,0,鹰潭市,2307944.0,104574.0,7.9,False,128.0,4.852030263919617
江苏省,320900,盐城市,2018-4,1962-1,戴源,58,False,,,1,0.0,1.0,1.0,1.0,1.0,6.0,6.0,8.0,13.0,15.0,15.0,15.0,15.0,16.0,16.0,17.0,17.0,18.0,18.0,21.0,25.0,26.0,27.0,27.0,27.0,27.0,27.0,27.0,27.0,27.0,27.0,27.0,27.0,27.0,27.0,27.0,27.0,0,盐城市,20373200.0,85756.0,6,False,826.0,6.716594773520978
江苏省,321300,宿迁市,2018-4,1964-2,张爱军,56,False,,,1,0.0,1.0,1.0,1.0,3.0,4.0,4.0,7.0,8.0,8.0,9.0,10.0,11.0,11.0,12.0,12.0,12.0,12.0,12.0,12.0,12.0,12.0,12.0,13.0,13.0,13.0,13.0,13.0,13.0,13.0,13.0,13.0,13.0,13.0,13.0,13.0,13.0,0,宿迁市,9464340.0,59102.0,7.7,False,591.0,6.3818160174060985
福建省,350900,宁德市,2018-4,1968-1,郭锡文,52,False,,,1,1.0,2.0,3.0,6.0,6.0,7.0,8.0,9.0,9.0,9.0,12.0,12.0,14.0,16.0,16.0,21.0,23.0,24.0,24.0,24.0,25.0,25.0,25.0,25.0,25.0,25.0,26.0,26.0,26.0,26.0,26.0,26.0,26.0,26.0,26.0,26.0,26.0,0,宁德市,3906094.0,87385.0,10.53,False,351.0,5.860786223465865
山东省,370600,烟台市,2018-4,1964-1,张术平,56,False,,,1,2.0,2.0,2.0,8.0,10.0,12.0,13.0,18.0,20.0,20.0,26.0,26.0,27.0,30.0,34.0,35.0,37.0,39.0,41.0,43.0,46.0,46.0,46.0,46.0,47.0,47.0,47.0,47.0,47.0,47.0,47.0,47.0,47.0,47.0,47.0,47.0,47.0,0,烟台市,32506652.0,153061.0,7.6,False,654.0,6.483107351457199
陕西省,610200,铜川市,2018-4,1962-7,杨长亚,57,False,,,1,0.0,3.0,5.0,5.0,5.0,5.0,5.0,5.0,5.0,6.0,7.0,7.0,7.0,7.0,8.0,8.0,8.0,8.0,8.0,8.0,8.0,8.0,8.0,8.0,8.0,8.0,8.0,8.0,8.0,8.0,8.0,8.0,8.0,8.0,8.0,8.0,8.0,0,铜川市,3105440.0,41533.0,7.5,False,83.0,4.418840607796598
江苏省,320300,徐州市,2018-4,1962-11,周铁根,57,True,-8.0,2020-02-04,1,0.0,0.0,0.0,3.0,8.0,8.0,15.0,20.0,23.0,30.0,36.0,39.0,45.0,45.0,49.0,52.0,56.0,60.0,63.0,66.0,71.0,76.0,77.0,78.0,79.0,79.0,79.0,79.0,79.0,79.0,79.0,79.0,79.0,79.0,79.0,79.0,79.0,0,徐州市,33978846.0,103339.0,5.1,False,1039.0,6.946013991099227
山东省,370800,济宁市,2018-4,1964-11,傅明先,55,True,-10.0,2020-02-03,1,1.0,2.0,5.0,5.0,5.0,5.0,8.0,8.0,11.0,14.0,18.0,21.0,25.0,32.0,35.0,38.0,39.0,39.0,41.0,42.0,43.0,46.0,49.0,51.0,52.0,52.0,52.0,52.0,253.0,253.0,257.0,257.0,258.0,258.0,258.0,258.0,258.0,0,济宁市,17934002.0,103366.0,5.65,False,883.0,6.78332520060396
贵州省,520100,贵阳市,2018-5,1963-9,赵德明,56,False,,,1,1.0,1.0,1.0,1.0,1.0,1.0,1.0,4.0,4.0,6.0,7.0,10.0,12.0,15.0,18.0,18.0,24.0,27.0,29.0,31.0,33.0,34.0,34.0,34.0,36.0,36.0,36.0,36.0,36.0,36.0,36.0,36.0,36.0,36.0,36.0,36.0,36.0,0,贵阳市,26760750.0,79295.0,11.8,False,408.0,6.0112671744041615
浙江省,330100,杭州市,2018-5,1967-9,周江勇,52,True,-11.0,2020-02-04,1,6.0,12.0,27.0,27.0,32.0,51.0,69.0,85.0,98.0,110.0,118.0,132.0,141.0,151.0,156.0,162.0,165.0,155.0,157.0,159.0,162.0,165.0,166.0,166.0,168.0,168.0,169.0,169.0,169.0,169.0,169.0,169.0,169.0,169.0,169.0,169.0,169.0,1,杭州市,116214609.0,148794.0,8.21,False,754.0,6.625392368007956
浙江省,330300,温州市,2018-5,1966-6,陈伟俊,53,True,-9.0,2020-02-02,1,6.0,10.0,18.0,32.0,60.0,114.0,172.0,227.0,241.0,265.0,291.0,340.0,364.0,396.0,421.0,438.0,448.0,464.0,474.0,481.0,490.0,496.0,499.0,502.0,503.0,504.0,504.0,504.0,504.0,504.0,504.0,504.0,504.0,504.0,504.0,504.0,504.0,0,温州市,21810810.0,72524.0,7.41,False,825.0,6.715383386334681
山东省,370500,东营市,2018-5,1963-10,李宽端,56,True,20.0,2020-01-30,1,0.0,0.0,0.0,0.0,0.0,0.0,0.0,0.0,0.0,0.0,0.0,0.0,0.0,0.0,0.0,0.0,0.0,0.0,0.0,0.0,0.0,0.0,0.0,0.0,0.0,0.0,0.0,0.0,0.0,0.0,0.0,0.0,0.0,0.0,0.0,0.0,0.0,0,东营市,26365857.0,200022.0,6.1,False,195.0,5.272999558563747
山东省,370900,泰安市,2018-5,1961-5,崔洪刚,58,True,-8.0,2020-02-05,1,0.0,0.0,0.0,0.0,1.0,3.0,3.0,4.0,6.0,9.0,12.0,12.0,14.0,18.0,20.0,20.0,24.0,31.0,32.0,32.0,32.0,32.0,32.0,32.0,32.0,32.0,32.0,33.0,34.0,35.0,35.0,35.0,35.0,35.0,35.0,35.0,35.0,0,泰安市,11032000.0,59207.0,7.35,False,571.0,6.3473892096560105
广东省,441300,惠州市,2018-6,1965-11,李贻伟,54,False,,,1,5.0,7.0,8.0,8.0,11.0,12.0,17.0,20.0,20.0,23.0,28.0,29.0,34.0,35.0,39.0,47.0,48.0,52.0,53.0,54.0,55.0,56.0,58.0,58.0,58.0,59.0,62.0,62.0,62.0,62.0,62.0,62.0,62.0,62.0,62.0,62.0,62.0,0,惠州市,24079290.0,98163.0,6.9,False,369.0,5.910796644040527
广东省,445300,云浮市,2018-6,1963-9,黄汉标,56,False,,,1,0.0,0.0,0.0,0.0,0.0,0.0,0.0,0.0,0.0,0.0,0.0,0.0,0.0,0.0,0.0,0.0,0.0,0.0,0.0,0.0,0.0,0.0,0.0,0.0,0.0,0.0,0.0,0.0,0.0,0.0,0.0,0.0,0.0,0.0,0.0,0.0,0.0,0,云浮市,2048113.0,63067.0,3.6,False,300.0,5.703782474656201
四川省,510700,绵阳市,2018-6,1971-11,刘超,48,False,,,1,2.0,2.0,5.0,7.0,8.0,8.0,9.0,11.0,12.0,14.0,17.0,17.0,17.0,18.0,19.0,20.0,20.0,21.0,21.0,22.0,22.0,22.0,22.0,22.0,22.0,22.0,22.0,22.0,22.0,22.0,22.0,22.0,22.0,22.0,22.0,22.0,22.0,0,绵阳市,11480260.0,62909.0,9.6,False,537.0,6.285998094508865
四川省,510900,遂宁市,2018-6,1966-3,邵革军,53,False,,,1,1.0,2.0,2.0,2.0,3.0,3.0,4.0,5.0,5.0,5.0,5.0,5.0,5.0,5.0,5.0,6.0,8.0,10.0,10.0,10.0,10.0,10.0,10.0,12.0,17.0,17.0,17.0,17.0,17.0,17.0,17.0,17.0,17.0,17.0,17.0,17.0,17.0,0,遂宁市,4703359.0,35659.0,8.7,False,370.0,5.91350300563827
四川省,513200,阿坝藏族羌族自治州,2018-6,1963-8,刘坪,56,False,,,1,0.0,0.0,0.0,0.0,0.0,0.0,0.0,1.0,1.0,1.0,1.0,1.0,1.0,1.0,1.0,1.0,1.0,1.0,1.0,1.0,1.0,1.0,1.0,1.0,1.0,1.0,1.0,1.0,1.0,1.0,1.0,1.0,1.0,1.0,1.0,1.0,1.0,0,,,,,True,,
黑龙江省,230300,鸡西市,2018-6,1963-8,张常荣,56,False,,,1,0.0,0.0,0.0,0.0,0.0,1.0,1.0,2.0,4.0,4.0,6.0,9.0,12.0,21.0,29.0,31.0,34.0,34.0,38.0,43.0,44.0,44.0,45.0,46.0,46.0,46.0,46.0,46.0,46.0,46.0,46.0,46.0,46.0,46.0,46.0,46.0,46.0,0,鸡西市,1654705.0,20425.0,6.1,False,175.0,5.1647859739235145
浙江省,330400,嘉兴市,2018-7,1966-4,张兵,53,False,,,1,3.0,4.0,8.0,8.0,11.0,14.0,16.0,16.0,18.0,19.0,19.0,23.0,27.0,30.0,35.0,37.0,38.0,40.0,40.0,42.0,42.0,42.0,43.0,43.0,43.0,43.0,44.0,45.0,45.0,45.0,45.0,45.0,45.0,45.0,45.0,45.0,45.0,0,嘉兴市,11254564.0,89889.0,8,False,356.0,5.87493073085203
浙江省,331100,丽水市,2018-7,1972-11,胡海峰,47,False,,,1,0.0,0.0,3.0,3.0,5.0,6.0,6.0,7.0,8.0,14.0,16.0,16.0,16.0,16.0,16.0,17.0,17.0,17.0,17.0,17.0,17.0,17.0,17.0,17.0,17.0,17.0,17.0,17.0,17.0,17.0,17.0,17.0,17.0,17.0,17.0,17.0,17.0,0,丽水市,3261953.0,68342.0,5.22,False,269.0,5.594711379601839
安徽省,341800,宣城市,2018-7,1962-11,陶方启,57,False,,,1,0.0,0.0,1.0,1.0,2.0,2.0,4.0,4.0,4.0,4.0,4.0,4.0,4.0,5.0,5.0,5.0,5.0,6.0,6.0,6.0,6.0,6.0,6.0,6.0,6.0,6.0,6.0,6.0,6.0,6.0,6.0,6.0,6.0,6.0,6.0,6.0,6.0,0,宣城市,3238217.0,37215.0,8,False,280.0,5.634789603169249
四川省,510400,攀枝花市,2018-7,1963-8,贾瑞云,56,False,,,1,0.0,0.0,0.0,0.0,0.0,0.0,0.0,1.0,7.0,9.0,10.0,10.0,11.0,11.0,11.0,12.0,13.0,13.0,13.0,13.0,13.0,13.0,13.0,13.0,13.0,16.0,16.0,16.0,16.0,16.0,16.0,16.0,16.0,16.0,16.0,16.0,16.0,0,攀枝花市,8425681.0,100209.0,7.4,False,109.0,4.6913478822291435
四川省,511600,广安市,2018-7,1963-11,李建勤,56,False,,,1,2.0,2.0,2.0,6.0,7.0,7.0,9.0,13.0,16.0,20.0,21.0,24.0,24.0,24.0,27.0,28.0,28.0,28.0,30.0,30.0,30.0,30.0,30.0,30.0,30.0,30.0,30.0,30.0,30.0,30.0,30.0,30.0,30.0,30.0,30.0,30.0,30.0,0,广安市,3485615.0,39213.0,8.1,False,465.0,6.142037405587356
辽宁省,210700,锦州市,2018-7,1963-6,王德佳,56,True,-8.0,2020-02-05,1,0.0,0.0,0.0,0.0,4.0,4.0,4.0,5.0,7.0,7.0,7.0,7.0,7.0,7.0,8.0,10.0,11.0,11.0,11.0,12.0,12.0,12.0,12.0,12.0,12.0,12.0,12.0,12.0,12.0,12.0,12.0,12.0,12.0,12.0,12.0,12.0,12.0,0,锦州市,5623240.0,58133.0,10.91,False,296.0,5.69035945432406
湖北省,421000,荆州市,2018-7,1962-11,何光中,57,True,-2.0,2020-01-26,1,8.0,10.0,33.0,47.0,71.0,101.0,151.0,221.0,287.0,333.0,499.0,613.0,713.0,801.0,885.0,941.0,997.0,1045.0,1075.0,1110.0,1431.0,1447.0,1478.0,1490.0,1501.0,1537.0,1541.0,1510.0,1517.0,1566.0,1574.0,1574.0,1576.0,1577.0,1579.0,1579.0,1579.0,0,荆州市,6439500.0,51923.0,8.14,False,642.0,6.464588303689961
广东省,440100,广州市,2018-7,1965-8,张硕辅,54,True,-14.0,2020-02-07,1,7.0,14.0,17.0,41.0,51.0,63.0,94.0,112.0,150.0,179.0,200.0,224.0,249.0,270.0,285.0,301.0,307.0,314.0,317.0,323.0,327.0,328.0,335.0,338.0,339.0,339.0,339.0,339.0,339.0,343.0,345.0,345.0,346.0,346.0,346.0,346.0,346.0,1,广州市,215031516.0,150678.0,7,False,898.0,6.8001700683022
辽宁省,210500,本溪市,2018-8,1965-10,姜小林,54,True,-11.0,2020-02-05,1,0.0,1.0,2.0,2.0,2.0,2.0,3.0,3.0,3.0,3.0,3.0,3.0,3.0,3.0,3.0,3.0,3.0,3.0,3.0,3.0,3.0,3.0,3.0,3.0,3.0,3.0,3.0,3.0,3.0,3.0,3.0,3.0,3.0,3.0,3.0,3.0,3.0,0,本溪市,5590042.0,50063.0,1.7,False,148.0,4.997212273764115
辽宁省,211400,葫芦岛市,2018-8,1965-7,王健,54,True,-11.0,2020-02-05,1,0.0,2.0,2.0,2.0,2.0,4.0,4.0,4.0,5.0,5.0,5.0,6.0,7.0,7.0,9.0,9.0,9.0,9.0,11.0,11.0,11.0,11.0,11.0,12.0,12.0,12.0,12.0,12.0,12.0,12.0,12.0,12.0,12.0,12.0,12.0,12.0,12.0,0,葫芦岛市,3600729.0,38313.0,5.5,False,277.0,5.6240175061873385
湖北省,420200,黄石市,2018-8,1968-9,董卫民,51,True,1.0,2020-01-24,1,0.0,31.0,31.0,36.0,53.0,86.0,113.0,168.0,209.0,252.0,334.0,405.0,509.0,566.0,635.0,703.0,760.0,805.0,835.0,874.0,911.0,943.0,980.0,988.0,983.0,985.0,983.0,967.0,974.0,997.0,1001.0,1005.0,1008.0,1011.0,1013.0,1013.0,1013.0,0,黄石市,7060400.0,79778.0,9,False,271.0,5.602118820879701
河南省,410600,鹤壁市,2018-9,1963-10,马富国,56,False,,,1,0.0,0.0,0.0,2.0,2.0,5.0,6.0,6.0,6.0,8.0,8.0,10.0,10.0,10.0,11.0,13.0,17.0,17.0,18.0,19.0,19.0,19.0,19.0,19.0,19.0,19.0,19.0,19.0,19.0,19.0,19.0,19.0,19.0,19.0,19.0,19.0,19.0,0,鹤壁市,3880451.0,58502.0,6.7,False,170.0,5.135798437050262
广东省,441400,梅州市,2018-9,1965-12,陈敏,54,False,,,1,0.0,0.0,1.0,3.0,4.0,4.0,5.0,5.0,6.0,7.0,8.0,9.0,10.0,12.0,12.0,13.0,13.0,13.0,13.0,13.0,13.0,14.0,15.0,16.0,16.0,16.0,16.0,16.0,16.0,16.0,16.0,16.0,16.0,16.0,16.0,16.0,16.0,0,梅州市,4191338.0,43445.0,5.87,False,550.0,6.309918278226516
辽宁省,210400,抚顺市,2018-9,1964-9,来鹤,55,True,20.0,2020-02-05,1,0.0,0.0,0.0,0.0,0.0,0.0,0.0,0.0,0.0,0.0,0.0,0.0,0.0,0.0,0.0,0.0,0.0,0.0,0.0,0.0,0.0,0.0,0.0,0.0,0.0,0.0,0.0,0.0,0.0,0.0,0.0,0.0,0.0,0.0,0.0,0.0,0.0,0,抚顺市,8137748.0,56418.0,4.05,False,211.0,5.351858133476067
山东省,370400,枣庄市,2018-9,1961-1,李峰,59,True,-8.0,2020-02-04,1,0.0,0.0,0.0,2.0,5.0,8.0,9.0,9.0,12.0,15.0,16.0,16.0,17.0,17.0,19.0,20.0,21.0,21.0,23.0,23.0,23.0,23.0,24.0,24.0,24.0,24.0,24.0,24.0,24.0,24.0,24.0,24.0,24.0,24.0,24.0,24.0,24.0,0,枣庄市,11571249.0,51533.0,6.95,False,418.0,6.035481432524756
湖北省,420700,鄂州市,2018-9,1966-4,王立,53,True,1.0,2020-01-24,1,0.0,1.0,1.0,20.0,57.0,84.0,123.0,189.0,227.0,278.0,306.0,332.0,382.0,423.0,471.0,569.0,639.0,725.0,790.0,861.0,1065.0,1125.0,1192.0,1230.0,1274.0,1339.0,1343.0,1338.0,1343.0,1375.0,1379.0,1383.0,1385.0,1387.0,1389.0,1389.0,1390.0,0,鄂州市,9059200.0,84452.0,8.6,False,111.0,4.709530201312334
山东省,371600,滨州市,2019-1,1963-3,佘春明,56,False,,,1,0.0,1.0,3.0,3.0,4.0,7.0,9.0,9.0,9.0,10.0,11.0,11.0,11.0,11.0,11.0,11.0,11.0,11.0,11.0,12.0,12.0,14.0,14.0,14.0,15.0,15.0,15.0,15.0,15.0,15.0,15.0,15.0,15.0,15.0,15.0,15.0,15.0,0,滨州市,8190902.0,76014.0,5.45,False,394.0,5.976350909297934
广东省,440900,茂名市,2019-1,1968-5,许志晖,51,False,,,1,0.0,0.0,0.0,0.0,0.0,3.0,3.0,3.0,3.0,3.0,4.0,5.0,6.0,6.0,6.0,8.0,10.0,10.0,11.0,13.0,13.0,13.0,13.0,13.0,14.0,14.0,14.0,14.0,14.0,14.0,14.0,14.0,14.0,14.0,14.0,14.0,14.0,0,茂名市,13968211.0,55130.0,7.14,False,804.0,6.6895992691789665
山东省,370200,青岛市,2019-1,1963-7,王清宪,56,True,-12.0,2020-02-05,1,4.0,6.0,8.0,13.0,15.0,17.0,21.0,21.0,21.0,24.0,26.0,32.0,35.0,41.0,44.0,46.0,49.0,53.0,53.0,53.0,53.0,55.0,56.0,57.0,57.0,58.0,59.0,59.0,59.0,59.0,59.0,60.0,60.0,60.0,60.0,60.0,60.0,1,青岛市,84991300.0,136667.0,9.3,False,803.0,6.688354713946762
黑龙江省,232700,大兴安岭地区,2019-10,1961-3,李大义,58,False,,,0,0.0,0.0,0.0,0.0,0.0,1.0,2.0,2.0,2.0,2.0,2.0,2.0,2.0,2.0,2.0,2.0,2.0,2.0,2.0,2.0,2.0,2.0,2.0,2.0,2.0,2.0,2.0,2.0,2.0,2.0,2.0,2.0,2.0,2.0,2.0,2.0,2.0,0,,,,,True,,
江苏省,321200,泰州市,2019-10,1963-10,史立军,56,False,,,0,0.0,0.0,1.0,2.0,4.0,8.0,9.0,12.0,17.0,17.0,21.0,23.0,26.0,28.0,29.0,30.0,30.0,31.0,34.0,36.0,37.0,37.0,37.0,37.0,37.0,37.0,37.0,37.0,37.0,37.0,37.0,37.0,37.0,37.0,37.0,37.0,37.0,0,泰州市,19948100.0,122501.0,8.6,False,505.0,6.22455842927536
广东省,441200,肇庆市,2019-10,1966-6,范中杰,53,False,,,0,1.0,2.0,4.0,4.0,4.0,5.0,5.0,6.0,6.0,7.0,10.0,10.0,13.0,14.0,14.0,14.0,14.0,15.0,15.0,16.0,16.0,17.0,17.0,17.0,17.0,18.0,18.0,18.0,18.0,19.0,19.0,19.0,19.0,19.0,19.0,19.0,19.0,0,肇庆市,11166091.0,72007.0,5.2,False,446.0,6.100318952020064
广东省,442000,中山市,2019-10,1965-9,赖泽华,54,False,,,0,2.0,2.0,2.0,5.0,6.0,13.0,18.0,18.0,18.0,21.0,25.0,31.0,36.0,44.0,46.0,46.0,51.0,56.0,58.0,62.0,64.0,64.0,65.0,65.0,66.0,66.0,66.0,66.0,66.0,66.0,66.0,66.0,66.0,66.0,66.0,66.0,66.0,0,中山市,36327000.0,,,False,170.0,5.135798437050262
云南省,533100,德宏傣族景颇族自治州,2019-10,1964-4,赵刚,55,False,,,0,0.0,0.0,2.0,2.0,2.0,2.0,2.0,3.0,3.0,4.0,4.0,5.0,5.0,5.0,5.0,5.0,5.0,5.0,5.0,5.0,5.0,5.0,5.0,5.0,5.0,5.0,5.0,5.0,5.0,5.0,5.0,5.0,5.0,5.0,5.0,5.0,5.0,0,,,,,True,,
吉林省,220600,白山市,2019-11,1969-12,王冰,50,False,,,0,0.0,0.0,0.0,0.0,0.0,0.0,0.0,0.0,0.0,0.0,0.0,0.0,0.0,0.0,0.0,0.0,0.0,0.0,0.0,0.0,0.0,0.0,0.0,0.0,0.0,0.0,0.0,0.0,0.0,0.0,0.0,0.0,0.0,0.0,0.0,0.0,0.0,0,白山市,3546055.0,65256.0,-1.33,False,120.0,4.787491742782046
黑龙江省,230800,佳木斯市,2019-12,1968-9,杨博,51,False,,,0,0.0,0.0,0.0,1.0,1.0,5.0,5.0,8.0,11.0,11.0,11.0,11.0,11.0,12.0,13.0,13.0,13.0,14.0,15.0,15.0,15.0,15.0,15.0,15.0,15.0,15.0,15.0,15.0,15.0,15.0,15.0,15.0,15.0,15.0,15.0,15.0,15.0,0,佳木斯市,4561525.0,59023.0,6,False,235.0,5.459585514144159
江苏省,320800,淮安市,2019-12,1971-10,蔡丽新,48,False,,,0,0.0,0.0,1.0,2.0,2.0,3.0,7.0,10.0,12.0,13.0,18.0,22.0,26.0,34.0,37.0,40.0,44.0,46.0,46.0,47.0,51.0,56.0,60.0,63.0,65.0,66.0,66.0,66.0,66.0,66.0,66.0,66.0,66.0,66.0,66.0,66.0,66.0,0,淮安市,22359500.0,72908.0,7.25,False,561.0,6.329720905522696
浙江省,331000,台州市,2019-12,1970-4,李跃旗,49,False,,,0,18.0,20.0,21.0,22.0,22.0,40.0,64.0,81.0,95.0,100.0,109.0,115.0,122.0,124.0,129.0,133.0,138.0,141.0,143.0,143.0,144.0,144.0,145.0,146.0,146.0,146.0,146.0,146.0,146.0,146.0,146.0,146.0,146.0,146.0,146.0,146.0,146.0,0,台州市,16240361.0,83050.0,8.94,False,604.0,6.403574197934815
安徽省,340700,铜陵市,2019-12,1970-10,丁纯,49,False,,,0,0.0,3.0,3.0,3.0,9.0,9.0,10.0,14.0,16.0,16.0,18.0,19.0,19.0,20.0,22.0,23.0,24.0,25.0,27.0,27.0,28.0,28.0,28.0,28.0,28.0,29.0,29.0,29.0,29.0,29.0,29.0,29.0,29.0,29.0,29.0,29.0,29.0,0,铜陵市,8813428.0,,8.44,False,171.0,5.14166355650266
福建省,350300,莆田市,2019-12,1966-4,刘建洋,53,False,,,0,0.0,0.0,1.0,10.0,14.0,14.0,17.0,22.0,25.0,27.0,34.0,37.0,38.0,42.0,44.0,47.0,47.0,51.0,51.0,52.0,54.0,54.0,55.0,55.0,55.0,55.0,55.0,55.0,55.0,55.0,55.0,55.0,55.0,55.0,56.0,56.0,56.0,0,莆田市,16647596.0,81847.0,8.42,False,355.0,5.872117789475416
山东省,371400,德州市,2019-12,1967-2,李猛,53,False,,,0,0.0,1.0,3.0,6.0,8.0,11.0,15.0,16.0,17.0,19.0,19.0,19.0,24.0,26.0,27.0,29.0,30.0,32.0,32.0,33.0,35.0,35.0,36.0,37.0,37.0,37.0,37.0,37.0,37.0,37.0,37.0,37.0,37.0,37.0,37.0,37.0,37.0,0,德州市,8957000.0,68314.0,7.19,False,595.0,6.38856140554563
湖南省,430600,岳阳市,2019-12,1962-1,王一鸥,58,False,,,0,3.0,5.0,6.0,7.0,17.0,26.0,29.0,37.0,45.0,53.0,70.0,83.0,89.0,93.0,107.0,111.0,115.0,124.0,134.0,146.0,148.0,149.0,153.0,154.0,154.0,155.0,155.0,156.0,156.0,156.0,156.0,156.0,156.0,156.0,156.0,156.0,156.0,0,岳阳市,13125986.0,99537.0,6.6,False,567.0,6.340359303727752
湖南省,431300,娄底市,2019-12,1969-9,刘非,50,False,,,0,3.0,5.0,5.0,7.0,9.0,13.0,16.0,20.0,26.0,29.0,35.0,40.0,45.0,51.0,53.0,59.0,64.0,66.0,69.0,69.0,72.0,73.0,75.0,75.0,76.0,76.0,76.0,76.0,76.0,76.0,76.0,76.0,76.0,76.0,76.0,76.0,76.0,0,娄底市,4601745.0,74886.0,10.4,False,454.0,6.118097198041348
海南省,460100,海口市,2019-12,1965-11,何忠友,54,False,,,0,3.0,3.0,3.0,6.0,7.0,9.0,9.0,9.0,11.0,11.0,13.0,14.0,16.0,16.0,21.0,23.0,23.0,28.0,29.0,29.0,29.0,31.0,33.0,33.0,34.0,34.0,34.0,39.0,39.0,39.0,39.0,39.0,39.0,39.0,39.0,39.0,39.0,0,海口市,13905779.0,61589.0,7.5,False,171.0,5.14166355650266
四川省,510600,德阳市,2019-12,1970-2,靳磊,49,False,,,0,1.0,1.0,1.0,1.0,1.0,2.0,3.0,7.0,7.0,10.0,10.0,12.0,12.0,12.0,12.0,13.0,16.0,16.0,16.0,16.0,17.0,17.0,17.0,17.0,17.0,17.0,17.0,17.0,18.0,18.0,18.0,18.0,18.0,18.0,18.0,18.0,18.0,0,德阳市,6709721.0,68888.0,8.6,False,388.0,5.961005339623274
陕西省,611000,商洛市,2019-12,1968-7,郭永红,51,False,,,0,0.0,1.0,1.0,1.0,2.0,2.0,2.0,2.0,2.0,2.0,2.0,5.0,6.0,6.0,7.0,7.0,7.0,7.0,7.0,7.0,7.0,7.0,7.0,7.0,7.0,7.0,7.0,7.0,7.0,7.0,7.0,7.0,7.0,7.0,7.0,7.0,7.0,0,商洛市,1478000.0,27384.0,9.5,False,253.0,5.53338948872752
甘肃省,620300,金昌市,2019-12,1968-1,张永霞,52,False,,,0,0.0,0.0,0.0,0.0,1.0,1.0,1.0,1.0,1.0,1.0,1.0,1.0,1.0,1.0,1.0,1.0,1.0,1.0,1.0,1.0,1.0,1.0,1.0,1.0,1.0,1.0,1.0,1.0,1.0,1.0,1.0,1.0,1.0,1.0,1.0,1.0,1.0,0,金昌市,1564325.0,66909.0,1.3,False,46.0,3.828641396489095
河北省,130500,邢台市,2019-12,1967-11,钱三雄,52,False,,,0,0.0,0.0,0.0,1.0,2.0,3.0,5.0,7.0,10.0,10.0,14.0,16.0,16.0,19.0,20.0,21.0,21.0,21.0,21.0,21.0,21.0,22.0,22.0,22.0,23.0,23.0,23.0,23.0,23.0,23.0,23.0,23.0,23.0,23.0,23.0,23.0,23.0,0,邢台市,3706907.0,38163.0,7.25,False,790.0,6.672032945461067
山西省,140800,运城市,2019-12,1972-12,丁小强,47,False,,,0,0.0,2.0,2.0,2.0,3.0,4.0,7.0,8.0,10.0,10.0,13.0,16.0,17.0,17.0,17.0,17.0,18.0,18.0,19.0,19.0,19.0,19.0,19.0,19.0,19.0,19.0,19.0,19.0,19.0,19.0,19.0,19.0,19.0,19.0,19.0,19.0,19.0,0,运城市,2461333.0,34987.0,7,False,513.0,6.240275845170769
内蒙古自治区,150500,通辽市,2019-12,1963-7,冯玉臻,56,True,-17.0,2020-02-13,0,0.0,0.0,0.0,1.0,1.0,1.0,1.0,1.0,1.0,1.0,1.0,1.0,1.0,1.0,2.0,3.0,3.0,6.0,6.0,6.0,6.0,6.0,6.0,6.0,6.0,7.0,7.0,7.0,7.0,7.0,7.0,7.0,7.0,7.0,7.0,7.0,7.0,0,通辽市,4201300.0,40347.0,4.4,False,316.0,5.755742213586912
内蒙古自治区,152900,阿拉善盟,2019-12,1969-8,万超岐,50,True,20.0,2020-02-13,0,0.0,0.0,0.0,0.0,0.0,0.0,0.0,0.0,0.0,0.0,0.0,0.0,0.0,0.0,0.0,0.0,0.0,0.0,0.0,0.0,0.0,0.0,0.0,0.0,0.0,0.0,0.0,0.0,0.0,0.0,0.0,0.0,0.0,0.0,0.0,0.0,0.0,0,,,,,True,,
辽宁省,210600,丹东市,2019-12,1964-10,裴伟东,55,True,-10.0,2020-02-05,0,0.0,0.0,1.0,4.0,5.0,5.0,5.0,5.0,6.0,6.0,6.0,6.0,7.0,7.0,7.0,7.0,7.0,7.0,7.0,7.0,7.0,7.0,7.0,7.0,7.0,7.0,7.0,7.0,7.0,7.0,7.0,7.0,7.0,7.0,7.0,7.0,7.0,0,丹东市,2298381.0,29409.0,4,False,235.0,5.459585514144159
辽宁省,210900,阜新市,2019-12,1966-12,吕志成,53,True,-4.0,2020-02-05,0,0.0,0.0,0.0,0.0,0.0,0.0,0.0,0.0,2.0,3.0,5.0,7.0,7.0,7.0,7.0,7.0,7.0,8.0,8.0,8.0,8.0,8.0,8.0,8.0,8.0,8.0,8.0,8.0,8.0,8.0,8.0,8.0,8.0,8.0,8.0,8.0,8.0,0,阜新市,1849479.0,23399.0,"~0,90",False,186.0,5.225746673713202
江苏省,320200,无锡市,2019-12,1962-10,黄钦,57,True,-10.0,2020-02-03,0,1.0,1.0,2.0,4.0,6.0,9.0,10.0,12.0,13.0,19.0,23.0,25.0,26.0,28.0,31.0,34.0,38.0,41.0,45.0,48.0,49.0,51.0,52.0,53.0,55.0,55.0,55.0,55.0,55.0,55.0,55.0,55.0,55.0,55.0,55.0,55.0,55.0,0,无锡市,54652800.0,150120.0,7.7,False,493.0,6.20050917404269
江苏省,320400,常州市,2019-12,1967-9,齐家滨,52,True,-10.0,2020-02-04,0,0.0,5.0,5.0,6.0,8.0,8.0,10.0,13.0,14.0,15.0,15.0,19.0,24.0,27.0,29.0,31.0,31.0,31.0,31.0,36.0,38.0,43.0,43.0,46.0,49.0,50.0,51.0,51.0,51.0,51.0,51.0,51.0,51.0,51.0,51.0,51.0,51.0,0,常州市,57722100.0,146104.0,8.2,False,379.0,5.937536205082426
江苏省,320600,南通市,2019-12,1963-4,徐惠民,56,True,-11.0,2020-02-04,0,1.0,1.0,2.0,4.0,6.0,6.0,9.0,10.0,12.0,17.0,19.0,22.0,25.0,27.0,29.0,31.0,32.0,33.0,35.0,37.0,38.0,39.0,40.0,40.0,40.0,40.0,40.0,40.0,40.0,40.0,40.0,40.0,40.0,40.0,40.0,40.0,40.0,0,南通市,28626300.0,121783.0,7.8,False,764.0,6.638567789166521
江苏省,321000,扬州市,2019-12,1965-5,夏心旻,54,True,-12.0,2020-02-05,0,1.0,1.0,1.0,4.0,5.0,8.0,8.0,8.0,13.0,13.0,14.0,15.0,15.0,15.0,17.0,17.0,18.0,18.0,18.0,18.0,20.0,20.0,21.0,22.0,23.0,23.0,23.0,23.0,23.0,23.0,23.0,23.0,23.0,23.0,23.0,23.0,23.0,0,扬州市,32484000.0,133566.0,7.6,False,460.0,6.131226489483141
湖北省,421200,咸宁市,2019-12,1966-6,孟祥伟,53,True,1.0,2020-01-24,0,0.0,0.0,43.0,64.0,91.0,112.0,130.0,166.0,206.0,246.0,296.0,348.0,384.0,399.0,443.0,476.0,493.0,507.0,515.0,525.0,534.0,732.0,840.0,852.0,861.0,868.0,832.0,766.0,766.0,836.0,836.0,836.0,836.0,836.0,836.0,836.0,836.0,0,咸宁市,2830000.0,53676.0,8.7,False,304.0,5.717027701406222
河北省,130300,秦皇岛市,2019-12,1962-3,朱政学,57,True,7.0,2020-01-25,0,0.0,0.0,0.0,0.0,0.0,0.0,0.0,0.0,1.0,1.0,2.0,2.0,3.0,3.0,5.0,7.0,7.0,7.0,9.0,9.0,9.0,9.0,10.0,10.0,10.0,10.0,10.0,10.0,10.0,10.0,10.0,10.0,10.0,10.0,10.0,10.0,10.0,0,秦皇岛市,10146857.0,61170.0,7.4,False,298.0,5.697093486505405
山东省,371100,日照市,2019-12,1967-4,张惠,52,True,-12.0,2020-02-05,0,1.0,3.0,4.0,5.0,6.0,8.0,9.0,9.0,10.0,11.0,14.0,14.0,14.0,14.0,14.0,15.0,15.0,15.0,15.0,15.0,15.0,15.0,16.0,16.0,16.0,16.0,16.0,16.0,16.0,16.0,16.0,16.0,16.0,16.0,16.0,16.0,16.0,0,日照市,14150500.0,99323.0,8.8,False,304.0,5.717027701406222
福建省,350200,厦门市,2019-2,1963-12,胡昌升,56,False,,,0,3.0,3.0,4.0,4.0,5.0,6.0,7.0,13.0,17.0,18.0,19.0,20.0,21.0,21.0,23.0,25.0,25.0,28.0,31.0,32.0,34.0,34.0,34.0,34.0,35.0,35.0,35.0,35.0,35.0,35.0,35.0,35.0,35.0,35.0,35.0,35.0,35.0,1,厦门市,43517181.0,109753.0,7.6,False,231.0,5.442417710521793
山东省,371500,聊城市,2019-2,1972-3,孙爱军,47,False,,,0,0.0,1.0,1.0,1.0,3.0,4.0,5.0,7.0,8.0,9.0,10.0,10.0,12.0,15.0,20.0,27.0,33.0,34.0,37.0,38.0,38.0,38.0,38.0,38.0,38.0,38.0,38.0,38.0,38.0,38.0,38.0,38.0,38.0,38.0,38.0,38.0,38.0,0,聊城市,5731900.0,43501.0,8,False,640.0,6.461468176353717
湖南省,431100,永州市,2019-2,1968-8,严华,51,False,,,0,4.0,4.0,4.0,4.0,7.0,11.0,14.0,16.0,18.0,22.0,26.0,26.0,30.0,32.0,38.0,40.0,40.0,41.0,42.0,43.0,43.0,43.0,43.0,43.0,43.0,43.0,43.0,43.0,43.0,43.0,43.0,43.0,43.0,43.0,44.0,44.0,44.0,0,永州市,4708548.0,42534.0,8.8,False,642.0,6.464588303689961
福建省,350400,三明市,2019-3,1962-12,林兴禄,57,False,,,0,0.0,1.0,4.0,4.0,8.0,9.0,10.0,10.0,10.0,11.0,11.0,11.0,11.0,11.0,12.0,12.0,13.0,13.0,13.0,13.0,13.0,13.0,13.0,13.0,14.0,14.0,14.0,14.0,14.0,14.0,14.0,14.0,14.0,14.0,14.0,14.0,14.0,0,三明市,4532584.0,117668.0,8.53,False,288.0,5.662960480135946
福建省,350600,漳州市,2019-3,1964-8,邵玉龙,55,False,,,0,0.0,3.0,4.0,5.0,6.0,7.0,7.0,8.0,11.0,12.0,13.0,13.0,15.0,16.0,16.0,16.0,16.0,16.0,17.0,19.0,19.0,19.0,20.0,20.0,20.0,20.0,20.0,20.0,20.0,20.0,20.0,20.0,20.0,20.0,20.0,20.0,20.0,0,漳州市,8148209.0,103667.0,8.7,False,514.0,6.2422232654551655
甘肃省,622900,临夏回族自治州,2019-3,1964-1,郭鹤立,56,False,,,0,0.0,1.0,1.0,2.0,2.0,2.0,2.0,2.0,2.0,2.0,3.0,3.0,3.0,3.0,3.0,3.0,3.0,3.0,3.0,3.0,3.0,3.0,3.0,3.0,3.0,3.0,3.0,3.0,3.0,3.0,3.0,3.0,3.0,3.0,3.0,3.0,3.0,0,,,,,True,,
陕西省,610500,渭南市,2019-4,1966-4,魏建锋,53,False,,,0,0.0,0.0,0.0,1.0,3.0,3.0,4.0,5.0,5.0,5.0,6.0,6.0,9.0,9.0,9.0,9.0,13.0,14.0,14.0,14.0,14.0,14.0,15.0,15.0,15.0,15.0,15.0,15.0,15.0,15.0,15.0,15.0,15.0,15.0,15.0,15.0,15.0,0,渭南市,3705194.0,41208.0,8.32,False,556.0,6.320768294250582
山西省,140700,晋中市,2019-4,1963-2,赵建平,57,False,,,0,0.0,0.0,2.0,2.0,5.0,9.0,9.0,9.0,11.0,13.0,15.0,19.0,21.0,26.0,27.0,30.0,32.0,32.0,33.0,34.0,35.0,35.0,35.0,35.0,36.0,36.0,36.0,36.0,36.0,36.0,36.0,36.0,37.0,37.0,37.0,37.0,37.0,0,晋中市,2698240.0,40850.0,5.1,False,332.0,5.805134968916488
辽宁省,211200,铁岭市,2019-4,1964-10,李士伟,55,True,-11.0,2020-02-05,0,0.0,2.0,2.0,2.0,2.0,2.0,2.0,3.0,2.0,2.0,3.0,3.0,3.0,3.0,3.0,3.0,4.0,4.0,4.0,7.0,7.0,7.0,7.0,7.0,7.0,7.0,7.0,7.0,7.0,7.0,7.0,7.0,7.0,7.0,7.0,7.0,7.0,0,铁岭市,1295727.0,30000.0,1.4,False,294.0,5.683579767338681
吉林省,220100,长春市,2019-4,1962-7,王凯,57,False,,,0,1.0,1.0,1.0,1.0,1.0,1.0,4.0,4.0,7.0,13.0,17.0,18.0,28.0,29.0,32.0,32.0,37.0,39.0,40.0,42.0,42.0,43.0,44.0,45.0,45.0,45.0,45.0,45.0,45.0,45.0,45.0,45.0,45.0,45.0,45.0,45.0,45.0,1,长春市,51428765.0,,8,False,749.0,6.618738983517219
吉林省,220700,松原市,2019-4,1968-11,王子联,51,False,,,0,1.0,1.0,1.0,2.0,2.0,2.0,2.0,2.0,2.0,2.0,2.0,2.0,2.0,2.0,2.0,2.0,2.0,2.0,2.0,2.0,2.0,2.0,2.0,2.0,2.0,2.0,2.0,2.0,2.0,2.0,2.0,2.0,2.0,2.0,2.0,2.0,2.0,0,松原市,3913200.0,59368.0,-7.19,False,275.0,5.616771097666572
广东省,440500,汕头市,2019-5,1965-11,马文田,54,False,,,0,0.0,1.0,2.0,2.0,5.0,8.0,12.0,12.0,14.0,15.0,18.0,18.0,20.0,21.0,22.0,25.0,25.0,25.0,25.0,25.0,25.0,25.0,25.0,25.0,25.0,25.0,25.0,25.0,25.0,25.0,25.0,25.0,25.0,25.0,25.0,25.0,25.0,0,汕头市,23315759.0,42152.0,8.6,False,565.0,6.336825731146441
广东省,445100,潮州市,2019-5,1964-5,李雅林,55,False,,,0,0.0,0.0,0.0,0.0,0.0,0.0,0.0,0.0,3.0,4.0,4.0,4.0,5.0,5.0,5.0,5.0,5.0,5.0,5.0,5.0,5.0,5.0,5.0,5.0,5.0,5.0,5.0,5.0,5.0,5.0,5.0,5.0,5.0,5.0,5.0,5.0,5.0,0,潮州市,8045515.0,45332.0,7,False,276.0,5.62040086571715
安徽省,341200,阜阳市,2019-6,1962-11,杨光荣,57,False,,,0,2.0,7.0,10.0,10.0,21.0,23.0,28.0,38.0,47.0,59.0,65.0,79.0,84.0,95.0,105.0,113.0,118.0,125.0,132.0,138.0,142.0,146.0,150.0,152.0,153.0,154.0,155.0,155.0,155.0,155.0,155.0,155.0,155.0,155.0,155.0,155.0,155.0,0,阜阳市,5431259.0,23855.0,8,False,1070.0,6.975413927455952
河南省,410100,郑州市,2019-6,1964-8,徐立毅,55,True,-11.0,2020-02-04,0,3.0,6.0,20.0,29.0,37.0,40.0,46.0,50.0,56.0,65.0,72.0,85.0,92.0,102.0,112.0,120.0,126.0,130.0,132.0,137.0,141.0,142.0,144.0,148.0,151.0,154.0,156.0,156.0,157.0,157.0,157.0,157.0,157.0,157.0,157.0,157.0,157.0,0,郑州市,53849953.0,94477.0,6.7,False,842.0,6.7357800142423265
山东省,371700,菏泽市,2019-7,1964-10,张新文,55,False,,,0,0.0,1.0,1.0,4.0,5.0,7.0,7.0,8.0,8.0,9.0,10.0,10.0,12.0,13.0,13.0,14.0,16.0,16.0,17.0,18.0,18.0,18.0,18.0,18.0,18.0,18.0,18.0,18.0,18.0,18.0,18.0,18.0,18.0,18.0,18.0,18.0,18.0,0,菏泽市,7708513.0,38143.0,8.2,False,1019.0,6.926577033222725
四川省,512000,资阳市,2019-7,1963-9,廖仁松,56,False,,,0,0.0,0.0,0.0,2.0,2.0,2.0,2.0,2.0,2.0,2.0,2.0,2.0,2.0,2.0,2.0,3.0,3.0,3.0,3.0,3.0,3.0,3.0,3.0,3.0,3.0,3.0,3.0,3.0,3.0,3.0,3.0,3.0,4.0,4.0,4.0,4.0,4.0,0,资阳市,4848100.0,53293.0,8.3,False,349.0,5.855071922202427
贵州省,520400,安顺市,2019-7,1961-12,陈训华,58,False,,,0,0.0,0.0,0.0,0.0,0.0,0.0,0.0,0.0,0.0,2.0,2.0,2.0,3.0,3.0,4.0,4.0,4.0,4.0,4.0,4.0,4.0,4.0,4.0,4.0,4.0,4.0,4.0,4.0,4.0,4.0,4.0,4.0,4.0,4.0,4.0,4.0,4.0,0,安顺市,4488895.0,40817.0,13.5,False,301.0,5.707110264748875
吉林省,220500,通化市,2019-7,1965-5,高志国,54,False,,,0,0.0,0.0,0.0,0.0,0.0,1.0,1.0,1.0,1.0,1.0,1.0,1.0,1.0,1.0,2.0,2.0,3.0,3.0,3.0,3.0,3.0,3.0,3.0,3.0,3.0,3.0,3.0,4.0,4.0,4.0,4.0,6.0,6.0,6.0,6.0,6.0,6.0,0,通化市,1890231.0,43110.0,-15.3,False,217.0,5.37989735354046
山东省,370300,淄博市,2019-8,1969-5,江敦涛,50,False,,,0,0.0,0.0,1.0,2.0,2.0,4.0,8.0,9.0,10.0,12.0,12.0,12.0,14.0,14.0,15.0,15.0,16.0,17.0,20.0,20.0,23.0,28.0,29.0,29.0,29.0,29.0,29.0,29.0,30.0,30.0,30.0,30.0,30.0,30.0,30.0,30.0,30.0,0,淄博市,36697027.0,113450.0,8.4,False,433.0,6.07073772800249
贵州省,520300,遵义市,2019-8,1967-12,魏树旺,52,False,,,0,0.0,0.0,0.0,0.0,0.0,0.0,1.0,4.0,4.0,5.0,8.0,9.0,9.0,11.0,12.0,15.0,15.0,19.0,24.0,25.0,25.0,28.0,31.0,32.0,32.0,32.0,32.0,32.0,32.0,32.0,32.0,32.0,32.0,32.0,32.0,32.0,32.0,0,遵义市,11193200.0,52940.0,13.2,False,805.0,6.690842277418564
内蒙古自治区,150100,呼和浩特市,2019-8,1964-6,王莉霞,55,True,-16.0,2020-02-13,0,0.0,0.0,0.0,0.0,2.0,2.0,2.0,2.0,2.0,2.0,4.0,4.0,5.0,5.0,7.0,7.0,7.0,7.0,7.0,7.0,7.0,7.0,7.0,7.0,7.0,7.0,7.0,7.0,7.0,7.0,7.0,7.0,7.0,7.0,7.0,7.0,7.0,0,呼和浩特市,21851700.0,99720.0,5.16,False,243.0,5.493061443340548
陕西省,610100,西安市,2019-9,1963-10,王浩,56,False,,,0,2.0,4.0,8.0,12.0,15.0,18.0,22.0,32.0,39.0,47.0,55.0,60.0,70.0,74.0,80.0,88.0,96.0,98.0,104.0,110.0,114.0,114.0,114.0,114.0,117.0,117.0,118.0,120.0,120.0,120.0,120.0,120.0,120.0,120.0,120.0,120.0,120.0,1,西安市,71920980.0,84205.0,7.6,False,906.0,6.80903930604298
江苏省,320500,苏州市,2019-9,1964-1,蓝绍敏,56,True,-13.0,2020-02-06,0,2.0,3.0,7.0,8.0,12.0,20.0,24.0,32.0,34.0,38.0,44.0,52.0,55.0,60.0,69.0,72.0,75.0,77.0,80.0,84.0,85.0,85.0,86.0,86.0,86.0,87.0,87.0,87.0,87.0,87.0,87.0,87.0,87.0,87.0,87.0,87.0,87.0,0,苏州市,81945100.0,148427.0,7.3,False,691.0,6.53813982376767
黑龙江省,231100,黑河市,2020-1,1963-7,马里,56,False,,,0,0.0,0.0,0.0,0.0,0.0,0.0,0.0,0.0,0.0,1.0,1.0,1.0,1.0,1.0,1.0,2.0,2.0,4.0,4.0,6.0,10.0,13.0,13.0,14.0,14.0,14.0,14.0,14.0,14.0,14.0,14.0,14.0,14.0,14.0,14.0,14.0,14.0,0,黑河市,349527.0,34607.0,3.7,False,161.0,5.081404364984463
广东省,441500,汕尾市,2020-1,1975-11,张晓强,44,False,,,0,0.0,0.0,0.0,1.0,1.0,1.0,1.0,3.0,4.0,4.0,5.0,5.0,5.0,5.0,5.0,5.0,5.0,5.0,5.0,5.0,5.0,5.0,5.0,5.0,5.0,5.0,5.0,5.0,5.0,5.0,5.0,5.0,5.0,5.0,5.0,5.0,5.0,0,汕尾市,2241362.0,42515.0,-0.6,False,363.0,5.8944028342648505
四川省,510300,自贡市,2020-1,1969-10,范波,50,False,,,0,0.0,1.0,1.0,2.0,7.0,7.0,7.0,9.0,9.0,9.0,9.0,9.0,9.0,9.0,9.0,9.0,9.0,9.0,9.0,9.0,9.0,9.0,9.0,9.0,9.0,9.0,9.0,9.0,9.0,9.0,9.0,9.0,9.0,9.0,9.0,9.0,9.0,0,自贡市,8484280.0,56636.0,8.13,False,324.0,5.780743515792329
山西省,141000,临汾市,2020-1,1963-1,董一兵,57,False,,,0,0.0,0.0,0.0,1.0,1.0,1.0,1.0,1.0,1.0,1.0,1.0,1.0,1.0,1.0,2.0,2.0,2.0,2.0,2.0,2.0,2.0,2.0,2.0,2.0,2.0,2.0,2.0,2.0,2.0,2.0,2.0,2.0,2.0,2.0,2.0,2.0,2.0,0,临汾市,2829721.0,28904.0,6.1,False,433.0,6.07073772800249
河北省,130200,唐山市,2020-1,1963-4,张古江,56,True,0.0,2020-01-28,0,0.0,0.0,0.0,0.0,1.0,3.0,3.0,7.0,8.0,11.0,11.0,11.0,12.0,17.0,19.0,23.0,27.0,28.0,31.0,33.0,35.0,43.0,46.0,51.0,51.0,51.0,55.0,56.0,57.0,57.0,58.0,58.0,58.0,58.0,58.0,58.0,58.0,0,唐山市,32053543.0,89233.0,6.7,False,755.0,6.626717749249025
江苏省,321100,镇江市,2017-3,1964-2,惠建林,56,False,,,2,0.0,0.0,2.0,2.0,2.0,2.0,2.0,2.0,2.0,3.0,3.0,5.0,6.0,8.0,9.0,11.0,12.0,12.0,12.0,12.0,12.0,12.0,12.0,12.0,12.0,12.0,12.0,12.0,12.0,12.0,12.0,12.0,12.0,12.0,12.0,12.0,12.0,0,镇江市,18786919.0,152461.0,7,False,271.0,5.602118820879701
福建省,350800,龙岩市,2018-6,1961-12,许维泽,58,False,,,1,0.0,0.0,0.0,0.0,1.0,1.0,1.0,1.0,1.0,1.0,1.0,2.0,2.0,2.0,4.0,5.0,6.0,6.0,6.0,6.0,6.0,6.0,6.0,6.0,6.0,6.0,6.0,6.0,6.0,6.0,6.0,6.0,6.0,6.0,6.0,6.0,6.0,0,龙岩市,10326594.0,94523.0,7.9,False,316.0,5.755742213586912
湖南省,430400,衡阳市,2018-1,1968-12,郑建新,51,False,,,2,0.0,3.0,3.0,4.0,7.0,17.0,20.0,25.0,26.0,30.0,32.0,35.0,39.0,43.0,43.0,43.0,45.0,45.0,45.0,45.0,45.0,46.0,47.0,47.0,48.0,48.0,48.0,48.0,48.0,48.0,48.0,48.0,48.0,48.0,48.0,48.0,48.0,0,衡阳市,9082292.0,75572.0,8.3,False,800.0,6.684611727667927
湖北省,420100,武汉市,2018-3,1963-11,马国强,56,True,1.0,2020-01-23,1,495.0,572.0,618.0,698.0,1590.0,1905.0,2261.0,2639.0,3215.0,4109.0,5142.0,6384.0,8351.0,10117.0,11618.0,13603.0,14982.0,16902.0,18454.0,19558.0,32994.0,35991.0,37914.0,39462.0,41152.0,42752.0,44412.0,45027.0,45346.0,45660.0,46201.0,46607.0,47071.0,47441.0,47824.0,48137.0,48557.0,1,武汉市,134103400.0,123831.0,8,False,854.0,6.74993119378857
新疆维吾尔自治区,654000,伊犁哈萨克自治州,2017-11,1964-1,赵天杰,56,False,,,2,0.0,0.0,1.0,1.0,2.0,4.0,4.0,5.0,5.0,5.0,6.0,7.0,9.0,9.0,9.0,9.0,10.0,10.0,10.0,12.0,14.0,14.0,16.0,16.0,18.0,18.0,18.0,18.0,18.0,18.0,18.0,18.0,18.0,18.0,18.0,18.0,18.0,0,,,,,True,,
山西省,140300,阳泉市,2018-1,1962-11,关建勋,57,False,,,2,0.0,0.0,1.0,1.0,1.0,1.0,1.0,1.0,1.0,1.0,2.0,2.0,2.0,3.0,4.0,4.0,4.0,4.0,4.0,4.0,4.0,4.0,4.0,4.0,4.0,4.0,4.0,4.0,4.0,4.0,4.0,4.0,4.0,4.0,4.0,4.0,4.0,0,阳泉市,4440648.0,57321.0,7.74,False,132.0,4.882801922586371
山西省,140900,忻州市,2015-8,1964-4,李俊明,55,False,,,4,0.0,0.0,0.0,0.0,0.0,0.0,0.0,0.0,1.0,3.0,3.0,3.0,3.0,3.0,3.0,6.0,6.0,7.0,7.0,7.0,7.0,7.0,7.0,7.0,7.0,7.0,7.0,7.0,7.0,7.0,7.0,7.0,7.0,7.0,7.0,7.0,7.0,0,忻州市,1383021.0,24543.0,6.57,False,308.0,5.730099782973574
江西省,360100,南昌市,2016-11,1963-8,殷美根,56,True,-12.0,2020-02-05,3,2.0,3.0,4.0,8.0,17.0,25.0,46.0,67.0,83.0,89.0,103.0,121.0,134.0,149.0,162.0,168.0,179.0,189.0,195.0,204.0,210.0,217.0,222.0,227.0,228.0,229.0,230.0,229.0,229.0,229.0,229.0,229.0,229.0,229.0,229.0,230.0,230.0,0,南昌市,36408753.0,100828.0,9,False,525.0,6.263398262591624
山东省,370100,济南市,2018-5,1962-8,王忠林,57,True,-12.0,2020-02-05,1,2.0,3.0,5.0,7.0,10.0,11.0,14.0,16.0,18.0,19.0,22.0,25.0,29.0,34.0,41.0,42.0,43.0,44.0,46.0,47.0,47.0,47.0,47.0,47.0,47.0,47.0,47.0,47.0,47.0,47.0,47.0,47.0,47.0,47.0,47.0,47.0,47.0,1,济南市,63890455.0,110114.0,7.89,False,644.0,6.467698726104354
山东省,371000,威海市,2018-11,1961-11,王鲁明,58,False,,,1,2.0,3.0,4.0,9.0,10.0,12.0,14.0,19.0,24.0,24.0,25.0,25.0,27.0,29.0,31.0,33.0,34.0,35.0,37.0,38.0,38.0,38.0,38.0,38.0,38.0,38.0,38.0,38.0,38.0,38.0,38.0,38.0,38.0,38.0,38.0,38.0,38.0,0,威海市,17730689.0,114746.0,8.2,False,256.0,5.545177444479562
山东省,371300,临沂市,2017-8,1962-10,王玉君,57,True,-11.0,2020-02-04,2,2.0,3.0,7.0,7.0,8.0,16.0,16.0,23.0,23.0,24.0,25.0,28.0,30.0,32.0,35.0,40.0,40.0,42.0,44.0,45.0,45.0,47.0,47.0,47.0,47.0,48.0,48.0,49.0,49.0,49.0,49.0,49.0,49.0,49.0,49.0,49.0,49.0,0,临沂市,18035241.0,66256.0,8.23,False,1162.0,7.057897937411856
广东省,445200,揭阳市,2019-5,1967-12,叶牛平,52,False,,,0,0.0,0.0,3.0,3.0,4.0,6.0,6.0,6.0,6.0,6.0,6.0,6.0,6.0,7.0,7.0,7.0,7.0,7.0,8.0,8.0,8.0,8.0,8.0,8.0,8.0,8.0,8.0,8.0,8.0,8.0,8.0,8.0,8.0,8.0,8.0,8.0,8.0,0,揭阳市,9403706.0,47684.0,4.77,False,703.0,6.555356891810665
新疆维吾尔自治区,652700,博尔塔拉蒙古自治州,2015-12,1961-1,邱树华,59,False,,,4,0.0,0.0,0.0,0.0,0.0,0.0,0.0,0.0,0.0,0.0,0.0,0.0,0.0,0.0,0.0,0.0,0.0,0.0,0.0,0.0,0.0,0.0,0.0,0.0,0.0,0.0,0.0,0.0,0.0,0.0,0.0,0.0,0.0,0.0,0.0,0.0,0.0,0,,,,,True,,
河北省,130600,保定市,2013-2,1959-11,聂瑞平,60,False,,,6,0.0,1.0,3.0,3.0,3.0,6.0,7.0,11.0,11.0,13.0,13.0,13.0,17.0,17.0,18.0,18.0,21.0,26.0,30.0,31.0,31.0,31.0,32.0,32.0,32.0,32.0,32.0,32.0,32.0,32.0,32.0,32.0,32.0,32.0,32.0,32.0,32.0,0,保定市,13573495.0,44917.0,2,False,1199.0,7.089243155027514
吉林省,220300,四平市,2018-3,1965-2,韩福春,54,False,,,1,0.0,0.0,0.0,1.0,1.0,1.0,1.0,1.0,1.0,1.0,4.0,7.0,8.0,9.0,10.0,10.0,12.0,12.0,12.0,12.0,13.0,14.0,14.0,14.0,14.0,14.0,15.0,15.0,15.0,15.0,15.0,15.0,15.0,15.0,15.0,15.0,15.0,0,四平市,1613303.0,27816.0,4.5,False,320.0,5.768320995793772
吉林省,222400,延边朝鲜族自治州,2017-6,1961-3,姜治莹,58,False,,,2,0.0,0.0,0.0,0.0,0.0,0.0,2.0,2.0,2.0,2.0,2.0,3.0,3.0,4.0,5.0,5.0,5.0,5.0,5.0,5.0,5.0,5.0,5.0,5.0,5.0,5.0,5.0,5.0,5.0,5.0,5.0,5.0,5.0,5.0,5.0,5.0,5.0,0,,,,,True,,
安徽省,340100,合肥市,2016-11,1960-3,宋国权,59,True,-12.0,2020-02-05,3,6.0,10.0,13.0,13.0,16.0,29.0,39.0,50.0,59.0,59.0,75.0,81.0,93.0,104.0,115.0,128.0,136.0,147.0,150.0,157.0,161.0,166.0,168.0,169.0,171.0,173.0,173.0,173.0,174.0,174.0,174.0,174.0,174.0,174.0,174.0,174.0,174.0,0,合肥市,48124819.0,125778.0,8.99,False,743.0,6.610696044717759
黑龙江省,230900,七台河市,2018-12,1965-1,杨廷双,55,False,,,1,0.0,0.0,0.0,1.0,2.0,2.0,2.0,3.0,5.0,6.0,7.0,8.0,9.0,9.0,10.0,11.0,13.0,14.0,15.0,15.0,16.0,16.0,16.0,16.0,16.0,17.0,17.0,17.0,17.0,17.0,17.0,17.0,17.0,17.0,17.0,17.0,17.0,0,七台河市,1757953.0,36370.0,6.3,False,79.0,4.3694478524670215
黑龙江省,231000,牡丹江市,2018-2,1966-9,马志勇,53,False,,,1,1.0,1.0,1.0,1.0,1.0,1.0,1.0,2.0,6.0,7.0,8.0,8.0,9.0,10.0,11.0,13.0,12.0,12.0,12.0,12.0,12.0,12.0,12.0,12.0,12.0,13.0,13.0,14.0,14.0,14.0,14.0,14.0,14.0,14.0,14.0,14.0,14.0,0,牡丹江市,3589212.0,37154.0,6.8,False,255.0,5.541263545158426
云南省,530400,玉溪市,2018-8,1966-12,罗应光,53,False,,,1,0.0,1.0,1.0,1.0,5.0,5.0,6.0,6.0,7.0,11.0,12.0,12.0,12.0,13.0,13.0,14.0,14.0,14.0,14.0,14.0,14.0,14.0,14.0,14.0,14.0,14.0,14.0,14.0,14.0,14.0,14.0,14.0,14.0,14.0,14.0,14.0,14.0,0,玉溪市,7255575.0,90774.0,6.23,False,219.0,5.389071729816501
江西省,360900,宜春市,2017-6,1962-2,颜赣辉,57,True,-12.0,2020-02-06,2,0.0,1.0,5.0,6.0,10.0,14.0,14.0,26.0,29.0,31.0,36.0,45.0,48.0,54.0,62.0,67.0,74.0,77.0,83.0,88.0,95.0,101.0,102.0,104.0,106.0,106.0,106.0,106.0,106.0,106.0,106.0,106.0,106.0,106.0,106.0,106.0,106.0,0,宜春市,2850981.0,26574.0,9.5,False,602.0,6.400257445308821
陕西省,610700,汉中市,2017-1,1963-7,王建军,56,False,,,3,0.0,0.0,1.0,3.0,4.0,6.0,6.0,11.0,13.0,15.0,15.0,16.0,19.0,20.0,21.0,21.0,21.0,21.0,21.0,21.0,21.0,21.0,21.0,25.0,25.0,25.0,26.0,26.0,26.0,26.0,26.0,26.0,26.0,26.0,26.0,26.0,26.0,0,汉中市,4798198.0,42361.0,9.96,False,382.0,5.945420608606575
内蒙古自治区,150900,乌兰察布市,2017-5,1965-5,杜学军,54,True,-13.0,2020-02-13,2,0.0,0.0,0.0,0.0,0.0,0.0,0.0,2.0,2.0,2.0,3.0,3.0,3.0,3.0,3.0,3.0,3.0,3.0,3.0,3.0,3.0,3.0,3.0,3.0,3.0,3.0,3.0,3.0,3.0,3.0,3.0,3.0,3.0,3.0,3.0,3.0,3.0,0,乌兰察布市,1534132.0,37491.0,5.9,False,272.0,5.605802066295998
湖北省,420800,荆门市,2017-11,1962-9,张爱国,57,True,0.0,2020-01-24,2,8.0,21.0,38.0,90.0,114.0,142.0,191.0,227.0,251.0,329.0,345.0,400.0,422.0,508.0,553.0,588.0,663.0,641.0,656.0,696.0,927.0,901.0,902.0,909.0,915.0,900.0,901.0,794.0,800.0,914.0,918.0,920.0,920.0,922.0,923.0,924.0,924.0,0,荆门市,5659000.0,82014.0,7.7,False,294.0,5.683579767338681
