locked_on_date,bd_feb15avgdif_holi,bd_feb15avgdif_date,bd_feb29avgdif_holi,bd_feb29avgdif_date,popHR18_all,prov,ctnm,case_on_date,gdp2018,case_per_10k,second_ind,third_ind,age_feb20,tenure,prov_leader_rank,num_hospital_total,num_doctors_total,num_firm_total,pct_of_non_domestic_firm,secondary_emp_share_total,tertiary_emp_share_total,is_STEM_major,is_BA,is_MA,is_PhD,is_female,rule_in_native_prov,party_age,work_age
0,5.335265217391303,5.815734782608695,1.963124324324324,2.261794594594594,588.0,安徽省,六安市,63.0,5320556.0,0.10714285714285714,43.58,42.02,57,8,36.14,29.0,9062.0,914.0,2.7352297592997807,19.64,77.44,0.0,1,0,0,0,1,33.0,35.0
0,4.676186956521738,4.6830043478260865,1.6011297297297276,1.6053675675675674,387.0,广西壮族自治区,柳州市,24.0,22256613.0,0.06201550387596899,57.5,39.98,60,7,37.35,65.0,10330.0,835.0,4.311377245508982,56.85,42.46,0.0,0,1,0,0,0,31.0,42.0
0,5.036369565217392,5.174286956521738,1.8649351351351355,1.9506675675675669,534.0,广西壮族自治区,桂林市,31.0,8119388.0,0.05805243445692884,34.08,59.67,60,7,37.35,66.0,11614.0,646.0,4.643962848297214,36.93,62.02,0.0,0,1,0,0,0,36.0,37.0
0,4.338286956521737,4.8469869565217385,0.9872027027027012,1.3034216216216208,418.0,广西壮族自治区,百色市,3.0,2872060.0,0.007177033492822967,50.3,39.52,58,6,37.35,34.0,6382.0,354.0,3.6723163841807906,26.08,72.82,0.0,0,0,1,0,1,34.0,30.0
0,4.2474304347826095,4.404686956521743,1.0397378378378384,1.137491891891894,253.0,云南省,普洱市,4.0,1477545.0,0.015810276679841896,39.75,50.49,55,6,30.69,43.0,4215.0,159.0,4.402515723270441,36.89,62.29,0.0,0,1,0,0,1,35.0,32.0
0,5.152308695652172,5.321713043478257,2.1305567567567567,2.2358621621621606,1051.0,河北省,邯郸市,31.0,13518281.0,0.029495718363463368,43.22,50.31,52,6,31.22,214.0,20836.0,1344.0,2.380952380952381,37.15,62.58,0.0,0,1,0,0,1,29.0,33.0
0,4.114426086956525,4.488604347826088,1.1530513513513525,1.385648648648648,305.0,陕西省,安康市,24.0,2909198.0,0.07868852459016394,43.51,47.98,56,6,43.47,48.0,8577.0,647.0,0.4636785162287481,27.71,72.11,0.0,0,0,1,0,0,35.0,37.0
0,3.8936565217391297,4.158143478260868,1.1090972972972968,1.2735081081081066,287.0,甘肃省,陇南市,4.0,1093212.0,0.013937282229965157,13.57,71.21,53,6,31.0,290.0,3869.0,81.0,0.0,20.49,68.81,1.0,0,0,1,0,0,34.0,28.0
0,4.4258000000000015,4.5754521739130425,1.5732459459459456,1.6662729729729726,371.0,甘肃省,天水市,12.0,3697913.0,0.03234501347708895,40.14,53.56,56,6,31.0,49.0,5045.0,170.0,1.1764705882352942,30.18,67.45,0.0,0,1,0,0,0,35.0,34.0
1,4.358539130434783,4.485626086956521,1.0363486486486484,1.1153486486486492,336.0,辽宁省,朝阳市,6.0,1936827.0,0.017857142857142856,30.65,61.88,55,5,60.3,80.0,7464.0,248.0,6.854838709677418,25.5,74.0,0.0,0,0,1,0,1,34.0,31.0
0,4.272556521739127,4.808021739130439,1.3222459459459452,1.6551027027027043,522.0,湖南省,怀化市,40.0,3456184.0,0.07662835249042145,19.88,77.49,57,5,35.3,398.0,11607.0,630.0,2.2222222222222223,21.06,78.49,0.0,0,0,1,0,1,36.0,35.0
0,4.619299999999999,4.909769565217392,1.7223054054054057,1.9028675675675681,390.0,安徽省,淮南市,23.0,6293324.0,0.05897435897435897,45.17,48.07,58,5,36.14,72.0,6201.0,610.0,3.4426229508196724,48.27,49.86,0.0,0,1,0,0,1,36.0,36.0
0,3.581017391304348,4.105208695652173,0.4906378378378378,0.8164864864864878,661.0,云南省,曲靖市,13.0,8096320.0,0.019667170953101363,47.4,44.67,57,4,30.69,113.0,9345.0,638.0,1.5673981191222568,54.03,45.73,0.0,0,1,0,0,1,35.0,35.0
0,4.272552173913043,4.307860869565218,1.5685594594594583,1.5905081081081072,380.0,河北省,承德市,7.0,4045897.0,0.018421052631578946,45.97,53.03,56,4,31.22,79.0,9732.0,432.0,2.5462962962962963,23.91,74.96,0.0,0,1,0,0,1,35.0,35.0
1,4.28535652173913,4.220334782608697,1.1964891891891891,1.1560702702702708,177.0,辽宁省,辽阳市,3.0,5135963.0,0.01694915254237288,54.36,42.45,56,4,60.3,62.0,4593.0,194.0,7.731958762886598,48.32,47.72,0.0,0,1,0,0,1,33.0,45.0
0,4.702904347826088,5.412695652173916,1.4234702702702706,1.8646918918918929,556.0,广西壮族自治区,贵港市,8.0,4597731.0,0.014388489208633094,38.61,46.08,57,4,37.35,51.0,6589.0,500.0,6.6000000000000005,22.565320665083103,76.959619952494,1.0,0,1,0,0,0,30.0,39.0
0,4.149499999999998,4.811517391304347,1.1176324324324312,1.5291567567567586,430.0,广西壮族自治区,河池市,22.0,2565998.0,0.05116279069767442,22.91,54.46,57,4,37.35,34.0,6286.0,173.0,2.312138728323699,20.73,77.5,0.0,0,1,0,0,0,34.0,36.0
0,4.427160869565217,4.54559565217391,1.5254459459459455,1.5990675675675663,191.0,吉林省,白城市,1.0,1676260.0,0.005235602094240838,13.85,73.96,60,4,44.12,40.0,4687.0,349.0,4.584527220630372,19.41,70.9,1.0,0,1,0,0,1,35.0,36.0
0,5.5955434782608675,5.8063391304347824,1.9016540540540536,2.0326891891891896,148.0,安徽省,黄山市,9.0,2869916.0,0.060810810810810814,31.07,62.85,53,4,36.14,32.0,3398.0,528.0,3.0303030303030303,30.45,68.66,0.0,0,1,0,0,0,33.0,29.0
0,5.965791304347826,6.2931739130434785,2.7550702702702705,2.958578378378378,432.0,河南省,濮阳市,17.0,4387409.0,0.03935185185185185,45.47,50.45,57,4,55.64,61.0,7939.0,890.0,2.02247191011236,57.83,42.14,0.0,0,1,0,0,1,33.0,35.0
0,4.672226086956521,5.207491304347825,1.5754189189189178,1.9081513513513508,534.0,湖南省,郴州市,39.0,6904667.0,0.07303370786516854,42.09,54.4,57,4,35.3,339.0,11028.0,1076.0,4.368029739776952,37.21,62.26,0.0,1,0,0,0,1,32.0,36.0
0,4.593452173913045,4.601621739130435,1.9913432432432447,1.9964216216216224,468.0,陕西省,咸阳市,17.0,7049152.0,0.03632478632478633,71.34,27.71,58,4,43.47,151.0,10820.0,727.0,4.264099037138927,49.65,49.95,1.0,0,0,1,0,0,34.0,37.0
1,5.13125217391304,5.8930739130434775,1.6638918918918906,2.137456756756757,431.0,江西省,抚州市,72.0,3966520.0,0.16705336426914152,46.5,41.95,57,4,32.02,48.0,5528.0,994.0,4.728370221327968,51.33,47.94,0.0,0,1,0,0,1,35.0,38.0
0,4.5360000000000005,4.380013043478261,1.7540729729729732,1.6571081081081085,206.0,青海省,西宁市,15.0,10086748.0,0.07281553398058252,37.4,62.35,51,4,35.9,73.0,8522.0,270.0,4.814814814814816,38.71,60.97,0.0,0,0,1,0,0,32.0,30.0
1,4.784426086956521,4.694882608695653,1.9360648648648648,1.8804027027027042,757.0,广西壮族自治区,南宁市,49.0,34107409.0,0.06472919418758256,40.15,53.66,58,4,37.35,115.0,23412.0,960.0,7.8125,40.44,58.6,1.0,0,1,0,0,0,39.0,43.0
0,4.6809304347826135,4.631139130434784,1.7551756756756776,1.7242243243243252,238.0,陕西省,延安市,8.0,3825290.0,0.03361344537815126,43.17,51.27,57,4,43.47,63.0,5266.0,171.0,1.7543859649122806,41.68,57.59,0.0,0,1,0,0,1,35.0,35.0
1,5.4467130434782565,5.86501304347826,1.9023324324324304,2.1623567567567563,974.0,江西省,赣州市,76.0,7665439.0,0.07802874743326489,43.71,49.75,57,4,32.02,85.0,14048.0,1800.0,11.333333333333332,35.27,63.84,1.0,1,0,0,0,0,35.0,35.0
1,4.330795652173912,3.9601956521739137,1.7116945945945932,1.4813216216216212,563.0,云南省,昆明市,48.0,38896946.0,0.0852575488454707,38.71,59.95,58,4,30.69,308.0,27317.0,990.0,7.777777777777778,41.05,58.71,1.0,0,0,1,0,0,37.0,36.0
1,5.346634782608693,5.595791304347826,1.9776486486486464,2.132529729729729,169.0,江西省,景德镇市,5.0,3854290.0,0.029585798816568046,44.54,54.06,56,4,32.02,31.0,3147.0,327.0,6.422018348623854,45.92,50.89,0.0,0,1,0,0,1,34.0,37.0
0,4.3204217391304365,4.680682608695653,1.2309459459459466,1.4548918918918927,250.0,广西壮族自治区,崇左市,0.0,1936177.0,0.0,47.77,37.48,56,4,37.35,30.0,3374.0,201.0,9.452736318407961,22.67,68.45,0.0,0,0,1,0,1,30.0,32.0
0,4.65574347826087,4.304869565217392,2.0272054054054056,1.8090945945945949,326.0,甘肃省,兰州市,35.0,20965283.0,0.10736196319018405,32.59,66.84,53,3,31.0,127.0,13692.0,351.0,4.843304843304843,42.07,57.86,0.0,0,1,0,0,0,30.0,30.0
0,4.1070913043478265,4.374039130434783,1.3101432432432425,1.4760837837837837,270.0,甘肃省,庆阳市,3.0,2029988.0,0.011111111111111112,51.88,45.3,56,3,31.0,28.0,4149.0,107.0,0.9345794392523364,33.05,66.72,1.0,0,1,0,0,1,31.0,31.0
0,4.893104347826087,4.84355652173913,2.0236108108108115,1.9928108108108105,175.0,广西壮族自治区,北海市,43.0,9651455.0,0.24571428571428572,62.12,27.8,57,3,37.35,25.0,3514.0,212.0,17.452830188679243,35.53,61.07,0.0,0,0,1,0,0,33.0,35.0
0,4.897752173913044,5.447908695652171,1.55752972972973,1.8995189189189188,244.0,广西壮族自治区,贺州市,4.0,3141921.0,0.01639344262295082,40.79,42.78,56,3,37.35,28.0,3449.0,204.0,7.84313725490196,16.84,81.69,0.0,0,1,0,0,1,34.0,34.0
0,3.581347826086958,4.217499999999999,0.3068081081081102,0.7022540540540536,923.0,贵州省,毕节市,23.0,3721144.0,0.024918743228602384,31.81,50.5,59,3,35.3,509.0,11505.0,549.0,1.275045537340619,18.37,81.27,0.0,0,1,0,0,0,34.0,37.0
1,5.170039130434782,4.979647826086957,2.305664864864865,2.187313513513514,973.0,河北省,石家庄市,27.0,33962728.0,0.02774922918807811,38.88,58.95,58,3,31.22,235.0,34487.0,2638.0,3.3358605003790758,30.55,69.25,0.0,0,1,0,0,1,35.0,43.0
1,5.452169565217392,5.423343478260869,2.528045945945945,2.5101270270270275,778.0,河北省,沧州市,46.0,8667928.0,0.05912596401028278,50.01,48.77,54,3,31.22,154.0,19233.0,2417.0,3.9718659495242035,25.07,73.6,1.0,0,0,1,0,1,35.0,30.0
0,4.158447826086956,4.150217391304347,1.4256540540540534,1.4205378378378368,318.0,山西省,大同市,12.0,8866388.0,0.03773584905660377,38.54,60.0,55,3,31.47,143.0,9464.0,232.0,6.896551724137932,50.68,48.99,1.0,0,0,1,0,0,34.0,30.0
0,4.916943478260869,4.935091304347825,1.9298891891891883,1.9411702702702684,392.0,山西省,吕梁市,6.0,813938.0,0.015306122448979591,28.09,69.47,57,3,31.47,104.0,7201.0,451.0,3.104212860310421,42.8,56.99,0.0,0,1,0,0,1,35.0,37.0
1,5.343147826086958,5.111526086956523,2.065494594594596,1.9215135135135155,224.0,内蒙古自治区,包头市,11.0,24190700.0,0.049107142857142856,40.7,58.17,60,3,35.79,84.0,8588.0,401.0,4.7381546134663335,47.71,51.56,0.0,1,0,0,0,1,36.0,36.0
0,4.534739130434785,4.890386956521739,2.151435135135136,2.3725135135135123,528.0,黑龙江省,绥化市,46.0,1765596.0,0.08712121212121213,25.77,28.15,56,3,31.47,64.0,10613.0,314.0,2.2292993630573252,22.59,73.09,0.0,0,1,0,0,1,27.0,33.0
0,5.399273913043479,6.097860869565213,2.1134000000000004,2.547656756756754,656.0,安徽省,宿州市,39.0,6442018.0,0.05945121951219512,38.42,51.42,56,3,36.14,81.0,9221.0,1272.0,2.279874213836478,29.188078000000004,35.174717,0.0,0,1,0,0,1,30.0,37.0
0,5.613356521739129,6.026900000000002,2.6271162162162156,2.8841837837837856,1200.0,河南省,南阳市,150.0,7557584.0,0.125,33.79,59.51,58,3,55.64,108.0,17993.0,1969.0,1.8791264601320468,41.35,58.11,1.0,0,1,0,0,1,35.0,37.0
0,4.791052173913041,5.150813043478259,1.385694594594593,1.6093297297297289,170.0,湖南省,张家界市,5.0,2796735.0,0.029411764705882353,15.71,77.29,55,3,35.3,30.0,3207.0,213.0,2.3474178403755865,22.07,77.51,0.0,1,0,0,0,1,35.0,35.0
0,4.315926086956521,4.792647826086958,1.305994594594595,1.602335135135136,479.0,湖南省,益阳市,59.0,6868076.0,0.12317327766179541,47.4,44.13,54,3,35.3,82.0,10996.0,1079.0,2.9657089898053752,40.82,58.89,0.0,0,1,0,0,1,34.0,35.0
1,4.961182608695653,4.72751739130435,1.7747810810810818,1.629529729729732,44.0,内蒙古自治区,乌海市,2.0,4100777.0,0.045454545454545456,57.7,41.07,56,3,35.79,27.0,1536.0,144.0,1.3888888888888888,49.71,50.11,0.0,0,1,0,0,1,35.0,36.0
1,5.427695652173912,5.051630434782608,2.0450540540540545,1.8112837837837843,161.0,内蒙古自治区,鄂尔多斯市,11.0,7467000.0,0.06832298136645963,33.57,66.22,58,3,35.79,90.0,5652.0,399.0,4.511278195488722,45.53,53.67,0.0,0,1,0,0,0,28.0,40.0
0,4.5786869565217385,4.628639130434783,2.055137837837837,2.0861891891891893,101.0,黑龙江省,鹤岗市,5.0,1415313.0,0.04950495049504951,50.89,43.03,50,3,31.47,49.0,3067.0,123.0,4.065040650406504,34.4,35.85,0.0,0,1,0,0,1,21.0,29.0
0,3.373460869565217,3.999534782608693,0.3275162162162157,0.7166972972972959,303.0,四川省,广元市,6.0,3440379.0,0.019801980198019802,51.34,39.84,56,4,66.1,73.0,5886.0,465.0,1.2903225806451613,28.73,71.01,0.0,0,0,1,0,1,34.0,33.0
0,4.3049521739130405,4.36671304347826,1.244237837837836,1.2826297297297296,352.0,四川省,乐山市,3.0,7191902.0,0.008522727272727272,51.52,42.25,56,4,66.1,97.0,7537.0,625.0,2.08,41.54,57.55,1.0,0,0,1,0,0,33.0,35.0
0,3.732008695652176,4.489869565217389,1.1394189189189192,1.6105216216216207,672.0,四川省,达州市,36.0,4890622.0,0.05357142857142857,32.6,52.14,56,4,66.1,398.0,6937.0,560.0,0.8928571428571428,45.47,53.69,1.0,0,0,1,1,0,36.0,35.0
0,4.810843478260869,4.98515652173913,2.372127027027028,2.480483783783784,534.0,黑龙江省,齐齐哈尔市,36.0,6366549.0,0.06741573033707865,28.65,67.36,56,4,31.47,116.0,10377.0,367.0,5.177111716621254,24.05,63.59,1.0,0,0,1,0,1,26.0,35.0
1,4.472213043478262,3.6539434782608713,1.868940540540541,1.3602864864864874,420.0,广东省,佛山市,84.0,93985162.0,0.2,57.72,40.86,55,4,182.12,110.0,18134.0,6212.0,18.399871216999355,70.75,29.23,0.0,0,0,1,0,0,33.0,37.0
0,3.816260869565217,4.036743478260869,0.9085540540540542,1.0456108108108113,263.0,云南省,保山市,9.0,2604239.0,0.034220532319391636,35.96,44.55,57,3,30.69,50.0,4360.0,258.0,1.937984496124031,46.51,52.16,0.0,0,1,0,0,1,34.0,37.0
1,5.517395652173913,5.699091304347827,2.1455,2.2584459459459465,200.0,江西省,萍乡市,32.0,6083233.0,0.16,49.6,47.33,51,3,32.02,32.0,4433.0,578.0,3.97923875432526,52.05,47.65,0.0,0,0,1,0,0,25.0,31.0
0,5.2512739130434785,5.991739130434783,1.7188216216216214,2.1791108108108106,531.0,安徽省,安庆市,82.0,5138061.0,0.1544256120527307,43.69,53.59,55,3,36.14,69.0,8638.0,1716.0,2.797202797202797,40.22,55.87,1.0,1,0,0,0,0,21.0,32.0
0,5.614199999999998,6.614234782608694,1.8300729729729728,2.4517162162162167,651.0,安徽省,亳州市,107.0,4212362.0,0.16436251920122888,42.41,41.89,54,3,36.14,62.0,6397.0,1032.0,0.6782945736434108,31.33,68.6,1.0,0,1,0,0,1,31.0,35.0
0,5.093147826086956,5.2194956521739115,1.9820540540540537,2.0605945945945936,403.0,湖南省,株洲市,78.0,11740538.0,0.1935483870967742,45.01,52.97,57,3,35.3,190.0,10620.0,1658.0,2.714113389626055,54.9,44.75,1.0,0,0,1,0,1,28.0,36.0
0,4.73322608695652,4.868091304347823,1.5919837837837822,1.675818918918917,288.0,湖南省,湘潭市,35.0,12342154.0,0.12152777777777778,54.41,44.1,55,3,35.3,63.0,7526.0,970.0,3.608247422680412,58.54,41.45,0.0,0,1,0,0,1,27.0,31.0
0,4.012208695652172,4.801491304347825,1.0143432432432418,1.504978378378377,826.0,湖南省,邵阳市,100.0,3417031.0,0.12106537530266344,46.34,50.17,58,3,35.3,293.0,12799.0,1256.0,2.070063694267516,37.43,61.65,0.0,0,1,0,0,0,33.0,32.0
1,5.5242652173913065,6.324191304347828,1.9781783783783795,2.4754297297297305,783.0,江西省,上饶市,123.0,6203743.0,0.15708812260536398,41.95,53.24,57,3,32.02,147.0,11101.0,1303.0,2.609363008442057,42.54,56.19,0.0,0,1,0,0,1,36.0,37.0
0,5.772043478260867,5.9266869565217375,2.777089189189188,2.8732189189189183,624.0,河南省,安阳市,51.0,6166974.0,0.08173076923076923,45.1,53.72,57,3,55.64,100.0,13263.0,944.0,1.6949152542372878,59.76,40.12,1.0,1,0,0,0,1,36.0,37.0
0,6.0480652173913025,6.022678260869562,2.839848648648649,2.8240675675675666,371.0,河南省,焦作市,30.0,5162899.0,0.08086253369272237,42.5,56.27,57,3,55.64,92.0,8994.0,1289.0,2.094647013188518,60.55,39.38,0.0,0,1,0,0,0,35.0,35.0
0,4.310673913043479,4.8796086956521725,1.1699891891891898,1.5236513513513517,268.0,广西壮族自治区,来宾市,11.0,2936789.0,0.041044776119402986,34.75,42.91,54,3,37.35,21.0,3772.0,227.0,4.405286343612334,24.93,67.85,1.0,0,1,0,0,1,24.0,29.0
1,5.703052173913036,6.345586956521739,2.637013513513511,3.0364270270270266,911.0,河南省,信阳市,252.0,5867475.0,0.27661909989023054,44.66,43.08,58,3,55.64,270.0,9940.0,1110.0,1.351351351351351,43.66,56.17,0.0,0,1,0,0,1,29.0,35.0
0,4.3239478260869575,3.9767826086956535,1.4906864864864864,1.2748810810810816,396.0,广东省,江门市,22.0,14192763.0,0.05555555555555555,49.77,46.83,57,3,182.12,44.0,9859.0,2112.0,32.95454545454545,57.62,42.28,0.0,0,1,0,0,1,34.0,38.0
0,2.2257956521739124,2.189117391304347,0.3633405405405403,0.3405405405405406,79.0,西藏自治区,日喀则市,0.0,731016.0,0.0,40.63,51.83,55,3,35.26,22.0,1383.0,15.0,0.0,7.93,91.3,0.0,0,1,0,0,0,30.0,39.0
0,2.5796782608695645,2.327569565217392,0.8548891891891892,0.6981729729729733,19.0,西藏自治区,林芝市,0.0,652800.0,0.0,38.56,59.11,58,3,35.26,17.0,431.0,3.0,0.0,6.67,89.93,0.0,0,1,0,0,0,32.0,36.0
0,4.688256521739127,4.330978260869565,2.2660945945945934,2.0440027027027026,474.0,河北省,廊坊市,29.0,8648469.0,0.06118143459915612,38.63,59.19,54,3,31.22,153.0,11877.0,1180.0,12.627118644067798,45.01,54.44,0.0,0,1,0,0,1,35.0,34.0
1,4.160382608695653,4.550821739130434,1.1179891891891889,1.3606945945945927,555.0,四川省,宜宾市,11.0,7516818.0,0.01981981981981982,51.06,42.6,57,3,66.1,172.0,9022.0,692.0,1.300578034682081,48.21,51.23,0.0,0,1,0,0,1,37.0,24.0
0,4.25561304347826,4.938665217391305,1.1803621621621607,1.6049621621621624,733.0,四川省,南充市,35.0,6692215.0,0.047748976807639835,43.99,42.96,57,3,66.1,112.0,13077.0,722.0,1.662049861495845,39.98,59.83,0.0,1,0,0,0,1,36.0,36.0
1,4.116465217391303,4.565556521739131,1.279567567567566,1.5587324324324316,415.0,四川省,内江市,22.0,4772911.0,0.05301204819277108,44.3,41.8,55,3,66.1,72.0,5507.0,317.0,4.416403785488959,50.86,48.86,0.0,0,1,0,0,0,33.0,37.0
0,4.938852173913046,5.02565217391304,1.8860351351351368,1.939991891891892,228.0,河南省,三门峡市,7.0,4316182.0,0.03070175438596491,45.02,49.12,56,3,55.64,51.0,5297.0,501.0,2.7944111776447107,50.95,48.75,0.0,0,0,1,0,1,34.0,32.0
0,5.972547826086958,6.641647826086958,2.353191891891892,2.7691189189189203,987.0,河南省,商丘市,90.0,4793000.0,0.0911854103343465,43.97,42.02,54,3,55.64,79.0,14756.0,1350.0,1.925925925925926,46.88,53.01,1.0,0,1,0,0,1,35.0,27.0
0,4.117517391304347,4.933,0.6792486486486471,1.186170270270269,440.0,贵州省,铜仁市,10.0,2077400.0,0.022727272727272728,39.59,48.93,50,3,35.3,99.0,6432.0,550.0,1.0909090909090908,14.0,85.58,0.0,0,1,0,0,1,29.0,31.0
1,5.2298304347826114,5.498099999999999,2.196202702702704,2.3629648648648653,217.0,安徽省,淮北市,26.0,6229180.0,0.11981566820276497,58.86,37.7,54,3,36.14,69.0,4524.0,738.0,2.4390243902439024,63.08,36.92,0.0,0,1,0,0,1,33.0,36.0
0,4.47567391304348,4.6398869565217415,1.5804081081081094,1.6824864864864877,319.0,福建省,南平市,20.0,5263855.0,0.06269592476489028,48.34,38.53,55,3,35.3,51.0,5382.0,1089.0,4.040404040404041,37.19,60.05,1.0,0,0,1,0,0,35.0,33.0
0,4.649556521739127,4.548473913043479,1.2593324324324304,1.1964972972972974,232.0,辽宁省,营口市,1.0,8078204.0,0.004310344827586207,42.0,55.25,59,3,60.3,126.0,5952.0,576.0,16.319444444444443,34.53,65.11,1.0,1,0,0,0,1,37.0,36.0
1,6.4537260869565225,6.642369565217392,3.2769594594594595,3.394224324324324,122.0,江西省,新余市,127.0,7565744.0,1.040983606557377,52.82,42.54,52,3,32.02,14.0,4201.0,369.0,4.607046070460704,62.05,37.69,0.0,0,1,0,0,0,31.0,30.0
1,4.729013043478262,5.244869565217392,1.6348054054054069,1.9554729729729745,536.0,江西省,吉安市,20.0,2531933.0,0.03731343283582089,44.99,48.27,56,3,32.02,57.0,8028.0,1222.0,7.201309328968903,48.85,49.14,1.0,0,1,0,0,0,36.0,30.0
0,5.429539130434784,5.496273913043479,2.456524324324324,2.498008108108108,737.0,河南省,洛阳市,31.0,16555755.0,0.04206241519674356,37.74,61.18,56,3,55.64,142.0,17586.0,1975.0,2.3797468354430378,48.72,51.15,1.0,0,0,1,0,1,36.0,39.0
0,3.6597739130434777,4.051691304347827,0.5038864864864854,0.7475108108108106,239.0,云南省,临沧市,1.0,1065841.0,0.0041841004184100415,34.02,50.89,55,3,30.69,53.0,3315.0,173.0,1.1560693641618496,28.84,64.46,0.0,0,1,0,0,1,34.0,33.0
0,3.260086956521739,2.921904347826088,1.2769270270270272,1.0667054054054066,54.0,西藏自治区,拉萨市,1.0,2878800.0,0.018518518518518517,33.09,65.28,53,3,35.26,28.0,2552.0,76.0,3.947368421052632,16.62,50.88,0.0,0,1,0,0,1,28.0,32.0
0,4.038391304347829,4.211613043478259,1.2390432432432452,1.34672162162162,154.0,四川省,雅安市,7.0,2398237.0,0.045454545454545456,37.58,47.5,58,2,66.1,44.0,3941.0,314.0,2.5477707006369434,29.84,69.51,0.0,0,1,0,0,1,35.0,39.0
0,5.569391304347825,5.957617391304347,2.4526324324324325,2.6939621621621637,381.0,安徽省,蚌埠市,153.0,8445969.0,0.4015748031496063,49.47,47.49,58,2,36.14,81.0,6297.0,1115.0,3.5874439461883414,42.51,57.34,1.0,1,0,0,0,1,34.0,37.0
0,4.756208695652174,4.833313043478261,1.6621918918918919,1.7101216216216226,229.0,安徽省,马鞍山市,35.0,10425427.0,0.15283842794759825,53.91,44.88,55,2,36.14,62.0,4756.0,1054.0,5.597722960151803,52.49,47.19,0.0,1,0,0,0,1,28.0,34.0
0,5.6618782608695675,5.91795652173913,2.4164351351351363,2.57561891891892,559.0,河南省,开封市,25.0,6887402.0,0.044722719141323794,34.99,55.18,53,2,55.64,105.0,11280.0,1347.0,2.3756495916852263,54.17,45.7,0.0,0,1,0,1,1,32.0,29.0
0,5.639639130434783,5.8742130434782585,2.438097297297297,2.5839135135135125,567.0,河南省,平顶山市,58.0,5649429.0,0.10229276895943562,51.9,47.07,57,2,55.64,87.0,11355.0,885.0,2.485875706214689,54.64,45.28,0.0,0,1,0,0,1,29.0,36.0
0,4.745656521739129,4.858130434782608,1.7090945945945943,1.779010810810811,96.0,海南省,儋州市,15.0,3229700.0,0.15625,13.1,48.6,53,2,32.74,22.0,1680.0,18.0,16.666666666666664,11.730382,44.507042,0.0,0,0,1,0,0,33.0,29.0
0,4.083482608695654,4.463295652173915,1.0307972972972983,1.2668972972972992,342.0,贵州省,六盘水市,10.0,4673400.0,0.029239766081871343,46.61,52.04,55,2,35.3,111.0,5106.0,452.0,1.106194690265487,46.0,53.73,0.0,0,1,0,0,1,36.0,36.0
0,5.609765217391304,5.549365217391306,2.6890783783783783,2.6515324324324325,221.0,山西省,晋城市,8.0,2681085.0,0.03619909502262444,30.34,69.4,55,2,31.47,83.0,5730.0,259.0,5.791505791505792,61.67,37.95,1.0,0,0,1,0,0,22.0,37.0
1,5.617578260869565,4.805695652173912,2.2651729729729726,1.7604891891891885,597.0,浙江省,宁波市,154.0,62826874.0,0.25795644891122277,49.53,48.97,58,2,66.3,154.0,24268.0,7500.0,19.573333333333334,61.02,38.96,0.0,0,1,0,0,0,34.0,37.0
1,5.6076826086956535,6.316856521739132,2.4254891891891908,2.8663270270270282,961.0,河南省,驻马店市,138.0,3668609.0,0.14360041623309053,46.95,45.74,54,2,55.64,79.0,12896.0,1715.0,1.6909620991253644,44.74,54.39,0.0,0,1,0,0,1,34.0,30.0
0,4.629686956521741,4.145099999999999,1.52171891891892,1.220489189189189,97.0,浙江省,舟山市,10.0,9165154.0,0.10309278350515463,34.21,58.13,56,2,66.3,30.0,3581.0,351.0,6.552706552706553,33.2,66.76,0.0,1,0,0,0,1,33.0,38.0
0,5.806417391304345,5.8809999999999985,2.640437837837836,2.686799999999999,647.0,河南省,新乡市,55.0,8005138.0,0.08500772797527048,42.89,56.17,56,2,55.64,115.0,14298.0,1240.0,4.032258064516129,60.65,39.28,0.0,0,1,0,0,1,35.0,37.0
0,5.667504347826089,6.597613043478263,2.195956756756758,2.7741324324324332,1258.0,河南省,周口市,70.0,2360046.0,0.05564387917329094,49.87,46.49,56,2,55.64,140.0,16413.0,1274.0,1.7268445839874411,48.39,51.43,0.0,0,1,0,0,1,35.0,24.0
0,4.413708695652173,4.4453652173913065,1.732981081081081,1.7526594594594609,465.0,河北省,张家口市,33.0,7093733.0,0.07096774193548387,38.92,54.07,58,2,31.22,100.0,9401.0,446.0,6.95067264573991,21.88,77.57,0.0,0,0,1,0,1,37.0,39.0
0,4.9497652173913025,4.933334782608696,2.3056216216216217,2.295408108108108,273.0,黑龙江省,大庆市,19.0,22907157.0,0.0695970695970696,62.09,35.51,56,2,31.47,113.0,9926.0,419.0,3.818615751789976,49.62,49.81,1.0,0,0,1,0,1,33.0,30.0
0,4.839695652173912,5.17654347826087,1.5030567567567563,1.7124486486486483,162.0,安徽省,池州市,17.0,3508409.0,0.10493827160493827,49.57,41.7,49,2,36.14,30.0,2932.0,580.0,2.931034482758621,36.82,62.5,1.0,0,0,1,1,1,24.0,29.0
0,4.0654913043478285,4.382321739130436,1.0258108108108122,1.2227594594594595,839.0,广东省,湛江市,22.0,12740693.0,0.026221692491060787,45.22,49.4,51,2,182.12,103.0,12810.0,866.0,8.775981524249422,36.69,60.48,0.0,0,0,1,0,1,31.0,29.0
0,5.0248782608695635,4.66722608695652,2.1759729729729718,1.953648648648647,1435.0,四川省,成都市,139.0,110100047.0,0.09686411149825784,43.92,54.56,53,2,66.1,888.0,58159.0,3631.0,8.620214816854862,34.01,65.36,0.0,0,1,0,0,0,34.0,35.0
0,3.4914260869565217,4.252852173913043,0.2916945945945937,0.7650135135135123,619.0,云南省,昭通市,25.0,2558688.0,0.04038772213247173,49.28,39.59,55,2,30.69,297.0,7676.0,130.0,3.8461538461538463,23.83,75.5,0.0,0,1,0,0,1,28.0,37.0
0,4.608334782608696,4.317295652173912,2.7396135135135142,2.558697297297297,223.0,新疆维吾尔自治区,乌鲁木齐市,23.0,27075290.0,0.1031390134529148,30.24,69.11,55,2,73.45,127.0,14482.0,360.0,4.4444444444444455,31.77,66.88,0.0,0,1,0,0,0,35.0,34.0
0,4.921839130434784,4.675986956521741,2.8689054054054064,2.716078378378379,31.0,新疆维吾尔自治区,克拉玛依市,0.0,7445034.0,0.0,70.34,28.99,56,2,73.45,5.0,2480.0,87.0,2.2988505747126435,58.81,41.13,0.0,1,0,0,0,0,25.0,33.0
0,5.054278260869563,4.9699304347826105,1.8823432432432432,1.8299108108108115,388.0,安徽省,芜湖市,31.0,19018514.0,0.07989690721649484,55.94,42.62,51,2,36.14,83.0,8702.0,1962.0,6.422018348623854,53.2,46.73,0.0,0,1,0,0,1,33.0,33.0
0,3.580239130434782,3.7412608695652176,1.109159459459459,1.2092540540540542,373.0,广东省,河源市,3.0,3790678.0,0.00804289544235925,54.72,44.55,55,2,182.12,52.0,5742.0,602.0,26.578073089701,47.9,51.84,1.0,1,0,0,0,0,35.0,34.0
0,4.444439130434782,5.089713043478262,1.4209459459459457,1.8220621621621609,411.0,广西壮族自治区,钦州市,8.0,5918520.0,0.019464720194647202,36.31,42.96,57,2,37.35,22.0,5316.0,326.0,7.975460122699388,42.904841,56.176961999999996,0.0,0,1,0,1,0,32.0,37.0
0,2.4585913043478262,2.19828695652174,0.654672972972973,0.4928621621621616,76.0,西藏自治区,昌都市,0.0,563394.0,0.0,44.22,48.89,52,2,35.26,28.0,836.0,4.0,25.0,12.63,86.32,0.0,0,1,0,0,1,27.0,30.0
0,4.6749086956521735,4.604782608695652,1.5933027027027031,1.5497108108108095,385.0,陕西省,榆林市,3.0,6984704.0,0.007792207792207792,58.87,36.99,59,2,43.47,109.0,7390.0,839.0,0.9535160905840284,41.16,57.88,1.0,1,0,0,0,1,33.0,37.0
0,4.57746086956522,4.7002000000000015,1.6075027027027042,1.6837999999999995,182.0,甘肃省,白银市,4.0,2679410.0,0.02197802197802198,49.89,46.84,53,2,31.0,102.0,3341.0,137.0,4.37956204379562,43.95,54.81,0.0,0,1,0,1,0,28.0,35.0
0,4.340891304347823,4.5321739130434775,1.281075675675675,1.3999810810810809,190.0,甘肃省,武威市,0.0,2722793.0,0.0,31.62,46.94,48,2,31.0,12.0,3695.0,219.0,1.8264840182648399,32.37,65.47,0.0,0,1,0,0,1,26.0,28.0
0,4.7062086956521725,4.49825652173913,2.5452351351351346,2.4159675675675683,64.0,新疆维吾尔自治区,吐鲁番市,2.0,854603.0,0.03125,24.09,51.84,52,2,73.45,22.0,1590.0,135.0,1.4814814814814816,31.74,67.48,0.0,0,1,0,0,0,31.0,29.0
1,4.7405478260869565,4.443921739130435,1.6902405405405398,1.505851351351351,595.0,辽宁省,大连市,18.0,53917639.0,0.030252100840336135,38.42,58.65,51,2,60.3,153.0,20301.0,1683.0,34.818775995246575,40.49,58.92,0.0,0,1,0,0,0,29.0,29.0
1,4.296017391304348,3.6164347826086964,1.9279891891891887,1.5055459459459457,435.0,广东省,深圳市,406.0,224900586.0,0.9333333333333333,41.44,58.47,57,2,182.12,135.0,33299.0,7943.0,30.681102857862268,57.58,42.4,0.0,0,0,1,0,0,36.0,32.0
1,5.123130434782608,5.11560434782609,2.2911675675675682,2.2864891891891914,143.0,宁夏回族自治区,吴忠市,27.0,1895152.0,0.1888111888111888,61.99,28.69,56,2,30.69,50.0,2647.0,357.0,1.1204481792717087,34.63,62.87,1.0,0,1,0,0,0,32.0,32.0
0,4.145878260869567,4.1516913043478265,1.3477810810810815,1.351394594594594,123.0,云南省,丽江市,7.0,1242906.0,0.056910569105691054,31.19,64.29,54,2,30.69,30.0,2085.0,78.0,2.564102564102564,16.75,82.7,0.0,1,0,0,0,1,29.0,32.0
0,4.736652173913043,4.837604347826089,1.5558270270270276,1.618581081081082,131.0,甘肃省,张掖市,2.0,1646975.0,0.015267175572519083,23.36,61.95,57,2,31.0,53.0,3308.0,224.0,1.7857142857142856,25.85,71.8,0.0,0,1,0,0,1,35.0,31.0
0,4.299656521739129,4.528939130434782,1.5128243243243238,1.6553513513513518,234.0,甘肃省,平凉市,9.0,1286773.0,0.038461538461538464,23.72,69.62,57,2,31.0,149.0,4594.0,66.0,0.0,37.67,60.55,1.0,0,0,1,0,1,33.0,36.0
0,4.282869565217393,4.567800000000002,1.2864810810810812,1.4636,303.0,甘肃省,定西市,9.0,767389.0,0.0297029702970297,29.63,57.68,56,2,31.0,47.0,4783.0,153.0,0.6535947712418301,24.3,74.88,0.0,1,0,0,0,0,25.0,36.0
1,5.096143478260871,5.163021739130431,2.067621621621623,2.109194594594594,460.0,内蒙古自治区,赤峰市,7.0,6113256.0,0.015217391304347827,37.95,51.12,57,2,35.79,98.0,11601.0,359.0,2.2284122562674096,29.21,66.05,0.0,0,1,0,0,1,32.0,35.0
1,6.263647826086958,6.209743478260868,2.724791891891892,2.6912837837837835,174.0,内蒙古自治区,巴彦淖尔市,8.0,2421916.0,0.04597701149425287,35.6,46.93,51,2,35.79,53.0,4956.0,223.0,4.932735426008969,16.12,71.48,0.0,0,1,0,0,1,26.0,33.0
1,5.0939956521739145,4.951473913043482,2.6297648648648657,2.541170270270272,955.0,黑龙江省,哈尔滨市,167.0,47127585.0,0.17486910994764399,29.93,64.24,57,2,31.47,310.0,22000.0,1275.0,5.96078431372549,30.49,66.95,1.0,0,1,0,0,1,35.0,32.0
0,3.4889782608695663,4.514847826086957,0.28004324324324426,0.9177459459459464,376.0,四川省,巴中市,24.0,2169990.0,0.06382978723404255,43.56,41.97,52,2,66.1,75.0,6607.0,290.0,0.6896551724137931,54.47,45.04,1.0,0,0,1,0,1,26.0,29.0
0,2.461134782608696,2.461547826086957,0.6228405405405408,0.6230972972972979,35.0,西藏自治区,山南市,0.0,493693.0,0.0,23.37,74.38,56,2,35.26,17.0,1701.0,15.0,0.0,14.06,85.74,0.0,0,1,0,0,0,29.0,34.0
0,4.922834782608698,5.006365217391304,1.9238729729729744,1.9757972972972968,381.0,陕西省,宝鸡市,13.0,10803650.0,0.03412073490813648,66.26,30.68,54,2,43.47,105.0,9858.0,730.0,2.054794520547945,50.46,48.93,0.0,0,1,0,0,1,33.0,33.0
0,4.9045391304347845,5.1061391304347845,1.8344783783783805,1.9597972972972983,151.0,宁夏回族自治区,固原市,5.0,1176599.0,0.033112582781456956,27.41,59.81,52,2,30.69,13.0,2513.0,50.0,0.0,13.29,84.87,0.0,0,1,0,0,1,31.0,30.0
0,5.207573913043476,5.240978260869563,2.0740999999999987,2.094864864864864,122.0,宁夏回族自治区,中卫市,3.0,1716928.0,0.02459016393442623,38.66,47.82,54,2,30.69,28.0,1866.0,133.0,3.0075187969924815,19.34,76.5,0.0,0,1,0,0,0,34.0,33.0
0,4.8374000000000015,4.511204347826087,2.2756135135135143,2.072843243243243,369.0,山西省,太原市,19.0,31483179.0,0.051490514905149054,36.52,62.93,56,2,31.47,175.0,21476.0,376.0,5.319148936170213,46.95,52.88,1.0,0,1,0,0,1,33.0,33.0
1,5.266526086956524,4.915530434782607,2.3477648648648644,2.129578378378377,189.0,宁夏回族自治区,银川市,33.0,11039244.0,0.1746031746031746,35.85,62.52,59,2,30.69,70.0,8990.0,463.0,5.183585313174946,39.06,59.52,1.0,0,1,0,0,0,33.0,37.0
1,4.271834782608696,3.9760869565217383,1.6211216216216222,1.4372783783783791,693.0,福建省,福州市,66.0,43005530.0,0.09523809523809523,36.69,61.92,58,2,35.3,116.0,20417.0,2213.0,25.21464075915048,56.87,42.95,1.0,1,0,0,0,0,36.0,36.0
0,4.631856521739129,4.872121739130434,1.536978378378378,1.6863324324324322,454.0,安徽省,滁州市,13.0,4329164.0,0.028634361233480177,65.72,29.68,55,2,36.14,64.0,6625.0,1621.0,5.67550894509562,44.86,53.03,0.0,0,1,0,0,1,35.0,34.0
0,4.7052260869565234,4.340286956521738,1.919202702702704,1.6923486486486483,709.0,湖南省,长沙市,241.0,63903360.0,0.33991537376586745,35.39,63.69,56,2,35.3,287.0,29265.0,2886.0,4.885654885654887,46.23,53.65,0.0,0,1,0,0,1,34.0,36.0
0,4.977273913043478,5.4127086956521735,1.7746027027027012,2.045278378378377,606.0,湖南省,常德市,78.0,16105239.0,0.12871287128712872,47.57,48.63,53,2,35.3,85.0,15367.0,1165.0,3.3476394849785414,42.34,57.53,0.0,0,1,0,0,1,28.0,30.0
0,4.180643478260869,4.322386956521742,1.4276567567567569,1.5157675675675697,345.0,四川省,眉山市,8.0,5546799.0,0.02318840579710145,47.15,41.55,57,2,66.1,91.0,6163.0,584.0,3.595890410958904,43.57,56.12,0.0,0,0,1,0,0,29.0,35.0
1,5.216134782608696,4.8020826086956525,2.189032432432433,1.931648648648649,681.0,江苏省,南京市,91.0,117151000.0,0.13362701908957417,38.03,59.73,57,2,39.66,220.0,28100.0,2348.0,22.657580919931856,44.32,55.62,0.0,1,0,0,0,1,34.0,34.0
0,4.298965217391305,4.396408695652173,1.4960486486486486,1.5566216216216215,172.0,青海省,海东市,0.0,1653467.0,0.0,46.85,42.94,56,2,35.9,53.0,1863.0,86.0,2.3255813953488373,18.83,78.02,0.0,0,1,0,0,1,34.0,34.0
0,5.038573913043476,5.113639130434784,2.007737837837837,2.0544000000000007,454.0,河北省,衡水市,8.0,5534965.0,0.01762114537444934,48.02,47.99,56,2,31.22,126.0,11010.0,1166.0,3.2590051457975986,21.46,78.02,0.0,0,1,0,0,1,34.0,33.0
0,5.6902086956521725,5.866491304347825,2.5680351351351347,2.6776162162162156,267.0,河南省,漯河市,34.0,7027980.0,0.12734082397003746,61.45,31.5,51,2,55.64,47.0,5228.0,585.0,2.7350427350427347,63.22,36.77,0.0,0,1,0,0,1,24.0,28.0
0,3.863086956521737,3.688960869565217,1.0119108108108097,0.9036702702702696,21.0,甘肃省,嘉峪关市,0.0,2996200.0,0.0,61.1,37.6,57,2,31.0,10.0,864.0,48.0,0.0,57.34,32.55,0.0,1,0,0,0,1,34.0,35.0
0,4.174247826086956,4.0895869565217415,1.3705999999999996,1.3179729729729743,99.0,甘肃省,酒泉市,0.0,1687479.0,0.0,25.71,62.24,57,2,31.0,36.0,3430.0,192.0,6.770833333333332,33.95,60.81,0.0,1,0,0,0,1,32.0,36.0
0,4.4492217391304365,4.497421739130433,1.5793459459459471,1.6093081081081078,164.0,山西省,朔州市,7.0,4583205.0,0.042682926829268296,37.42,59.19,56,2,31.47,63.0,2884.0,238.0,2.5210084033613445,42.02,57.47,0.0,0,0,1,0,1,35.0,36.0
0,5.917021739130435,6.077439130434781,2.4768513513513524,2.576570270270269,508.0,河南省,许昌市,37.0,7495540.0,0.07283464566929133,56.05,40.75,56,1,55.64,101.0,9884.0,1574.0,1.3341804320203303,58.91,41.08,0.0,1,0,0,0,1,35.0,35.0
0,3.922465217391303,4.064973913043482,0.9383513513513502,1.0269378378378389,297.0,广东省,阳江市,13.0,7094626.0,0.04377104377104377,40.6,45.71,57,1,182.12,51.0,5201.0,545.0,14.12844036697248,45.74,52.5,0.0,0,1,0,0,0,34.0,37.0
0,4.361169565217391,4.806330434782611,1.4240189189189199,1.7007405405405418,510.0,四川省,泸州市,19.0,8407557.0,0.03725490196078431,57.72,35.93,54,1,66.1,140.0,9237.0,662.0,2.416918429003021,42.76,57.08,0.0,0,1,0,0,1,34.0,36.0
0,4.962178260869567,4.901778260869564,1.8208405405405403,1.7832945945945933,74.0,宁夏回族自治区,石嘴山市,1.0,3771905.0,0.013513513513513514,62.41,35.71,57,1,30.69,35.0,2171.0,217.0,3.6866359447004617,46.07,53.23,0.0,1,0,0,0,1,34.0,35.0
1,4.533021739130435,4.462352173913047,1.4579189189189181,1.4139891891891905,344.0,辽宁省,鞍山市,4.0,8640987.0,0.011627906976744186,50.31,48.96,57,1,60.3,104.0,6680.0,561.0,8.19964349376114,48.88,50.74,0.0,1,0,0,0,0,35.0,36.0
0,4.31885652173913,4.211230434782607,1.7838432432432418,1.7169405405405391,59.0,海南省,三亚市,54.0,5298048.0,0.9152542372881356,19.98,67.63,52,1,32.74,11.0,2219.0,21.0,23.809523809523807,8.12,89.09,0.0,0,1,0,0,0,15.0,28.0
0,4.947395652173914,4.7757130434782615,2.7322135135135137,2.6254918918918926,56.0,新疆维吾尔自治区,哈密市,0.0,3591681.0,0.0,54.57,37.73,52,1,73.45,34.0,2238.0,198.0,2.525252525252525,29.37,60.23,1.0,1,0,0,0,0,22.0,31.0
1,5.109795652173913,4.823295652173913,1.9704972972972965,1.792402702702702,737.0,辽宁省,沈阳市,28.0,51481026.0,0.037991858887381276,39.2,58.48,58,1,60.3,274.0,28193.0,1379.0,19.5794053662074,39.53,60.26,1.0,1,0,0,0,0,34.0,37.0
0,4.5322086956521765,4.537017391304349,1.593800000000002,1.5967891891891894,118.0,吉林省,辽源市,7.0,4251037.0,0.059322033898305086,59.35,40.17,55,1,44.12,21.0,2808.0,305.0,1.9672131147540983,54.83,43.37,1.0,1,0,0,0,1,33.0,32.0
0,3.6933130434782613,3.8212826086956544,1.7146459459459464,1.7941945945945958,116.0,黑龙江省,伊春市,1.0,1650320.0,0.008620689655172414,25.26,42.21,57,1,31.47,40.0,2684.0,97.0,7.216494845360824,12.74,33.76,0.0,0,1,0,0,1,34.0,39.0
0,5.368143478260867,5.158726086956522,2.2642729729729716,2.134094594594595,908.0,山东省,潍坊市,42.0,17510000.0,0.046255506607929514,47.97,49.17,56,1,89.72,188.0,25432.0,3496.0,7.780320366132723,50.63,49.27,1.0,0,1,0,0,1,33.0,35.0
0,3.8958260869565184,4.046965217391303,1.107240540540539,1.2011918918918911,335.0,广东省,韶关市,10.0,6383211.0,0.029850746268656716,36.76,59.3,54,1,182.12,54.0,5079.0,536.0,13.059701492537313,46.86,52.67,0.0,0,0,1,0,0,33.0,32.0
0,4.990108695652175,5.1485260869565215,2.1591648648648647,2.257640540540539,533.0,江苏省,连云港市,46.0,14478400.0,0.08630393996247655,44.4,47.07,56,1,39.66,80.0,11500.0,1504.0,9.773936170212766,42.88,55.66,0.0,1,0,0,0,1,35.0,36.0
0,5.154430434782608,4.560260869565217,1.8557594594594595,1.4864108108108112,266.0,浙江省,湖州市,10.0,10857320.0,0.03759398496240601,45.04,50.75,54,1,66.3,58.0,8080.0,2945.0,12.835314091680814,64.55,35.4,0.0,0,1,0,0,1,31.0,36.0
0,5.408652173913044,4.812060869565216,2.038764864864865,1.6679108108108092,446.0,浙江省,绍兴市,42.0,29516779.0,0.09417040358744394,47.84,48.95,57,1,66.3,76.0,15195.0,4494.0,13.084112149532707,78.58,21.41,0.0,1,0,0,0,1,36.0,36.0
0,3.01918695652174,2.534465217391304,0.8466297297297298,0.5453162162162155,486.0,浙江省,金华市,55.0,7413927.0,0.11316872427983539,34.49,60.98,55,1,66.3,131.0,16372.0,3691.0,4.930913031698727,57.38,42.59,0.0,0,1,0,0,1,28.0,33.0
0,3.8913130434782617,3.9360565217391312,0.7421243243243252,0.7699378378378379,258.0,浙江省,衢州市,21.0,6022312.0,0.08139534883720931,46.45,48.51,51,1,66.3,75.0,6930.0,842.0,5.463182897862233,39.26,60.63,0.0,0,1,0,0,1,31.0,29.0
0,4.465426086956524,5.010139130434784,1.1241027027027042,1.462708108108108,349.0,广西壮族自治区,梧州市,5.0,6247607.0,0.014326647564469915,56.68,40.48,55,1,37.35,37.0,5945.0,399.0,12.280701754385964,43.11,56.55,0.0,0,1,0,0,1,36.0,35.0
0,4.817369565217392,5.363947826086957,1.6040837837837842,1.94384864864865,724.0,广西壮族自治区,玉林市,10.0,4928736.0,0.013812154696132596,38.18,53.58,55,1,37.35,47.0,9116.0,549.0,9.836065573770492,33.32,64.39,0.0,0,1,0,0,1,34.0,32.0
0,4.910265217391307,4.881317391304347,1.962943243243244,1.9449486486486482,338.0,山西省,长治市,8.0,3909537.0,0.023668639053254437,37.9,61.19,51,1,31.47,114.0,8252.0,353.0,2.8328611898017,51.84,47.84,0.0,1,0,0,0,0,33.0,29.0
1,4.9295304347826105,4.872578260869566,1.6348837837837844,1.5994810810810811,130.0,辽宁省,盘锦市,11.0,9736271.0,0.08461538461538462,47.38,45.04,56,1,60.3,62.0,4058.0,250.0,8.0,37.3,24.22,0.0,0,1,0,0,1,35.0,33.0
0,4.287808695652174,4.26795652173913,1.3533864864864875,1.3410459459459454,415.0,吉林省,吉林市,5.0,13344871.0,0.012048192771084338,35.32,61.18,53,1,44.12,148.0,12862.0,1076.0,2.3234200743494418,40.8,56.66,0.0,0,1,0,0,1,29.0,31.0
0,4.833195652173913,4.924413043478262,2.409837837837838,2.4665405405405405,94.0,黑龙江省,双鸭山市,48.0,1213525.0,0.5106382978723404,28.57,68.33,56,1,31.47,54.0,1972.0,144.0,3.4722222222222223,29.79,65.63,0.0,0,1,0,0,1,31.0,33.0
1,4.142334782608694,4.085973913043478,1.5813567567567568,1.5463216216216218,98.0,广西壮族自治区,防城港市,17.0,5657685.0,0.17346938775510204,60.2,31.15,56,1,37.35,14.0,2042.0,151.0,11.258278145695362,23.05,65.23,0.0,0,1,0,0,0,32.0,35.0
0,4.282621739130434,3.771904347826088,1.6819243243243238,1.364451351351352,119.0,广东省,珠海市,95.0,26751795.0,0.7983193277310925,48.12,50.06,54,1,182.12,43.0,6427.0,1163.0,42.21840068787618,59.09,40.06,0.0,0,1,0,0,0,33.0,30.0
0,4.069813043478261,4.147634782608695,1.2026918918918923,1.2510675675675678,437.0,广东省,清远市,12.0,7754930.0,0.02745995423340961,36.79,54.87,59,1,182.12,57.0,7493.0,644.0,25.77639751552795,46.88,52.7,0.0,0,1,0,0,1,35.0,39.0
0,3.5431913043478263,2.827317391304348,1.4406972972972971,0.9956945945945944,211.0,广东省,东莞市,81.0,82785900.0,0.38388625592417064,48.6,51.1,57,1,182.12,97.0,17506.0,7669.0,40.93102099361064,81.08,18.91,0.0,0,1,0,0,1,35.0,38.0
1,4.197095652173914,4.182560869565217,1.5862135135135134,1.5771783783783777,260.0,内蒙古自治区,呼伦贝尔市,6.0,3047356.0,0.023076923076923078,46.24,50.87,54,1,35.79,219.0,9623.0,160.0,7.5,20.65,53.21,0.0,1,0,0,0,1,27.0,32.0
1,3.745221739130435,3.53668695652174,1.2438000000000002,1.1141702702702712,742.0,福建省,泉州市,46.0,17587544.0,0.06199460916442048,56.14,43.04,56,1,35.3,130.0,15903.0,4635.0,30.18338727076591,74.1,25.63,0.0,0,1,0,0,0,35.0,35.0
1,5.474691304347829,6.023734782608697,2.191483783783785,2.532781081081082,520.0,江西省,九江市,115.0,10076908.0,0.22115384615384615,41.66,56.03,56,1,32.02,62.0,10027.0,1607.0,6.845052893590544,47.67,50.73,0.0,0,1,0,0,1,34.0,33.0
1,5.367273913043476,5.769995652173913,1.7916756756756749,2.042016216216216,128.0,江西省,鹰潭市,18.0,2307944.0,0.140625,44.98,54.16,57,1,32.02,35.0,2586.0,276.0,5.0724637681159415,60.98,38.83,0.0,0,1,0,0,1,34.0,38.0
0,4.32744347826087,4.455882608695653,1.153135135135135,1.2329756756756756,826.0,江苏省,盐城市,27.0,20373200.0,0.03268765133171913,48.65,43.05,58,1,39.66,163.0,18200.0,2879.0,11.879124696075024,60.87,37.29,1.0,1,0,0,0,0,34.0,37.0
0,5.305226086956521,5.4874521739130415,1.8375405405405405,1.9508162162162148,591.0,江苏省,宿迁市,12.0,9464340.0,0.02030456852791878,49.5,43.18,56,1,39.66,232.0,11500.0,1747.0,6.067544361763022,61.6,38.29,0.0,0,1,0,0,1,32.0,35.0
0,3.6658086956521734,3.6906086956521733,1.0245297297297298,1.0399459459459457,351.0,福建省,宁德市,25.0,3906094.0,0.07122507122507123,51.17,38.92,52,1,35.3,44.0,5455.0,1086.0,2.117863720073665,47.07,52.5,0.0,0,1,0,0,1,28.0,30.0
0,5.172060869565216,4.907291304347826,2.1317945945945938,1.967208108108108,654.0,山东省,烟台市,46.0,32506652.0,0.07033639143730887,50.17,47.12,56,1,89.72,196.0,18097.0,2377.0,23.517038283550697,54.51,45.45,0.0,0,1,0,0,1,34.0,35.0
0,4.498008695652174,4.478826086956521,1.7112729729729732,1.6993486486486489,83.0,陕西省,铜川市,8.0,3105440.0,0.0963855421686747,50.95,43.23,57,1,43.47,47.0,2505.0,212.0,1.4150943396226416,44.24,55.61,0.0,1,0,0,0,1,33.0,38.0
1,5.686147826086955,5.7755608695652185,2.291859459459459,2.3474405405405414,1039.0,江苏省,徐州市,77.0,33978846.0,0.0741097208854668,43.2,53.26,57,1,39.66,135.0,22900.0,2412.0,6.509121061359867,55.42,43.23,0.0,1,0,0,0,1,35.0,34.0
1,5.580573913043478,5.657269565217389,2.4821675675675685,2.5298432432432425,883.0,山东省,济宁市,49.0,17934002.0,0.05549263873159683,49.48,45.08,55,1,89.72,164.0,21605.0,2733.0,4.24442005122576,57.48,42.42,1.0,0,1,0,0,1,28.0,34.0
0,4.340182608695652,3.98984347826087,1.7312270270270258,1.5134486486486491,408.0,贵州省,贵阳市,34.0,26760750.0,0.08333333333333333,35.2,62.99,56,1,35.3,185.0,16858.0,747.0,4.28380187416332,49.94,49.93,0.0,0,1,0,0,0,34.0,36.0
1,5.664052173913045,5.021213043478262,2.458981081081082,2.059378378378379,754.0,浙江省,杭州市,166.0,116214609.0,0.22015915119363394,33.61,64.54,52,1,66.3,302.0,41833.0,5533.0,15.36237122718236,48.28,51.68,0.0,0,1,0,0,1,27.0,34.0
1,4.879221739130437,4.241852173913044,2.3348783783783778,1.9386756756756762,825.0,浙江省,温州市,499.0,21810810.0,0.6048484848484849,40.44,58.76,53,1,66.3,142.0,26674.0,4582.0,2.902662592754256,58.48,41.46,0.0,0,1,0,0,1,34.0,33.0
1,4.6564956521739145,4.45523043478261,1.1842783783783783,1.0591675675675676,195.0,山东省,东营市,0.0,26365857.0,0.0,63.3,34.7,56,1,89.72,76.0,6482.0,987.0,5.1671732522796345,57.63,42.28,0.0,0,1,0,0,1,34.0,34.0
1,5.349721739130434,5.369326086956524,2.4338,2.4459864864864858,571.0,山东省,泰安市,32.0,11032000.0,0.05604203152364273,42.7,51.15,58,1,89.72,103.0,13535.0,1402.0,3.9942938659058487,57.14,42.54,0.0,0,1,0,0,1,37.0,34.0
0,3.715091304347826,3.291208695652175,1.521624324324325,1.2581297297297305,369.0,广东省,惠州市,58.0,24079290.0,0.15718157181571815,56.85,41.31,54,1,182.12,72.0,12582.0,2366.0,37.912087912087905,69.9,29.99,0.0,0,0,1,0,0,31.0,31.0
0,3.738743478260868,3.908286956521737,0.8998216216216209,1.005213513513512,300.0,广东省,云浮市,0.0,2048113.0,0.0,49.51,34.22,56,1,182.12,22.0,4397.0,943.0,10.498409331919406,42.44,57.34,0.0,0,1,0,0,1,34.0,34.0
0,4.375534782608696,4.671626086956518,1.36812972972973,1.5521864864864852,537.0,四川省,绵阳市,22.0,11480260.0,0.040968342644320296,45.75,47.05,48,1,66.1,90.0,11738.0,971.0,3.707518022657055,43.8,56.05,0.0,0,0,1,0,0,29.0,26.0
0,4.233969565217391,4.910104347826088,1.6031378378378376,2.0234378378378386,370.0,四川省,遂宁市,10.0,4703359.0,0.02702702702702703,45.79,40.81,53,1,66.1,72.0,6546.0,521.0,4.414587332053743,50.14,49.86,0.0,0,1,0,0,0,29.0,31.0
0,4.955347826086957,4.9952347826087005,2.5564162162162165,2.581210810810813,175.0,黑龙江省,鸡西市,45.0,1654705.0,0.2571428571428571,45.33,50.28,56,1,31.47,68.0,4368.0,171.0,4.093567251461988,29.03,45.17,0.0,0,1,0,0,1,29.0,31.0
0,5.257660869565218,4.481400000000002,2.1170513513513503,1.6345108108108108,356.0,浙江省,嘉兴市,43.0,11254564.0,0.12078651685393259,45.48,51.88,53,1,66.3,75.0,11392.0,5394.0,18.594734890619208,63.55,36.4,0.0,0,1,0,0,0,34.0,29.0
0,5.061439130434783,4.9668782608695645,1.8622702702702696,1.8034891891891889,269.0,浙江省,丽水市,17.0,3261953.0,0.06319702602230483,36.27,57.92,47,1,66.3,54.0,7913.0,849.0,3.2979976442873973,21.83,77.83,0.0,0,1,0,0,0,24.0,21.0
0,5.054634782608696,5.1474782608695655,1.4935270270270262,1.5512405405405394,280.0,安徽省,宣城市,6.0,3238217.0,0.02142857142857143,40.49,47.81,57,1,36.14,46.0,5344.0,1439.0,3.1966643502432244,39.32,59.55,0.0,0,1,0,0,1,37.0,38.0
0,4.0926043478260885,4.045434782608694,1.3581405405405411,1.3288189189189177,109.0,四川省,攀枝花市,13.0,8425681.0,0.11926605504587157,65.1,33.42,56,1,66.1,24.0,3966.0,324.0,1.851851851851852,52.43,46.45,0.0,0,1,0,0,0,34.0,38.0
0,4.269995652173915,5.1166565217391335,1.2667189189189187,1.793021621621623,465.0,四川省,广安市,30.0,3485615.0,0.06451612903225806,44.92,43.63,56,1,66.1,67.0,3952.0,509.0,2.161100196463654,53.63,45.34,0.0,0,0,1,0,0,33.0,32.0
1,4.380147826086956,4.4482608695652175,1.3730864864864871,1.4154270270270282,296.0,辽宁省,锦州市,12.0,5623240.0,0.04054054054054054,48.96,48.48,56,1,60.3,77.0,6111.0,294.0,15.646258503401361,33.12,63.25,1.0,0,0,1,0,1,30.0,36.0
1,4.264091304347827,3.684317391304349,1.8640351351351352,1.5036351351351354,898.0,广东省,广州市,335.0,215031516.0,0.3730512249443207,27.97,70.94,54,1,182.12,243.0,49747.0,4664.0,29.78130360205832,32.6,67.34,1.0,0,0,1,0,0,35.0,31.0
1,4.591734782608693,4.605247826086955,1.5264567567567542,1.5348567567567548,148.0,辽宁省,本溪市,3.0,5590042.0,0.02027027027027027,47.92,48.85,54,1,60.3,42.0,3966.0,179.0,12.290502793296087,50.19,49.45,0.0,0,1,0,0,1,33.0,31.0
1,4.508343478260873,4.601343478260868,1.4895810810810826,1.5473918918918912,277.0,辽宁省,葫芦岛市,11.0,3600729.0,0.039711191335740074,47.79,47.29,54,1,60.3,75.0,4780.0,235.0,4.25531914893617,39.61,59.38,0.0,0,1,0,0,1,34.0,31.0
0,5.6830739130434775,5.85474347826087,2.6554810810810805,2.762194594594594,170.0,河南省,鹤壁市,19.0,3880451.0,0.11176470588235295,61.3,35.68,56,1,55.64,43.0,3845.0,484.0,1.0330578512396695,66.25,33.7,0.0,0,1,0,0,1,35.0,38.0
0,3.673069565217393,3.9622608695652204,0.9702108108108116,1.1499783783783797,550.0,广东省,梅州市,15.0,4191338.0,0.02727272727272727,42.88,44.5,54,1,182.12,42.0,9548.0,461.0,10.629067245119305,37.48,62.4,1.0,0,0,1,0,0,34.0,28.0
1,3.9517695652173903,3.9239608695652204,1.1231108108108103,1.1058243243243262,211.0,辽宁省,抚顺市,0.0,8137748.0,0.0,57.98,40.5,55,1,60.3,58.0,5656.0,242.0,10.330578512396695,50.58,47.71,0.0,1,0,0,0,1,22.0,36.0
1,5.582665217391305,5.673760869565218,2.3398243243243253,2.3964513513513506,418.0,山东省,枣庄市,24.0,11571249.0,0.05741626794258373,53.27,39.91,59,1,89.72,78.0,9536.0,1264.0,4.272151898734177,56.24,43.66,0.0,0,1,0,0,1,34.0,42.0
0,5.641926086956524,5.565608695652174,2.2191756756756766,2.1717351351351355,394.0,山东省,滨州市,14.0,8190902.0,0.03553299492385787,44.14,48.63,56,1,89.72,110.0,9695.0,1259.0,3.256552819698173,60.23,39.76,0.0,0,1,0,0,1,34.0,37.0
0,4.209034782608697,4.710778260869565,1.1868027027027015,1.4986972972972958,804.0,广东省,茂名市,13.0,13968211.0,0.01616915422885572,49.83,39.53,51,1,182.12,71.0,13362.0,1026.0,6.042884990253412,46.79,51.74,1.0,0,0,1,0,1,21.0,29.0
1,5.152339130434778,4.7983347826086975,1.9601027027027007,1.7400459459459463,803.0,山东省,青岛市,56.0,84991300.0,0.06973848069738481,40.03,58.16,56,1,89.72,410.0,30867.0,3569.0,29.05575791538245,51.27,48.66,0.0,0,0,1,0,0,33.0,36.0
0,5.179978260869569,5.112569565217389,1.8304405405405428,1.7885378378378376,505.0,江苏省,泰州市,37.0,19948100.0,0.07326732673267326,50.51,46.15,56,0,39.66,71.0,11600.0,2992.0,10.327540106951874,77.61,22.24,0.0,0,0,1,0,0,29.0,35.0
0,4.471495652173914,4.446026086956524,1.8374540540540552,1.821621621621624,446.0,广东省,肇庆市,17.0,11166091.0,0.03811659192825112,51.8,40.39,53,0,182.12,54.0,7620.0,1163.0,21.324161650902838,49.6,50.18,0.0,0,0,1,0,0,25.0,29.0
0,4.4722608695652175,3.618947826086956,1.936697297297297,1.4062594594594588,170.0,广东省,中山市,65.0,36327000.0,0.38235294117647056,49.0,49.3,54,0,182.12,59.0,8115.0,3211.0,28.340080971659923,74.48,25.52,0.0,0,1,0,0,1,29.0,31.0
0,4.022256521739132,4.0455739130434765,1.3824621621621622,1.3969567567567551,120.0,吉林省,白山市,0.0,3546055.0,0.0,52.94,42.0,50,0,44.12,36.0,3568.0,360.0,4.166666666666666,34.83,53.7,0.0,0,1,0,0,1,27.0,29.0
0,5.053000000000001,5.025073913043476,2.458981081081081,2.441621621621621,235.0,黑龙江省,佳木斯市,15.0,4561525.0,0.06382978723404255,25.78,67.91,51,0,31.47,92.0,5694.0,288.0,3.8194444444444446,21.65,66.41,0.0,0,1,0,0,0,28.0,32.0
0,5.385295652173912,5.494560869565216,2.156543243243242,2.2244648648648653,561.0,江苏省,淮安市,60.0,22359500.0,0.10695187165775401,43.9,47.65,48,0,39.66,59.0,12700.0,2175.0,8.735632183908045,63.42,35.9,0.0,0,0,1,1,1,27.0,25.0
0,5.151260869565217,4.6010086956521725,2.0902243243243235,1.748175675675676,604.0,浙江省,台州市,145.0,16240361.0,0.24006622516556292,44.27,52.53,49,0,66.3,111.0,17235.0,3760.0,4.042553191489361,68.68,31.27,1.0,0,0,1,0,0,28.0,29.0
0,4.6790347826086975,5.0126782608695635,1.4154783783783782,1.6228783783783782,171.0,安徽省,铜陵市,28.0,8813428.0,0.16374269005847952,63.67,34.6,49,0,36.14,28.0,3337.0,540.0,3.888888888888889,55.97,42.1,1.0,0,1,0,0,0,28.0,24.0
0,4.008234782608694,4.007869565217392,1.3312918918918908,1.3310648648648642,355.0,福建省,莆田市,55.0,16647596.0,0.15492957746478872,54.18,40.26,53,0,35.3,47.0,5376.0,1221.0,14.496314496314495,69.39,30.46,0.0,0,1,0,0,0,33.0,34.0
0,5.601108695652176,5.694904347826084,2.2623783783783784,2.320683783783781,595.0,山东省,德州市,36.0,8957000.0,0.06050420168067227,49.7,45.53,53,0,89.72,104.0,13010.0,3047.0,2.756809977026584,45.5,54.36,0.0,0,1,0,0,0,26.0,32.0
0,5.166621739130433,5.577108695652171,2.020881081081081,2.2760486486486475,567.0,湖南省,岳阳市,153.0,13125986.0,0.2698412698412698,38.93,57.84,58,0,35.3,242.0,15306.0,1188.0,3.2828282828282838,41.74,56.41,0.0,0,1,0,0,0,26.0,32.0
0,4.541682608695653,5.134343478260872,1.468443243243243,1.8368540540540552,454.0,湖南省,娄底市,75.0,4601745.0,0.16519823788546256,52.31,43.83,50,0,35.3,86.0,9548.0,794.0,1.2594458438287155,49.17,50.33,0.0,0,0,1,0,0,29.0,26.0
0,4.634930434782608,4.362321739130433,2.1135405405405407,1.94408108108108,171.0,海南省,海口市,33.0,13905779.0,0.19298245614035087,18.14,77.37,54,0,32.74,123.0,12417.0,151.0,24.503311258278146,18.95,73.99,1.0,0,1,0,0,0,26.0,31.0
0,4.400669565217392,4.537817391304348,1.5811432432432428,1.6663972972972965,388.0,四川省,德阳市,17.0,6709721.0,0.04381443298969072,49.48,42.57,49,0,66.1,85.0,8953.0,1374.0,2.9112081513828234,49.8,50.14,0.0,0,1,0,0,0,20.0,27.0
0,3.6292869565217383,3.9150521739130455,1.0630135135135137,1.2406513513513526,253.0,陕西省,商洛市,7.0,1478000.0,0.02766798418972332,43.3,47.06,51,0,43.47,180.0,4362.0,250.0,0.0,42.84,56.21,0.0,1,0,0,1,0,29.0,29.0
0,4.141656521739131,4.1435956521739135,1.0555459459459469,1.0567513513513518,46.0,甘肃省,金昌市,1.0,1564325.0,0.021739130434782608,61.42,35.99,52,0,31.0,13.0,1385.0,94.0,0.0,64.71,32.74,1.0,1,0,0,1,0,27.0,29.0
0,5.363830434782611,5.454091304347825,2.3880297297297304,2.444137837837838,790.0,河北省,邢台市,22.0,3706907.0,0.027848101265822784,35.77,63.18,52,0,31.22,177.0,17533.0,1343.0,2.8294862248696946,28.46,71.37,0.0,1,0,0,0,0,31.0,29.0
0,5.544086956521738,5.765839130434781,2.295043243243243,2.432889189189188,513.0,山西省,运城市,19.0,2461333.0,0.037037037037037035,28.61,65.39,47,0,31.47,269.0,11583.0,456.0,3.2894736842105265,31.78,67.66,0.0,0,0,1,0,0,25.0,24.0
1,4.8452782608695655,4.98794347826087,1.8602810810810824,1.9489648648648648,316.0,内蒙古自治区,通辽市,6.0,4201300.0,0.0189873417721519,34.29,52.52,56,0,35.79,81.0,7114.0,206.0,5.339805825242718,21.54,58.16,0.0,1,0,0,0,1,30.0,39.0
1,4.368152173913042,4.351534782608695,1.2716648648648643,1.261335135135135,235.0,辽宁省,丹东市,7.0,2298381.0,0.029787234042553193,31.58,64.6,55,0,60.3,44.0,5659.0,345.0,11.594202898550725,35.37,63.84,1.0,0,1,0,0,0,31.0,30.0
1,4.410165217391304,4.496178260869566,1.4479648648648635,1.501432432432432,186.0,辽宁省,阜新市,8.0,1849479.0,0.043010752688172046,38.33,60.13,53,0,60.3,55.0,4547.0,211.0,7.109004739336492,33.93,64.13,0.0,0,1,0,0,0,23.0,29.0
1,5.566908695652174,4.947730434782611,2.164832432432432,1.7799378378378392,493.0,江苏省,无锡市,52.0,54652800.0,0.10547667342799188,41.33,57.86,57,0,39.66,166.0,19610.0,5258.0,22.42297451502473,64.25,35.69,0.0,0,1,0,0,0,33.0,40.0
1,5.683986956521741,5.1428608695652205,2.3551837837837852,2.018808108108109,379.0,江苏省,常州市,43.0,57722100.0,0.11345646437994723,46.36,51.8,52,0,39.66,67.0,13100.0,4240.0,17.523584905660382,60.38,39.5,0.0,0,0,1,0,0,27.0,30.0
1,5.0644478260869565,4.862543478260871,1.7162729729729742,1.5907648648648658,764.0,江苏省,南通市,40.0,28626300.0,0.05235602094240838,45.61,52.25,56,0,39.66,222.0,18800.0,5131.0,19.918144611186907,81.89,17.88,0.0,0,1,0,0,1,32.0,38.0
1,5.170704347826087,5.019252173913047,1.9253297297297287,1.8311837837837843,460.0,江苏省,扬州市,21.0,32484000.0,0.04565217391304348,47.92,49.13,54,0,39.66,69.0,10900.0,2858.0,12.246326102169348,74.04,25.92,0.0,0,1,0,0,1,31.0,34.0
1,4.402869565217392,4.254047826086957,1.6703243243243242,1.5778135135135138,298.0,河北省,秦皇岛市,10.0,10146857.0,0.03355704697986577,35.33,58.37,57,0,31.22,71.0,9448.0,361.0,18.282548476454295,32.07,67.77,0.0,0,1,0,0,1,35.0,38.0
1,4.629104347826084,4.472769565217392,1.5563891891891881,1.4592081081081076,304.0,山东省,日照市,16.0,14150500.0,0.05263157894736842,50.06,44.28,52,0,89.72,53.0,6200.0,735.0,10.068027210884352,49.48,50.35,1.0,0,1,0,1,1,31.0,30.0
0,4.72775652173913,4.212399999999999,1.7765621621621617,1.4562054054054052,231.0,福建省,厦门市,34.0,43517181.0,0.1471861471861472,41.64,57.82,56,0,35.3,51.0,12705.0,1894.0,36.272439281942965,62.43,37.46,0.0,0,0,1,0,0,34.0,33.0
0,5.505456521739129,5.55985652173913,2.196224324324324,2.230040540540541,640.0,山东省,聊城市,38.0,5731900.0,0.059375,45.05,44.53,47,0,89.72,148.0,12797.0,2325.0,1.6774193548387095,39.95,59.97,0.0,0,0,1,0,1,26.0,21.0
0,4.528260869565217,5.41061304347826,1.1843756756756756,1.7328648648648652,642.0,湖南省,永州市,43.0,4708548.0,0.06697819314641744,39.58,47.1,51,0,35.3,128.0,12477.0,955.0,5.968586387434557,33.72,65.39,0.0,0,0,1,0,1,32.0,28.0
0,4.179326086956522,4.414104347826088,1.1185729729729728,1.264516216216217,288.0,福建省,三明市,13.0,4532584.0,0.04513888888888889,54.36,42.67,57,0,35.3,46.0,5439.0,1770.0,4.23728813559322,35.39,63.07,0.0,0,1,0,0,1,35.0,38.0
0,3.6254478260869583,3.5733217391304364,0.9826405405405412,0.9502378378378382,514.0,福建省,漳州市,20.0,8148209.0,0.038910505836575876,45.47,52.78,55,0,35.3,76.0,10356.0,2254.0,21.20674356699201,57.01,39.86,1.0,0,0,1,0,0,32.0,29.0
0,4.892252173913042,5.032373913043479,2.106454054054054,2.193556756756757,556.0,陕西省,渭南市,15.0,3705194.0,0.02697841726618705,46.02,43.82,53,0,43.47,155.0,9605.0,573.0,2.094240837696335,39.62,59.07,1.0,0,0,1,0,0,23.0,28.0
0,4.937273913043477,4.779295652173913,2.1333756756756745,2.0351729729729735,332.0,山西省,晋中市,35.0,2698240.0,0.10542168674698796,31.95,60.09,57,0,31.47,106.0,7129.0,567.0,4.232804232804233,39.96,59.72,1.0,0,1,0,0,1,31.0,36.0
1,4.025595652173916,4.149630434782608,1.1308864864864885,1.2079891891891887,294.0,辽宁省,铁岭市,7.0,1295727.0,0.023809523809523808,32.64,64.1,55,0,60.3,153.0,5700.0,228.0,8.771929824561402,37.03,55.95,1.0,1,0,0,0,1,34.0,32.0
0,4.987482608695653,4.754421739130434,1.892932432432434,1.7480567567567569,749.0,吉林省,长春市,44.0,51428765.0,0.05874499332443257,53.35,45.32,57,0,44.12,162.0,21119.0,1641.0,10.176721511273612,45.21,53.86,0.0,0,0,1,0,0,35.0,36.0
0,4.381017391304349,4.539391304347827,1.211664864864865,1.3101135135135138,275.0,吉林省,松原市,2.0,3913200.0,0.007272727272727273,43.61,53.75,51,0,44.12,51.0,5681.0,591.0,1.5228426395939088,42.2,49.92,0.0,0,1,0,0,1,29.0,30.0
0,3.0990652173913036,2.8960913043478262,0.8950864864864867,0.7689135135135139,565.0,广东省,汕头市,25.0,23315759.0,0.04424778761061947,50.4,45.16,54,0,182.12,44.0,9741.0,1988.0,10.814889336016094,58.4,41.51,1.0,0,0,1,0,0,28.0,35.0
0,2.847221739130436,2.6427565217391296,0.7024945945945946,0.5753945945945937,276.0,广东省,潮州市,5.0,8045515.0,0.018115942028985508,52.79,44.48,55,0,182.12,31.0,4600.0,923.0,14.517876489707474,56.25,43.68,0.0,0,0,1,0,0,33.0,31.0
0,6.001360869565217,6.79166956521739,2.510243243243244,3.0015162162162152,1070.0,安徽省,阜阳市,150.0,5431259.0,0.14018691588785046,35.23,53.08,57,0,36.14,115.0,13915.0,1752.0,1.0273972602739725,30.2,69.29,0.0,0,1,0,0,0,34.0,30.0
1,5.700691304347825,5.263469565217392,2.8753108108108094,2.603524324324324,842.0,河南省,郑州市,144.0,53849953.0,0.171021377672209,39.33,60.18,55,0,55.64,219.0,38049.0,2845.0,3.5149384885764503,52.39,47.5,1.0,1,0,0,0,0,33.0,36.0
0,5.255304347826089,5.5652956521739165,2.1156540540540547,2.308351351351353,1019.0,山东省,菏泽市,18.0,7708513.0,0.017664376840039256,48.59,43.97,55,0,89.72,233.0,21360.0,3455.0,1.7366136034732274,33.87,66.02,0.0,0,1,0,0,0,32.0,31.0
0,3.797021739130437,4.5052217391304366,0.9789567567567574,1.4191891891891912,349.0,四川省,资阳市,3.0,4848100.0,0.008595988538681949,57.45,32.35,56,0,66.1,43.0,5145.0,323.0,3.7151702786377703,41.98,57.87,0.0,1,0,0,0,1,34.0,38.0
0,4.388917391304348,4.7645652173913025,1.0634837837837852,1.2969945945945955,301.0,贵州省,安顺市,4.0,4488895.0,0.013289036544850499,38.83,48.59,58,0,35.3,73.0,3743.0,368.0,1.6304347826086956,35.45,64.0,0.0,0,1,0,0,1,34.0,36.0
0,4.2719000000000005,4.336921739130435,1.6190135135135135,1.6594324324324332,217.0,吉林省,通化市,3.0,1890231.0,0.013824884792626729,42.04,56.38,54,0,44.12,66.0,6007.0,551.0,3.0852994555353903,36.8,61.35,0.0,0,1,0,0,1,33.0,31.0
0,5.310273913043479,5.121595652173913,2.082948648648649,1.9656621621621624,433.0,山东省,淄博市,29.0,36697027.0,0.06697459584295612,51.99,46.08,50,0,89.72,157.0,14452.0,2624.0,5.525914634146342,64.53,35.38,0.0,0,0,1,0,1,27.0,29.0
0,4.14676956521739,4.566217391304347,1.0604405405405393,1.3211783783783764,805.0,贵州省,遵义市,31.0,11193200.0,0.03850931677018633,41.4,49.01,52,0,35.3,193.0,14432.0,1050.0,1.4285714285714286,28.66,71.16,0.0,0,0,1,0,0,29.0,33.0
1,5.5915086956521725,5.20937391304348,2.549013513513513,2.3114702702702727,243.0,内蒙古自治区,呼和浩特市,7.0,21851700.0,0.02880658436213992,24.81,74.14,55,0,35.79,108.0,10225.0,232.0,8.620689655172415,25.91,73.31,0.0,0,0,1,1,0,27.0,34.0
0,5.2730130434782625,4.911839130434784,2.742091891891892,2.5175783783783787,906.0,陕西省,西安市,114.0,71920980.0,0.12582781456953643,35.15,61.83,56,0,43.47,329.0,30820.0,1434.0,8.507670850767084,37.23,62.67,0.0,1,0,0,0,0,36.0,37.0
1,5.819739130434782,5.023117391304347,2.385202702702704,1.8900054054054047,691.0,江苏省,苏州市,86.0,81945100.0,0.12445730824891461,47.3,51.7,56,0,39.66,193.0,30300.0,9840.0,41.77845528455285,73.0,26.99,1.0,0,0,1,0,0,35.0,34.0
0,4.1698826086956515,4.278508695652173,2.126381081081081,2.1939054054054044,161.0,黑龙江省,黑河市,13.0,349527.0,0.08074534161490683,30.49,65.67,56,0,31.47,63.0,4030.0,111.0,5.405405405405406,14.92,65.14,0.0,1,0,0,0,1,37.0,40.0
0,3.070621739130436,3.096586956521739,0.7063108108108103,0.7224513513513506,363.0,广东省,汕尾市,5.0,2241362.0,0.013774104683195593,44.83,42.6,44,0,182.12,33.0,5153.0,237.0,24.05063291139241,53.73,45.67,1.0,1,0,0,0,0,23.0,23.0
0,3.9588782608695636,4.443060869565217,0.9088567567567556,1.2098351351351346,324.0,四川省,自贡市,9.0,8484280.0,0.027777777777777776,51.54,42.08,50,0,66.1,68.0,4531.0,534.0,2.0599250936329585,43.83,55.86,0.0,0,1,0,0,0,29.0,28.0
0,5.156639130434783,5.190430434782607,1.9889513513513508,2.0099567567567567,433.0,山西省,临汾市,2.0,2829721.0,0.004618937644341801,21.86,75.26,57,0,31.47,189.0,11043.0,380.0,3.4210526315789487,33.72,65.36,1.0,0,1,0,0,1,35.0,34.0
1,4.7434739130434735,4.614139130434781,1.9186270270270256,1.8382297297297283,755.0,河北省,唐山市,46.0,32053543.0,0.060927152317880796,62.1,33.63,56,0,31.22,173.0,18690.0,1630.0,5.398773006134969,42.58,55.25,0.0,0,1,0,0,0,35.0,35.0
0,5.000539130434783,4.656408695652175,1.7702081081081091,1.5562891891891897,271.0,江苏省,镇江市,12.0,18786919.0,0.04428044280442804,46.57,51.85,56,2,39.66,50.0,8100.0,2046.0,19.110459433040077,54.92,44.89,0.0,1,0,0,0,1,27.0,33.0
0,4.284034782608696,4.449747826086959,1.1751027027027028,1.2781135135135155,316.0,福建省,龙岩市,6.0,10326594.0,0.0189873417721519,52.76,40.89,58,1,35.3,47.0,5995.0,1186.0,8.431703204047219,39.88,58.9,0.0,1,0,0,0,0,36.0,37.0
0,4.151391304347826,4.814865217391303,0.9618081081081088,1.3742378378378373,800.0,湖南省,衡阳市,47.0,9082292.0,0.05875,46.11,51.91,51,2,35.3,127.0,17760.0,1098.0,3.0054644808743167,44.94,54.82,0.0,0,0,1,0,0,28.0,29.0
0,4.8580130434782625,4.8065739130434775,1.8573243243243245,1.8253486486486472,132.0,山西省,阳泉市,4.0,4440648.0,0.030303030303030304,42.49,57.06,57,2,31.47,49.0,3893.0,132.0,5.303030303030303,62.37,37.51,0.0,0,1,0,0,1,29.0,29.0
0,4.537226086956523,4.56038260869565,1.7156729729729738,1.7300675675675663,308.0,山西省,忻州市,7.0,1383021.0,0.022727272727272728,31.45,61.18,55,4,31.47,112.0,5923.0,349.0,0.8595988538681949,27.04,72.0,0.0,0,1,0,0,1,39.0,42.0
1,4.805904347826087,4.60107391304348,2.213794594594595,2.0864675675675683,525.0,江西省,南昌市,222.0,36408753.0,0.4228571428571429,50.04,48.25,56,3,32.02,118.0,14143.0,1473.0,9.504412763068569,59.03,40.67,0.0,0,1,0,0,1,34.0,34.0
1,4.743230434782608,4.485269565217392,1.7534324324324322,1.5930783783783786,644.0,山东省,济南市,47.0,63890455.0,0.07298136645962733,33.83,63.31,57,1,89.72,238.0,29035.0,2051.0,7.11847879083374,41.12,58.84,0.0,0,0,1,0,1,35.0,35.0
0,5.000295652173912,4.691291304347828,1.920135135135134,1.7280513513513518,256.0,山东省,威海市,38.0,17730689.0,0.1484375,47.52,46.77,58,1,89.72,50.0,8097.0,1847.0,23.226854358419057,64.93,34.95,1.0,0,0,1,0,1,39.0,35.0
1,5.463917391304347,5.3712608695652175,2.2763621621621604,2.2187648648648644,1162.0,山东省,临沂市,47.0,18035241.0,0.04044750430292599,51.46,46.7,57,2,89.72,188.0,21287.0,4074.0,4.639175257731959,49.81,49.95,1.0,0,1,0,0,1,36.0,34.0
0,2.7379391304347824,2.7106695652173918,0.4930000000000003,0.4760486486486486,703.0,广东省,揭阳市,8.0,9403706.0,0.011379800853485065,59.77,35.49,52,0,182.12,50.0,10172.0,1956.0,8.1799591002045,54.34,45.17,0.0,0,1,0,0,0,35.0,35.0
0,5.0304,4.96118695652174,2.4367054054054056,2.3936810810810814,1199.0,河北省,保定市,32.0,13573495.0,0.026688907422852376,49.05,45.38,60,6,31.22,365.0,28300.0,1828.0,4.485776805251642,38.83,61.04,0.0,0,1,0,0,1,36.0,36.0
0,4.490360869565215,4.603947826086957,1.683037837837837,1.753645945945946,320.0,吉林省,四平市,14.0,1613303.0,0.04375,52.11,45.02,54,1,44.12,63.0,7178.0,601.0,2.9950083194675536,21.89,74.52,0.0,0,1,0,0,1,24.0,34.0
1,5.260073913043477,5.020169565217392,2.3983189189189176,2.249189189189189,743.0,安徽省,合肥市,168.0,48124819.0,0.22611036339165544,47.33,52.35,59,3,36.14,172.0,20964.0,2257.0,7.6207354895879496,56.9,43.03,0.0,0,1,0,0,1,34.0,37.0
0,5.482991304347827,5.604708695652175,2.77515945945946,2.8508216216216216,79.0,黑龙江省,七台河市,16.0,1757953.0,0.20253164556962025,41.54,49.66,55,1,31.47,27.0,1789.0,83.0,1.2048192771084338,50.76,44.58,1.0,0,0,1,0,1,34.0,32.0
0,4.628278260869566,4.629173913043476,2.1300783783783785,2.130635135135135,255.0,黑龙江省,牡丹江市,12.0,3589212.0,0.047058823529411764,35.17,60.46,53,1,31.47,79.0,7797.0,460.0,1.5217391304347827,19.61,65.02,0.0,0,1,0,0,0,31.0,31.0
0,3.8315478260869567,3.865773913043479,0.9346513513513512,0.9559270270270276,219.0,云南省,玉溪市,14.0,7255575.0,0.0639269406392694,63.54,32.14,53,1,30.69,72.0,5889.0,434.0,3.9170506912442393,48.19,51.08,0.0,0,0,1,0,1,34.0,31.0
1,6.0109956521739125,6.562960869565215,2.4597810810810805,2.8028945945945942,602.0,江西省,宜春市,102.0,2850981.0,0.16943521594684385,37.67,51.24,57,2,32.02,40.0,8102.0,1542.0,5.058365758754863,50.18,49.03,0.0,1,0,0,0,1,34.0,37.0
0,4.379304347826088,4.6408391304347845,1.4389459459459468,1.6015216216216226,382.0,陕西省,汉中市,21.0,4798198.0,0.0549738219895288,50.42,40.58,56,3,43.47,80.0,6990.0,586.0,1.706484641638225,34.99,64.55,0.0,0,1,0,0,1,35.0,36.0
1,5.136547826086959,5.2387391304347855,1.8389378378378385,1.9024621621621625,272.0,内蒙古自治区,乌兰察布市,3.0,1534132.0,0.011029411764705883,37.7,59.73,54,2,35.79,51.0,3942.0,230.0,4.782608695652174,16.01,82.48,0.0,0,0,1,0,1,31.0,39.0
