,locked_on_date,bdidx_avgdiff_holiday,bdidx_avgdiff_date,popHR18_all,case_on_date,gdp2018,case_per_10k,second_ind,third_ind,sub_prov_ct,age_feb20,tenure,prov_leader_rank,yiji_jan23,yiji_jan24,yiji_jan25,yiji_jan26,num_hospital_total,num_doctors_total,num_firm_total,pct_of_non_domestic_firm,primary_emp_share_total,secondary_emp_share_total,tertiary_emp_share_total,is_STEM_major,is_BA,is_MA,is_PhD,is_female,rule_in_native_prov,party_age,work_age
0,0,1.963124324324324,2.261794594594594,588.0,69.0,5320556.0,0.11734693877551021,43.58,42.02,0,57,8,36.14,0,1,0,0,29.0,9062.0,914.0,2.7352297592997807,2.9200000000000017,19.64,77.44,0.0,1,0,0,0,1,33.0,35.0
2,0,1.6011297297297276,1.6053675675675674,387.0,24.0,22256613.0,0.06201550387596899,57.5,39.98,0,60,7,37.35,0,1,0,0,65.0,10330.0,835.0,4.311377245508982,0.6899999999999977,56.85,42.46,0.0,0,1,0,0,0,31.0,42.0
3,0,1.8649351351351355,1.9506675675675669,534.0,32.0,8119388.0,0.0599250936329588,34.08,59.67,0,60,7,37.35,0,1,0,0,66.0,11614.0,646.0,4.643962848297214,1.0499999999999972,36.93,62.02,0.0,0,1,0,0,0,36.0,37.0
4,0,0.9872027027027012,1.3034216216216208,418.0,3.0,2872060.0,0.007177033492822967,50.3,39.52,0,58,6,37.35,0,1,0,0,34.0,6382.0,354.0,3.6723163841807906,1.1000000000000083,26.08,72.82,0.0,0,0,1,0,1,34.0,30.0
5,0,1.0397378378378384,1.137491891891894,253.0,4.0,1477545.0,0.015810276679841896,39.75,50.49,0,55,6,30.69,0,1,0,0,43.0,4215.0,159.0,4.402515723270441,0.8200000000000003,36.89,62.29,0.0,0,1,0,0,1,35.0,32.0
6,0,2.1305567567567567,2.2358621621621606,1051.0,32.0,13518281.0,0.030447193149381543,43.22,50.31,0,52,6,31.22,0,1,0,0,214.0,20836.0,1344.0,2.380952380952381,0.2700000000000031,37.15,62.58,0.0,0,1,0,0,1,29.0,33.0
7,0,1.1530513513513525,1.385648648648648,305.0,26.0,2909198.0,0.08524590163934426,43.51,47.98,0,56,6,43.47,0,0,1,0,48.0,8577.0,647.0,0.4636785162287481,0.1799999999999926,27.71,72.11,0.0,0,0,1,0,0,35.0,37.0
9,0,1.1090972972972968,1.2735081081081066,287.0,4.0,1093212.0,0.013937282229965157,13.57,71.21,0,53,6,31.0,0,0,1,0,290.0,3869.0,81.0,0.0,10.700000000000003,20.49,68.81,1.0,0,0,1,0,0,34.0,28.0
10,0,1.5732459459459456,1.6662729729729726,371.0,12.0,3697913.0,0.03234501347708895,40.14,53.56,0,56,6,31.0,0,0,1,0,49.0,5045.0,170.0,1.1764705882352942,2.3699999999999903,30.18,67.45,0.0,0,1,0,0,0,35.0,34.0
11,1,1.0363486486486484,1.1153486486486492,336.0,6.0,1936827.0,0.017857142857142856,30.65,61.88,0,55,5,60.3,0,0,1,0,80.0,7464.0,248.0,6.854838709677418,0.5,25.5,74.0,0.0,0,0,1,0,1,34.0,31.0
12,0,1.3222459459459452,1.6551027027027043,522.0,40.0,3456184.0,0.07662835249042145,19.88,77.49,0,57,5,35.3,1,0,0,0,398.0,11607.0,630.0,2.2222222222222223,0.4500000000000029,21.06,78.49,0.0,0,0,1,0,1,36.0,35.0
13,0,1.7223054054054057,1.9028675675675681,390.0,27.0,6293324.0,0.06923076923076923,45.17,48.07,0,58,5,36.14,0,1,0,0,72.0,6201.0,610.0,3.4426229508196724,1.8699999999999972,48.27,49.86,0.0,0,1,0,0,1,36.0,36.0
14,0,0.4906378378378378,0.8164864864864878,661.0,13.0,8096320.0,0.019667170953101363,47.4,44.67,0,57,4,30.69,0,1,0,0,113.0,9345.0,638.0,1.5673981191222568,0.24000000000000196,54.03,45.73,0.0,0,1,0,0,1,35.0,35.0
15,0,1.5685594594594583,1.5905081081081072,380.0,7.0,4045897.0,0.018421052631578946,45.97,53.03,0,56,4,31.22,0,1,0,0,79.0,9732.0,432.0,2.5462962962962963,1.1300000000000097,23.91,74.96,0.0,0,1,0,0,1,35.0,35.0
16,1,1.1964891891891891,1.1560702702702708,177.0,3.0,5135963.0,0.01694915254237288,54.36,42.45,0,56,4,60.3,0,0,1,0,62.0,4593.0,194.0,7.731958762886598,3.9600000000000013,48.32,47.72,0.0,0,1,0,0,1,33.0,45.0
17,0,1.4234702702702706,1.8646918918918929,556.0,8.0,4597731.0,0.014388489208633094,38.61,46.08,0,57,4,37.35,0,1,0,0,51.0,6589.0,500.0,6.6000000000000005,0.4750593824228986,22.565320665083103,76.959619952494,1.0,0,1,0,0,0,30.0,39.0
18,0,1.1176324324324312,1.5291567567567586,430.0,28.0,2565998.0,0.06511627906976744,22.91,54.46,0,57,4,37.35,0,1,0,0,34.0,6286.0,173.0,2.312138728323699,1.7699999999999958,20.73,77.5,0.0,0,1,0,0,0,34.0,36.0
19,0,1.5254459459459455,1.5990675675675663,191.0,1.0,1676260.0,0.005235602094240838,13.85,73.96,0,60,4,44.12,0,0,1,0,40.0,4687.0,349.0,4.584527220630372,9.689999999999998,19.41,70.9,1.0,0,1,0,0,1,35.0,36.0
20,0,1.9016540540540536,2.0326891891891896,148.0,9.0,2869916.0,0.060810810810810814,31.07,62.85,0,53,4,36.14,0,1,0,0,32.0,3398.0,528.0,3.0303030303030303,0.8900000000000006,30.45,68.66,0.0,0,1,0,0,0,33.0,29.0
21,0,2.7550702702702705,2.958578378378378,432.0,17.0,4387409.0,0.03935185185185185,45.47,50.45,0,57,4,55.64,0,0,1,0,61.0,7939.0,890.0,2.02247191011236,0.030000000000001137,57.83,42.14,0.0,0,1,0,0,1,33.0,35.0
22,0,1.5754189189189178,1.9081513513513508,534.0,39.0,6904667.0,0.07303370786516854,42.09,54.4,0,57,4,35.3,1,0,0,0,339.0,11028.0,1076.0,4.368029739776952,0.5300000000000011,37.21,62.26,0.0,1,0,0,0,1,32.0,36.0
23,0,1.9913432432432447,1.9964216216216224,468.0,17.0,7049152.0,0.03632478632478633,71.34,27.71,0,58,4,43.47,0,0,1,0,151.0,10820.0,727.0,4.264099037138927,0.3999999999999986,49.65,49.95,1.0,0,0,1,0,0,34.0,37.0
24,1,1.6638918918918906,2.137456756756757,431.0,72.0,3966520.0,0.16705336426914152,46.5,41.95,0,57,4,32.02,0,1,0,0,48.0,5528.0,994.0,4.728370221327968,0.730000000000004,51.33,47.94,0.0,0,1,0,0,1,35.0,38.0
25,0,1.7540729729729732,1.6571081081081085,206.0,15.0,10086748.0,0.07281553398058252,37.4,62.35,0,51,4,35.9,0,0,0,1,73.0,8522.0,270.0,4.814814814814816,0.3200000000000003,38.71,60.97,0.0,0,0,1,0,0,32.0,30.0
26,1,1.9360648648648648,1.8804027027027042,757.0,55.0,34107409.0,0.0726552179656539,40.15,53.66,0,58,4,37.35,0,1,0,0,115.0,23412.0,960.0,7.8125,0.9600000000000009,40.44,58.6,1.0,0,1,0,0,0,39.0,43.0
27,0,1.7551756756756776,1.7242243243243252,238.0,8.0,3825290.0,0.03361344537815126,43.17,51.27,0,57,4,43.47,0,0,1,0,63.0,5266.0,171.0,1.7543859649122806,0.7299999999999969,41.68,57.59,0.0,0,1,0,0,1,35.0,35.0
28,1,1.9023324324324304,2.1623567567567563,974.0,76.0,7665439.0,0.07802874743326489,43.71,49.75,0,57,4,32.02,0,1,0,0,85.0,14048.0,1800.0,11.333333333333332,0.8899999999999864,35.27,63.84,1.0,1,0,0,0,0,35.0,35.0
29,1,1.7116945945945932,1.4813216216216212,563.0,53.0,38896946.0,0.0941385435168739,38.71,59.95,0,58,4,30.69,0,1,0,0,308.0,27317.0,990.0,7.777777777777778,0.24000000000000196,41.05,58.71,1.0,0,0,1,0,0,37.0,36.0
30,1,1.9776486486486464,2.132529729729729,169.0,6.0,3854290.0,0.03550295857988166,44.54,54.06,0,56,4,32.02,0,1,0,0,31.0,3147.0,327.0,6.422018348623854,3.1899999999999977,45.92,50.89,0.0,0,1,0,0,1,34.0,37.0
31,0,1.2309459459459466,1.4548918918918927,250.0,0.0,1936177.0,0.0,47.77,37.48,0,56,4,37.35,0,1,0,0,30.0,3374.0,201.0,9.452736318407961,8.879999999999994,22.67,68.45,0.0,0,0,1,0,1,30.0,32.0
32,0,2.0272054054054056,1.8090945945945949,326.0,36.0,20965283.0,0.11042944785276074,32.59,66.84,0,53,3,31.0,0,0,1,0,127.0,13692.0,351.0,4.843304843304843,0.07000000000000027,42.07,57.86,0.0,0,1,0,0,0,30.0,30.0
33,0,1.3101432432432425,1.4760837837837837,270.0,3.0,2029988.0,0.011111111111111112,51.88,45.3,0,56,3,31.0,0,0,1,0,28.0,4149.0,107.0,0.9345794392523364,0.230000000000004,33.05,66.72,1.0,0,1,0,0,1,31.0,31.0
34,0,2.0236108108108115,1.9928108108108105,175.0,44.0,9651455.0,0.25142857142857145,62.12,27.8,0,57,3,37.35,0,1,0,0,25.0,3514.0,212.0,17.452830188679243,3.3999999999999986,35.53,61.07,0.0,0,0,1,0,0,33.0,35.0
35,0,1.55752972972973,1.8995189189189188,244.0,4.0,3141921.0,0.01639344262295082,40.79,42.78,0,56,3,37.35,0,1,0,0,28.0,3449.0,204.0,7.84313725490196,1.4699999999999989,16.84,81.69,0.0,0,1,0,0,1,34.0,34.0
36,0,0.3068081081081102,0.7022540540540536,923.0,23.0,3721144.0,0.024918743228602384,31.81,50.5,0,59,3,35.3,0,1,0,0,509.0,11505.0,549.0,1.275045537340619,0.35999999999999943,18.37,81.27,0.0,0,1,0,0,0,34.0,37.0
37,1,2.305664864864865,2.187313513513514,973.0,29.0,33962728.0,0.029804727646454265,38.88,58.95,0,58,3,31.22,0,1,0,0,235.0,34487.0,2638.0,3.3358605003790758,0.20000000000000284,30.55,69.25,0.0,0,1,0,0,1,35.0,43.0
38,1,2.528045945945945,2.5101270270270275,778.0,48.0,8667928.0,0.061696658097686374,50.01,48.77,0,54,3,31.22,0,1,0,0,154.0,19233.0,2417.0,3.9718659495242035,1.3300000000000125,25.07,73.6,1.0,0,0,1,0,1,35.0,30.0
39,0,1.4256540540540534,1.4205378378378368,318.0,12.0,8866388.0,0.03773584905660377,38.54,60.0,0,55,3,31.47,0,0,1,0,143.0,9464.0,232.0,6.896551724137932,0.3299999999999983,50.68,48.99,1.0,0,0,1,0,0,34.0,30.0
40,0,1.9298891891891883,1.9411702702702684,392.0,6.0,813938.0,0.015306122448979591,28.09,69.47,0,57,3,31.47,0,0,1,0,104.0,7201.0,451.0,3.104212860310421,0.21000000000000085,42.8,56.99,0.0,0,1,0,0,1,35.0,37.0
41,1,2.065494594594596,1.9215135135135155,224.0,11.0,24190700.0,0.049107142857142856,40.7,58.17,0,60,3,35.79,0,0,1,0,84.0,8588.0,401.0,4.7381546134663335,0.7299999999999969,47.71,51.56,0.0,1,0,0,0,1,36.0,36.0
42,0,2.151435135135136,2.3725135135135123,528.0,47.0,1765596.0,0.08901515151515152,25.77,28.15,0,56,3,31.47,0,0,1,0,64.0,10613.0,314.0,2.2292993630573252,4.319999999999993,22.59,73.09,0.0,0,1,0,0,1,27.0,33.0
43,0,2.1134000000000004,2.547656756756754,656.0,41.0,6442018.0,0.0625,38.42,51.42,0,56,3,36.14,0,1,0,0,81.0,9221.0,1272.0,2.279874213836478,35.63720499999999,29.188078000000004,35.174717,0.0,0,1,0,0,1,30.0,37.0
44,0,2.6271162162162156,2.8841837837837856,1200.0,156.0,7557584.0,0.13,33.79,59.51,0,58,3,55.64,0,0,1,0,108.0,17993.0,1969.0,1.8791264601320468,0.5399999999999991,41.35,58.11,1.0,0,1,0,0,1,35.0,37.0
45,0,1.385694594594593,1.6093297297297289,170.0,5.0,2796735.0,0.029411764705882353,15.71,77.29,0,55,3,35.3,1,0,0,0,30.0,3207.0,213.0,2.3474178403755865,0.4200000000000017,22.07,77.51,0.0,1,0,0,0,1,35.0,35.0
46,0,1.305994594594595,1.602335135135136,479.0,60.0,6868076.0,0.12526096033402923,47.4,44.13,0,54,3,35.3,1,0,0,0,82.0,10996.0,1079.0,2.9657089898053752,0.28999999999999915,40.82,58.89,0.0,0,1,0,0,1,34.0,35.0
47,1,1.7747810810810818,1.629529729729732,44.0,2.0,4100777.0,0.045454545454545456,57.7,41.07,0,56,3,35.79,0,0,1,0,27.0,1536.0,144.0,1.3888888888888888,0.17999999999999972,49.71,50.11,0.0,0,1,0,0,1,35.0,36.0
48,1,2.0450540540540545,1.8112837837837843,161.0,11.0,7467000.0,0.06832298136645963,33.57,66.22,0,58,3,35.79,0,0,1,0,90.0,5652.0,399.0,4.511278195488722,0.7999999999999972,45.53,53.67,0.0,0,1,0,0,0,28.0,40.0
49,0,2.055137837837837,2.0861891891891893,101.0,5.0,1415313.0,0.04950495049504951,50.89,43.03,0,50,3,31.47,0,0,1,0,49.0,3067.0,123.0,4.065040650406504,29.749999999999996,34.4,35.85,0.0,0,1,0,0,1,21.0,29.0
51,0,0.3275162162162157,0.7166972972972959,303.0,6.0,3440379.0,0.019801980198019802,51.34,39.84,0,56,4,66.1,0,1,0,0,73.0,5886.0,465.0,1.2903225806451613,0.2599999999999909,28.73,71.01,0.0,0,0,1,0,1,34.0,33.0
52,0,1.244237837837836,1.2826297297297296,352.0,3.0,7191902.0,0.008522727272727272,51.52,42.25,0,56,4,66.1,0,1,0,0,97.0,7537.0,625.0,2.08,0.9100000000000036,41.54,57.55,1.0,0,0,1,0,0,33.0,35.0
53,0,1.1394189189189192,1.6105216216216207,672.0,42.0,4890622.0,0.0625,32.6,52.14,0,56,4,66.1,0,1,0,0,398.0,6937.0,560.0,0.8928571428571428,0.8400000000000034,45.47,53.69,1.0,0,0,1,1,0,36.0,35.0
54,0,2.372127027027028,2.480483783783784,534.0,43.0,6366549.0,0.08052434456928839,28.65,67.36,0,56,4,31.47,0,0,1,0,116.0,10377.0,367.0,5.177111716621254,12.36,24.05,63.59,1.0,0,0,1,0,1,26.0,35.0
55,1,1.868940540540541,1.3602864864864874,420.0,84.0,93985162.0,0.2,57.72,40.86,0,55,4,182.12,1,0,0,0,110.0,18134.0,6212.0,18.399871216999355,0.01999999999999957,70.75,29.23,0.0,0,0,1,0,0,33.0,37.0
56,0,0.9085540540540542,1.0456108108108113,263.0,9.0,2604239.0,0.034220532319391636,35.96,44.55,0,57,3,30.69,0,1,0,0,50.0,4360.0,258.0,1.937984496124031,1.3300000000000054,46.51,52.16,0.0,0,1,0,0,1,34.0,37.0
59,1,2.1455,2.2584459459459465,200.0,33.0,6083233.0,0.165,49.6,47.33,0,51,3,32.02,0,1,0,0,32.0,4433.0,578.0,3.97923875432526,0.30000000000000426,52.05,47.65,0.0,0,0,1,0,0,25.0,31.0
60,0,1.7188216216216214,2.1791108108108106,531.0,83.0,5138061.0,0.15630885122410546,43.69,53.59,0,55,3,36.14,0,1,0,0,69.0,8638.0,1716.0,2.797202797202797,3.910000000000004,40.22,55.87,1.0,1,0,0,0,0,21.0,32.0
61,0,1.8300729729729728,2.4517162162162167,651.0,108.0,4212362.0,0.16589861751152074,42.41,41.89,0,54,3,36.14,0,1,0,0,62.0,6397.0,1032.0,0.6782945736434108,0.07000000000000739,31.33,68.6,1.0,0,1,0,0,1,31.0,35.0
62,0,1.9820540540540537,2.0605945945945936,403.0,80.0,11740538.0,0.19851116625310175,45.01,52.97,0,57,3,35.3,1,0,0,0,190.0,10620.0,1658.0,2.714113389626055,0.3500000000000014,54.9,44.75,1.0,0,0,1,0,1,28.0,36.0
63,0,1.5919837837837822,1.675818918918917,288.0,36.0,12342154.0,0.125,54.41,44.1,0,55,3,35.3,1,0,0,0,63.0,7526.0,970.0,3.608247422680412,0.009999999999998009,58.54,41.45,0.0,0,1,0,0,1,27.0,31.0
64,0,1.0143432432432418,1.504978378378377,826.0,102.0,3417031.0,0.1234866828087167,46.34,50.17,0,58,3,35.3,1,0,0,0,293.0,12799.0,1256.0,2.070063694267516,0.9200000000000016,37.43,61.65,0.0,0,1,0,0,0,33.0,32.0
65,1,1.9781783783783795,2.4754297297297305,783.0,123.0,6203743.0,0.15708812260536398,41.95,53.24,0,57,3,32.02,0,1,0,0,147.0,11101.0,1303.0,2.609363008442057,1.2700000000000031,42.54,56.19,0.0,0,1,0,0,1,36.0,37.0
66,0,2.777089189189188,2.8732189189189183,624.0,53.0,6166974.0,0.08493589743589744,45.1,53.72,0,57,3,55.64,0,0,1,0,100.0,13263.0,944.0,1.6949152542372878,0.12000000000000455,59.76,40.12,1.0,1,0,0,0,1,36.0,37.0
67,0,2.839848648648649,2.8240675675675666,371.0,32.0,5162899.0,0.0862533692722372,42.5,56.27,0,57,3,55.64,0,0,1,0,92.0,8994.0,1289.0,2.094647013188518,0.07000000000000027,60.55,39.38,0.0,0,1,0,0,0,35.0,35.0
68,0,1.1699891891891898,1.5236513513513517,268.0,11.0,2936789.0,0.041044776119402986,34.75,42.91,0,54,3,37.35,0,1,0,0,21.0,3772.0,227.0,4.405286343612334,7.219999999999999,24.93,67.85,1.0,0,1,0,0,1,24.0,29.0
69,1,2.637013513513511,3.0364270270270266,911.0,274.0,5867475.0,0.300768386388584,44.66,43.08,0,58,3,55.64,0,0,1,0,270.0,9940.0,1110.0,1.351351351351351,0.1700000000000017,43.66,56.17,0.0,0,1,0,0,1,29.0,35.0
70,0,1.4906864864864864,1.2748810810810816,396.0,23.0,14192763.0,0.05808080808080808,49.77,46.83,0,57,3,182.12,1,0,0,0,44.0,9859.0,2112.0,32.95454545454545,0.10000000000000142,57.62,42.28,0.0,0,1,0,0,1,34.0,38.0
71,0,0.3633405405405403,0.3405405405405406,79.0,0.0,731016.0,0.0,40.63,51.83,0,55,3,35.26,0,0,0,0,22.0,1383.0,15.0,0.0,0.769999999999996,7.93,91.3,0.0,0,1,0,0,0,30.0,39.0
72,0,0.8548891891891892,0.6981729729729733,19.0,0.0,652800.0,0.0,38.56,59.11,0,58,3,35.26,0,0,0,0,17.0,431.0,3.0,0.0,3.3999999999999915,6.67,89.93,0.0,0,1,0,0,0,32.0,36.0
73,0,2.2660945945945934,2.0440027027027026,474.0,30.0,8648469.0,0.06329113924050633,38.63,59.19,0,54,3,31.22,0,1,0,0,153.0,11877.0,1180.0,12.627118644067798,0.5500000000000043,45.01,54.44,0.0,0,1,0,0,1,35.0,34.0
74,1,1.1179891891891889,1.3606945945945927,555.0,12.0,7516818.0,0.021621621621621623,51.06,42.6,0,57,3,66.1,0,1,0,0,172.0,9022.0,692.0,1.300578034682081,0.5600000000000023,48.21,51.23,0.0,0,1,0,0,1,37.0,24.0
75,0,1.1803621621621607,1.6049621621621624,733.0,39.0,6692215.0,0.05320600272851296,43.99,42.96,0,57,3,66.1,0,1,0,0,112.0,13077.0,722.0,1.662049861495845,0.19000000000000486,39.98,59.83,0.0,1,0,0,0,1,36.0,36.0
76,1,1.279567567567566,1.5587324324324316,415.0,22.0,4772911.0,0.05301204819277108,44.3,41.8,0,55,3,66.1,0,1,0,0,72.0,5507.0,317.0,4.416403785488959,0.28000000000000114,50.86,48.86,0.0,0,1,0,0,0,33.0,37.0
77,0,1.8860351351351368,1.939991891891892,228.0,7.0,4316182.0,0.03070175438596491,45.02,49.12,0,56,3,55.64,0,0,1,0,51.0,5297.0,501.0,2.7944111776447107,0.2999999999999972,50.95,48.75,0.0,0,0,1,0,1,34.0,32.0
78,0,2.353191891891892,2.7691189189189203,987.0,91.0,4793000.0,0.09219858156028368,43.97,42.02,0,54,3,55.64,0,0,1,0,79.0,14756.0,1350.0,1.925925925925926,0.10999999999999943,46.88,53.01,1.0,0,1,0,0,1,35.0,27.0
79,0,0.6792486486486471,1.186170270270269,440.0,10.0,2077400.0,0.022727272727272728,39.59,48.93,0,50,3,35.3,0,1,0,0,99.0,6432.0,550.0,1.0909090909090908,0.4200000000000017,14.0,85.58,0.0,0,1,0,0,1,29.0,31.0
80,1,2.196202702702704,2.3629648648648653,217.0,27.0,6229180.0,0.12442396313364056,58.86,37.7,0,54,3,36.14,0,1,0,0,69.0,4524.0,738.0,2.4390243902439024,0.0,63.08,36.92,0.0,0,1,0,0,1,33.0,36.0
81,0,1.5804081081081094,1.6824864864864877,319.0,20.0,5263855.0,0.06269592476489028,48.34,38.53,0,55,3,35.3,0,1,0,0,51.0,5382.0,1089.0,4.040404040404041,2.7600000000000047,37.19,60.05,1.0,0,0,1,0,0,35.0,33.0
82,0,1.2593324324324304,1.1964972972972974,232.0,1.0,8078204.0,0.004310344827586207,42.0,55.25,0,59,3,60.3,0,0,1,0,126.0,5952.0,576.0,16.319444444444443,0.35999999999999943,34.53,65.11,1.0,1,0,0,0,1,37.0,36.0
83,1,3.2769594594594595,3.394224324324324,122.0,130.0,7565744.0,1.0655737704918034,52.82,42.54,0,52,3,32.02,0,1,0,0,14.0,4201.0,369.0,4.607046070460704,0.2600000000000051,62.05,37.69,0.0,0,1,0,0,0,31.0,30.0
84,1,1.6348054054054069,1.9554729729729745,536.0,22.0,2531933.0,0.041044776119402986,44.99,48.27,0,56,3,32.02,0,1,0,0,57.0,8028.0,1222.0,7.201309328968903,2.009999999999998,48.85,49.14,1.0,0,1,0,0,0,36.0,30.0
85,0,2.456524324324324,2.498008108108108,737.0,31.0,16555755.0,0.04206241519674356,37.74,61.18,0,56,3,55.64,0,0,1,0,142.0,17586.0,1975.0,2.3797468354430378,0.13000000000000256,48.72,51.15,1.0,0,0,1,0,1,36.0,39.0
86,0,0.5038864864864854,0.7475108108108106,239.0,1.0,1065841.0,0.0041841004184100415,34.02,50.89,0,55,3,30.69,0,1,0,0,53.0,3315.0,173.0,1.1560693641618496,6.700000000000002,28.84,64.46,0.0,0,1,0,0,1,34.0,33.0
87,0,1.2769270270270272,1.0667054054054066,54.0,1.0,2878800.0,0.018518518518518517,33.09,65.28,0,53,3,35.26,0,0,0,0,28.0,2552.0,76.0,3.947368421052632,32.49999999999999,16.62,50.88,0.0,0,1,0,0,1,28.0,32.0
89,0,1.2390432432432452,1.34672162162162,154.0,7.0,2398237.0,0.045454545454545456,37.58,47.5,0,58,2,66.1,0,1,0,0,44.0,3941.0,314.0,2.5477707006369434,0.6499999999999915,29.84,69.51,0.0,0,1,0,0,1,35.0,39.0
90,0,2.4526324324324325,2.6939621621621637,381.0,160.0,8445969.0,0.4199475065616798,49.47,47.49,0,58,2,36.14,0,1,0,0,81.0,6297.0,1115.0,3.5874439461883414,0.14999999999999858,42.51,57.34,1.0,1,0,0,0,1,34.0,37.0
91,0,1.6621918918918919,1.7101216216216226,229.0,38.0,10425427.0,0.16593886462882096,53.91,44.88,0,55,2,36.14,0,1,0,0,62.0,4756.0,1054.0,5.597722960151803,0.3200000000000003,52.49,47.19,0.0,1,0,0,0,1,28.0,34.0
92,0,2.4164351351351363,2.57561891891892,559.0,26.0,6887402.0,0.046511627906976744,34.99,55.18,0,53,2,55.64,0,0,1,0,105.0,11280.0,1347.0,2.3756495916852263,0.12999999999999545,54.17,45.7,0.0,0,1,0,1,1,32.0,29.0
93,0,2.438097297297297,2.5839135135135125,567.0,58.0,5649429.0,0.10229276895943562,51.9,47.07,0,57,2,55.64,0,0,1,0,87.0,11355.0,885.0,2.485875706214689,0.0799999999999983,54.64,45.28,0.0,0,1,0,0,1,29.0,36.0
94,0,1.7090945945945943,1.779010810810811,96.0,15.0,3229700.0,0.15625,13.1,48.6,0,53,2,32.74,0,0,1,0,22.0,1680.0,18.0,16.666666666666664,43.762576,11.730382,44.507042,0.0,0,0,1,0,0,33.0,29.0
95,0,1.0307972972972983,1.2668972972972992,342.0,10.0,4673400.0,0.029239766081871343,46.61,52.04,0,55,2,35.3,0,1,0,0,111.0,5106.0,452.0,1.106194690265487,0.2700000000000031,46.0,53.73,0.0,0,1,0,0,1,36.0,36.0
96,0,2.6890783783783783,2.6515324324324325,221.0,10.0,2681085.0,0.04524886877828054,30.34,69.4,0,55,2,31.47,0,0,1,0,83.0,5730.0,259.0,5.791505791505792,0.37999999999999545,61.67,37.95,1.0,0,0,1,0,0,22.0,37.0
97,1,2.2651729729729726,1.7604891891891885,597.0,157.0,62826874.0,0.2629815745393635,49.53,48.97,1,58,2,66.3,1,0,0,0,154.0,24268.0,7500.0,19.573333333333334,0.019999999999996017,61.02,38.96,0.0,0,1,0,0,0,34.0,37.0
98,1,2.4254891891891908,2.8663270270270282,961.0,139.0,3668609.0,0.14464099895941726,46.95,45.74,0,54,2,55.64,0,0,1,0,79.0,12896.0,1715.0,1.6909620991253644,0.8699999999999974,44.74,54.39,0.0,0,1,0,0,1,34.0,30.0
100,0,1.52171891891892,1.220489189189189,97.0,10.0,9165154.0,0.10309278350515463,34.21,58.13,0,56,2,66.3,1,0,0,0,30.0,3581.0,351.0,6.552706552706553,0.039999999999992035,33.2,66.76,0.0,1,0,0,0,1,33.0,38.0
101,0,2.640437837837836,2.686799999999999,647.0,57.0,8005138.0,0.08809891808346214,42.89,56.17,0,56,2,55.64,0,0,1,0,115.0,14298.0,1240.0,4.032258064516129,0.07000000000000027,60.65,39.28,0.0,0,1,0,0,1,35.0,37.0
102,0,2.195956756756758,2.7741324324324332,1258.0,76.0,2360046.0,0.06041335453100159,49.87,46.49,0,56,2,55.64,0,0,1,0,140.0,16413.0,1274.0,1.7268445839874411,0.17999999999999972,48.39,51.43,0.0,0,1,0,0,1,35.0,24.0
104,0,1.732981081081081,1.7526594594594609,465.0,41.0,7093733.0,0.08817204301075268,38.92,54.07,0,58,2,31.22,0,1,0,0,100.0,9401.0,446.0,6.95067264573991,0.5500000000000114,21.88,77.57,0.0,0,0,1,0,1,37.0,39.0
106,0,2.3056216216216217,2.295408108108108,273.0,26.0,22907157.0,0.09523809523809523,62.09,35.51,0,56,2,31.47,0,0,1,0,113.0,9926.0,419.0,3.818615751789976,0.5700000000000003,49.62,49.81,1.0,0,0,1,0,1,33.0,30.0
107,0,1.5030567567567563,1.7124486486486483,162.0,17.0,3508409.0,0.10493827160493827,49.57,41.7,0,49,2,36.14,0,1,0,0,30.0,2932.0,580.0,2.931034482758621,0.6799999999999997,36.82,62.5,1.0,0,0,1,1,1,24.0,29.0
108,0,1.0258108108108122,1.2227594594594595,839.0,22.0,12740693.0,0.026221692491060787,45.22,49.4,0,51,2,182.12,1,0,0,0,103.0,12810.0,866.0,8.775981524249422,2.8300000000000054,36.69,60.48,0.0,0,0,1,0,1,31.0,29.0
109,0,2.1759729729729718,1.953648648648647,1435.0,143.0,110100047.0,0.09965156794425087,43.92,54.56,1,53,2,66.1,0,1,0,0,888.0,58159.0,3631.0,8.620214816854862,0.6300000000000097,34.01,65.36,0.0,0,1,0,0,0,34.0,35.0
110,0,0.2916945945945937,0.7650135135135123,619.0,25.0,2558688.0,0.04038772213247173,49.28,39.59,0,55,2,30.69,0,1,0,0,297.0,7676.0,130.0,3.8461538461538463,0.6700000000000017,23.83,75.5,0.0,0,1,0,0,1,28.0,37.0
111,0,2.7396135135135142,2.558697297297297,223.0,23.0,27075290.0,0.1031390134529148,30.24,69.11,0,55,2,73.45,0,0,1,0,127.0,14482.0,360.0,4.4444444444444455,1.3500000000000083,31.77,66.88,0.0,0,1,0,0,0,35.0,34.0
112,0,2.8689054054054064,2.716078378378379,31.0,0.0,7445034.0,0.0,70.34,28.99,0,56,2,73.45,0,0,1,0,5.0,2480.0,87.0,2.2988505747126435,0.059999999999995175,58.81,41.13,0.0,1,0,0,0,0,25.0,33.0
113,0,1.8823432432432432,1.8299108108108115,388.0,34.0,19018514.0,0.08762886597938144,55.94,42.62,0,51,2,36.14,0,1,0,0,83.0,8702.0,1962.0,6.422018348623854,0.07000000000000027,53.2,46.73,0.0,0,1,0,0,1,33.0,33.0
114,0,1.109159459459459,1.2092540540540542,373.0,4.0,3790678.0,0.010723860589812333,54.72,44.55,0,55,2,182.12,1,0,0,0,52.0,5742.0,602.0,26.578073089701,0.259999999999998,47.9,51.84,1.0,1,0,0,0,0,35.0,34.0
115,0,1.4209459459459457,1.8220621621621609,411.0,8.0,5918520.0,0.019464720194647202,36.31,42.96,0,57,2,37.35,0,1,0,0,22.0,5316.0,326.0,7.975460122699388,0.9181969999999992,42.904841,56.176961999999996,0.0,0,1,0,1,0,32.0,37.0
116,0,0.654672972972973,0.4928621621621616,76.0,0.0,563394.0,0.0,44.22,48.89,0,52,2,35.26,0,0,0,0,28.0,836.0,4.0,25.0,1.0500000000000114,12.63,86.32,0.0,0,1,0,0,1,27.0,30.0
117,0,1.5933027027027031,1.5497108108108095,385.0,3.0,6984704.0,0.007792207792207792,58.87,36.99,0,59,2,43.47,0,0,1,0,109.0,7390.0,839.0,0.9535160905840284,0.9600000000000009,41.16,57.88,1.0,1,0,0,0,1,33.0,37.0
118,0,1.6075027027027042,1.6837999999999995,182.0,4.0,2679410.0,0.02197802197802198,49.89,46.84,0,53,2,31.0,0,0,1,0,102.0,3341.0,137.0,4.37956204379562,1.2399999999999949,43.95,54.81,0.0,0,1,0,1,0,28.0,35.0
119,0,1.281075675675675,1.3999810810810809,190.0,0.0,2722793.0,0.0,31.62,46.94,0,48,2,31.0,0,0,1,0,12.0,3695.0,219.0,1.8264840182648399,2.1599999999999966,32.37,65.47,0.0,0,1,0,0,1,26.0,28.0
120,0,2.5452351351351346,2.4159675675675683,64.0,3.0,854603.0,0.046875,24.09,51.84,0,52,2,73.45,0,0,1,0,22.0,1590.0,135.0,1.4814814814814816,0.7800000000000011,31.74,67.48,0.0,0,1,0,0,0,31.0,29.0
121,1,1.6902405405405398,1.505851351351351,595.0,19.0,53917639.0,0.031932773109243695,38.42,58.65,1,51,2,60.3,0,0,1,0,153.0,20301.0,1683.0,34.818775995246575,0.5899999999999963,40.49,58.92,0.0,0,1,0,0,0,29.0,29.0
122,1,1.9279891891891887,1.5055459459459457,435.0,417.0,224900586.0,0.9586206896551724,41.44,58.47,1,57,2,182.12,1,0,0,0,135.0,33299.0,7943.0,30.681102857862268,0.02000000000000313,57.58,42.4,0.0,0,0,1,0,0,36.0,32.0
123,1,2.2911675675675682,2.2864891891891914,143.0,28.0,1895152.0,0.1958041958041958,61.99,28.69,0,56,2,30.69,0,0,1,0,50.0,2647.0,357.0,1.1204481792717087,2.5000000000000067,34.63,62.87,1.0,0,1,0,0,0,32.0,32.0
124,0,1.3477810810810815,1.351394594594594,123.0,7.0,1242906.0,0.056910569105691054,31.19,64.29,0,54,2,30.69,0,1,0,0,30.0,2085.0,78.0,2.564102564102564,0.5499999999999972,16.75,82.7,0.0,1,0,0,0,1,29.0,32.0
125,0,1.5558270270270276,1.618581081081082,131.0,2.0,1646975.0,0.015267175572519083,23.36,61.95,0,57,2,31.0,0,0,1,0,53.0,3308.0,224.0,1.7857142857142856,2.3500000000000085,25.85,71.8,0.0,0,1,0,0,1,35.0,31.0
126,0,1.5128243243243238,1.6553513513513518,234.0,9.0,1286773.0,0.038461538461538464,23.72,69.62,0,57,2,31.0,0,0,1,0,149.0,4594.0,66.0,0.0,1.7800000000000011,37.67,60.55,1.0,0,0,1,0,1,33.0,36.0
127,0,1.2864810810810812,1.4636,303.0,9.0,767389.0,0.0297029702970297,29.63,57.68,0,56,2,31.0,0,0,1,0,47.0,4783.0,153.0,0.6535947712418301,0.8200000000000074,24.3,74.88,0.0,1,0,0,0,0,25.0,36.0
128,1,2.067621621621623,2.109194594594594,460.0,9.0,6113256.0,0.01956521739130435,37.95,51.12,0,57,2,35.79,0,0,1,0,98.0,11601.0,359.0,2.2284122562674096,4.739999999999995,29.21,66.05,0.0,0,1,0,0,1,32.0,35.0
129,1,2.724791891891892,2.6912837837837835,174.0,8.0,2421916.0,0.04597701149425287,35.6,46.93,0,51,2,35.79,0,0,1,0,53.0,4956.0,223.0,4.932735426008969,12.399999999999993,16.12,71.48,0.0,0,1,0,0,1,26.0,33.0
130,1,2.6297648648648657,2.541170270270272,955.0,198.0,47127585.0,0.20732984293193718,29.93,64.24,1,57,2,31.47,0,0,1,0,310.0,22000.0,1275.0,5.96078431372549,2.5600000000000023,30.49,66.95,1.0,0,1,0,0,1,35.0,32.0
131,0,0.28004324324324426,0.9177459459459464,376.0,24.0,2169990.0,0.06382978723404255,43.56,41.97,0,52,2,66.1,0,1,0,0,75.0,6607.0,290.0,0.6896551724137931,0.490000000000002,54.47,45.04,1.0,0,0,1,0,1,26.0,29.0
132,0,0.6228405405405408,0.6230972972972979,35.0,0.0,493693.0,0.0,23.37,74.38,0,56,2,35.26,0,0,0,0,17.0,1701.0,15.0,0.0,0.20000000000000284,14.06,85.74,0.0,0,1,0,0,0,29.0,34.0
133,0,1.9238729729729744,1.9757972972972968,381.0,13.0,10803650.0,0.03412073490813648,66.26,30.68,0,54,2,43.47,0,0,1,0,105.0,9858.0,730.0,2.054794520547945,0.6099999999999994,50.46,48.93,0.0,0,1,0,0,1,33.0,33.0
134,0,1.8344783783783805,1.9597972972972983,151.0,5.0,1176599.0,0.033112582781456956,27.41,59.81,0,52,2,30.69,0,0,1,0,13.0,2513.0,50.0,0.0,1.8400000000000036,13.29,84.87,0.0,0,1,0,0,1,31.0,30.0
135,0,2.0740999999999987,2.094864864864864,122.0,4.0,1716928.0,0.03278688524590164,38.66,47.82,0,54,2,30.69,0,0,1,0,28.0,1866.0,133.0,3.0075187969924815,4.159999999999997,19.34,76.5,0.0,0,1,0,0,0,34.0,33.0
136,0,2.2756135135135143,2.072843243243243,369.0,20.0,31483179.0,0.05420054200542006,36.52,62.93,0,56,2,31.47,0,0,1,0,175.0,21476.0,376.0,5.319148936170213,0.1699999999999946,46.95,52.88,1.0,0,1,0,0,1,33.0,33.0
137,1,2.3477648648648644,2.129578378378377,189.0,34.0,11039244.0,0.17989417989417988,35.85,62.52,0,59,2,30.69,0,0,1,0,70.0,8990.0,463.0,5.183585313174946,1.4199999999999946,39.06,59.52,1.0,0,1,0,0,0,33.0,37.0
138,1,1.6211216216216222,1.4372783783783791,693.0,72.0,43005530.0,0.1038961038961039,36.69,61.92,0,58,2,35.3,0,1,0,0,116.0,20417.0,2213.0,25.21464075915048,0.17999999999999972,56.87,42.95,1.0,1,0,0,0,0,36.0,36.0
139,0,1.536978378378378,1.6863324324324322,454.0,13.0,4329164.0,0.028634361233480177,65.72,29.68,0,55,2,36.14,0,1,0,0,64.0,6625.0,1621.0,5.67550894509562,2.1099999999999994,44.86,53.03,0.0,0,1,0,0,1,35.0,34.0
140,0,1.919202702702704,1.6923486486486483,709.0,242.0,63903360.0,0.34132581100141046,35.39,63.69,0,56,2,35.3,1,0,0,0,287.0,29265.0,2886.0,4.885654885654887,0.12000000000000455,46.23,53.65,0.0,0,1,0,0,1,34.0,36.0
141,0,1.7746027027027012,2.045278378378377,606.0,82.0,16105239.0,0.1353135313531353,47.57,48.63,0,53,2,35.3,1,0,0,0,85.0,15367.0,1165.0,3.3476394849785414,0.12999999999999545,42.34,57.53,0.0,0,1,0,0,1,28.0,30.0
142,0,1.4276567567567569,1.5157675675675697,345.0,8.0,5546799.0,0.02318840579710145,47.15,41.55,0,57,2,66.1,0,1,0,0,91.0,6163.0,584.0,3.595890410958904,0.3100000000000023,43.57,56.12,0.0,0,0,1,0,0,29.0,35.0
143,1,2.189032432432433,1.931648648648649,681.0,93.0,117151000.0,0.13656387665198239,38.03,59.73,1,57,2,39.66,0,0,1,0,220.0,28100.0,2348.0,22.657580919931856,0.060000000000002274,44.32,55.62,0.0,1,0,0,0,1,34.0,34.0
144,0,1.4960486486486486,1.5566216216216215,172.0,0.0,1653467.0,0.0,46.85,42.94,0,56,2,35.9,0,0,0,1,53.0,1863.0,86.0,2.3255813953488373,3.1500000000000057,18.83,78.02,0.0,0,1,0,0,1,34.0,34.0
145,0,2.007737837837837,2.0544000000000007,454.0,8.0,5534965.0,0.01762114537444934,48.02,47.99,0,56,2,31.22,0,1,0,0,126.0,11010.0,1166.0,3.2590051457975986,0.519999999999996,21.46,78.02,0.0,0,1,0,0,1,34.0,33.0
146,0,2.5680351351351347,2.6776162162162156,267.0,35.0,7027980.0,0.13108614232209737,61.45,31.5,0,51,2,55.64,0,0,1,0,47.0,5228.0,585.0,2.7350427350427347,0.009999999999998009,63.22,36.77,0.0,0,1,0,0,1,24.0,28.0
147,0,1.0119108108108097,0.9036702702702696,21.0,0.0,2996200.0,0.0,61.1,37.6,0,57,2,31.0,0,0,1,0,10.0,864.0,48.0,0.0,10.11,57.34,32.55,0.0,1,0,0,0,1,34.0,35.0
148,0,1.3705999999999996,1.3179729729729743,99.0,0.0,1687479.0,0.0,25.71,62.24,0,57,2,31.0,0,0,1,0,36.0,3430.0,192.0,6.770833333333332,5.239999999999995,33.95,60.81,0.0,1,0,0,0,1,32.0,36.0
149,0,1.5793459459459471,1.6093081081081078,164.0,8.0,4583205.0,0.04878048780487805,37.42,59.19,0,56,2,31.47,0,0,1,0,63.0,2884.0,238.0,2.5210084033613445,0.509999999999998,42.02,57.47,0.0,0,0,1,0,1,35.0,36.0
150,0,2.4768513513513524,2.576570270270269,508.0,39.0,7495540.0,0.07677165354330709,56.05,40.75,0,56,1,55.64,0,0,1,0,101.0,9884.0,1574.0,1.3341804320203303,0.010000000000005116,58.91,41.08,0.0,1,0,0,0,1,35.0,35.0
151,0,0.9383513513513502,1.0269378378378389,297.0,14.0,7094626.0,0.04713804713804714,40.6,45.71,0,57,1,182.12,1,0,0,0,51.0,5201.0,545.0,14.12844036697248,1.759999999999998,45.74,52.5,0.0,0,1,0,0,0,34.0,37.0
152,0,1.4240189189189199,1.7007405405405418,510.0,24.0,8407557.0,0.047058823529411764,57.72,35.93,0,54,1,66.1,0,1,0,0,140.0,9237.0,662.0,2.416918429003021,0.1600000000000037,42.76,57.08,0.0,0,1,0,0,1,34.0,36.0
153,0,1.8208405405405403,1.7832945945945933,74.0,1.0,3771905.0,0.013513513513513514,62.41,35.71,0,57,1,30.69,0,0,1,0,35.0,2171.0,217.0,3.6866359447004617,0.7000000000000028,46.07,53.23,0.0,1,0,0,0,1,34.0,35.0
154,1,1.4579189189189181,1.4139891891891905,344.0,4.0,8640987.0,0.011627906976744186,50.31,48.96,0,57,1,60.3,0,0,1,0,104.0,6680.0,561.0,8.19964349376114,0.37999999999999545,48.88,50.74,0.0,1,0,0,0,0,35.0,36.0
155,0,1.7838432432432418,1.7169405405405391,59.0,54.0,5298048.0,0.9152542372881356,19.98,67.63,0,52,1,32.74,0,0,1,0,11.0,2219.0,21.0,23.809523809523807,2.7899999999999916,8.12,89.09,0.0,0,1,0,0,0,15.0,28.0
156,0,2.7322135135135137,2.6254918918918926,56.0,0.0,3591681.0,0.0,54.57,37.73,0,52,1,73.45,0,0,1,0,34.0,2238.0,198.0,2.525252525252525,10.4,29.37,60.23,1.0,1,0,0,0,0,22.0,31.0
157,1,1.9704972972972965,1.792402702702702,737.0,28.0,51481026.0,0.037991858887381276,39.2,58.48,1,58,1,60.3,0,0,1,0,274.0,28193.0,1379.0,19.5794053662074,0.21000000000000085,39.53,60.26,1.0,1,0,0,0,0,34.0,37.0
158,0,1.593800000000002,1.5967891891891894,118.0,7.0,4251037.0,0.059322033898305086,59.35,40.17,0,55,1,44.12,0,0,1,0,21.0,2808.0,305.0,1.9672131147540983,1.8000000000000045,54.83,43.37,1.0,1,0,0,0,1,33.0,32.0
160,0,1.7146459459459464,1.7941945945945958,116.0,1.0,1650320.0,0.008620689655172414,25.26,42.21,0,57,1,31.47,0,0,1,0,40.0,2684.0,97.0,7.216494845360824,53.50000000000001,12.74,33.76,0.0,0,1,0,0,1,34.0,39.0
161,0,2.2642729729729716,2.134094594594595,908.0,44.0,17510000.0,0.048458149779735685,47.97,49.17,0,56,1,89.72,0,1,0,0,188.0,25432.0,3496.0,7.780320366132723,0.09999999999999433,50.63,49.27,1.0,0,1,0,0,1,33.0,35.0
162,0,1.107240540540539,1.2011918918918911,335.0,10.0,6383211.0,0.029850746268656716,36.76,59.3,0,54,1,182.12,1,0,0,0,54.0,5079.0,536.0,13.059701492537313,0.4699999999999989,46.86,52.67,0.0,0,0,1,0,0,33.0,32.0
163,0,2.1591648648648647,2.257640540540539,533.0,48.0,14478400.0,0.0900562851782364,44.4,47.07,0,56,1,39.66,0,0,1,0,80.0,11500.0,1504.0,9.773936170212766,1.4600000000000009,42.88,55.66,0.0,1,0,0,0,1,35.0,36.0
164,0,1.8557594594594595,1.4864108108108112,266.0,10.0,10857320.0,0.03759398496240601,45.04,50.75,0,54,1,66.3,1,0,0,0,58.0,8080.0,2945.0,12.835314091680814,0.05000000000000426,64.55,35.4,0.0,0,1,0,0,1,31.0,36.0
165,0,2.038764864864865,1.6679108108108092,446.0,42.0,29516779.0,0.09417040358744394,47.84,48.95,0,57,1,66.3,1,0,0,0,76.0,15195.0,4494.0,13.084112149532707,0.010000000000001565,78.58,21.41,0.0,1,0,0,0,1,36.0,36.0
166,0,0.8466297297297298,0.5453162162162155,486.0,55.0,7413927.0,0.11316872427983539,34.49,60.98,0,55,1,66.3,1,0,0,0,131.0,16372.0,3691.0,4.930913031698727,0.02999999999999403,57.38,42.59,0.0,0,1,0,0,1,28.0,33.0
167,0,0.7421243243243252,0.7699378378378379,258.0,14.0,6022312.0,0.05426356589147287,46.45,48.51,0,51,1,66.3,1,0,0,0,75.0,6930.0,842.0,5.463182897862233,0.10999999999999943,39.26,60.63,0.0,0,1,0,0,1,31.0,29.0
168,0,1.1241027027027042,1.462708108108108,349.0,5.0,6247607.0,0.014326647564469915,56.68,40.48,0,55,1,37.35,0,1,0,0,37.0,5945.0,399.0,12.280701754385964,0.3400000000000034,43.11,56.55,0.0,0,1,0,0,1,36.0,35.0
169,0,1.6040837837837842,1.94384864864865,724.0,11.0,4928736.0,0.015193370165745856,38.18,53.58,0,55,1,37.35,0,1,0,0,47.0,9116.0,549.0,9.836065573770492,2.2900000000000063,33.32,64.39,0.0,0,1,0,0,1,34.0,32.0
170,0,1.962943243243244,1.9449486486486482,338.0,8.0,3909537.0,0.023668639053254437,37.9,61.19,0,51,1,31.47,0,0,1,0,114.0,8252.0,353.0,2.8328611898017,0.3199999999999932,51.84,47.84,0.0,1,0,0,0,0,33.0,29.0
171,1,1.6348837837837844,1.5994810810810811,130.0,11.0,9736271.0,0.08461538461538462,47.38,45.04,0,56,1,60.3,0,0,1,0,62.0,4058.0,250.0,8.0,38.48,37.3,24.22,0.0,0,1,0,0,1,35.0,33.0
172,0,1.3533864864864875,1.3410459459459454,415.0,5.0,13344871.0,0.012048192771084338,35.32,61.18,0,53,1,44.12,0,0,1,0,148.0,12862.0,1076.0,2.3234200743494418,2.5400000000000063,40.8,56.66,0.0,0,1,0,0,1,29.0,31.0
173,0,2.409837837837838,2.4665405405405405,94.0,52.0,1213525.0,0.5531914893617021,28.57,68.33,0,56,1,31.47,0,0,1,0,54.0,1972.0,144.0,3.4722222222222223,4.5800000000000125,29.79,65.63,0.0,0,1,0,0,1,31.0,33.0
174,1,1.5813567567567568,1.5463216216216218,98.0,19.0,5657685.0,0.19387755102040816,60.2,31.15,0,56,1,37.35,0,1,0,0,14.0,2042.0,151.0,11.258278145695362,11.72,23.05,65.23,0.0,0,1,0,0,0,32.0,35.0
175,0,1.6819243243243238,1.364451351351352,119.0,98.0,26751795.0,0.8235294117647058,48.12,50.06,0,54,1,182.12,1,0,0,0,43.0,6427.0,1163.0,42.21840068787618,0.8499999999999943,59.09,40.06,0.0,0,1,0,0,0,33.0,30.0
176,0,1.2026918918918923,1.2510675675675678,437.0,12.0,7754930.0,0.02745995423340961,36.79,54.87,0,59,1,182.12,1,0,0,0,57.0,7493.0,644.0,25.77639751552795,0.4199999999999946,46.88,52.7,0.0,0,1,0,0,1,35.0,39.0
177,0,1.4406972972972971,0.9956945945945944,211.0,99.0,82785900.0,0.46919431279620855,48.6,51.1,0,57,1,182.12,1,0,0,0,97.0,17506.0,7669.0,40.93102099361064,0.010000000000001565,81.08,18.91,0.0,0,1,0,0,1,35.0,38.0
178,1,1.5862135135135134,1.5771783783783777,260.0,7.0,3047356.0,0.026923076923076925,46.24,50.87,0,54,1,35.79,0,0,1,0,219.0,9623.0,160.0,7.5,26.139999999999993,20.65,53.21,0.0,1,0,0,0,1,27.0,32.0
179,1,1.2438000000000002,1.1141702702702712,742.0,47.0,17587544.0,0.06334231805929919,56.14,43.04,0,56,1,35.3,0,1,0,0,130.0,15903.0,4635.0,30.18338727076591,0.2700000000000067,74.1,25.63,0.0,0,1,0,0,0,35.0,35.0
180,1,2.191483783783785,2.532781081081082,520.0,118.0,10076908.0,0.22692307692307692,41.66,56.03,0,56,1,32.02,0,1,0,0,62.0,10027.0,1607.0,6.845052893590544,1.6000000000000014,47.67,50.73,0.0,0,1,0,0,1,34.0,33.0
181,1,1.7916756756756749,2.042016216216216,128.0,18.0,2307944.0,0.140625,44.98,54.16,0,57,1,32.02,0,1,0,0,35.0,2586.0,276.0,5.0724637681159415,0.19000000000000486,60.98,38.83,0.0,0,1,0,0,1,34.0,38.0
182,0,1.153135135135135,1.2329756756756756,826.0,27.0,20373200.0,0.03268765133171913,48.65,43.05,0,58,1,39.66,0,0,1,0,163.0,18200.0,2879.0,11.879124696075024,1.8400000000000036,60.87,37.29,1.0,1,0,0,0,0,34.0,37.0
183,0,1.8375405405405405,1.9508162162162148,591.0,13.0,9464340.0,0.021996615905245348,49.5,43.18,0,56,1,39.66,0,0,1,0,232.0,11500.0,1747.0,6.067544361763022,0.10999999999999943,61.6,38.29,0.0,0,1,0,0,1,32.0,35.0
184,0,1.0245297297297298,1.0399459459459457,351.0,26.0,3906094.0,0.07407407407407407,51.17,38.92,0,52,1,35.3,0,1,0,0,44.0,5455.0,1086.0,2.117863720073665,0.4299999999999997,47.07,52.5,0.0,0,1,0,0,1,28.0,30.0
185,0,2.1317945945945938,1.967208108108108,654.0,47.0,32506652.0,0.07186544342507645,50.17,47.12,0,56,1,89.72,0,1,0,0,196.0,18097.0,2377.0,23.517038283550697,0.03999999999999915,54.51,45.45,0.0,0,1,0,0,1,34.0,35.0
186,0,1.7112729729729732,1.6993486486486489,83.0,8.0,3105440.0,0.0963855421686747,50.95,43.23,0,57,1,43.47,0,0,1,0,47.0,2505.0,212.0,1.4150943396226416,0.14999999999999858,44.24,55.61,0.0,1,0,0,0,1,33.0,38.0
187,1,2.291859459459459,2.3474405405405414,1039.0,79.0,33978846.0,0.07603464870067372,43.2,53.26,0,57,1,39.66,0,0,1,0,135.0,22900.0,2412.0,6.509121061359867,1.3500000000000014,55.42,43.23,0.0,1,0,0,0,1,35.0,34.0
188,1,2.4821675675675685,2.5298432432432425,883.0,258.0,17934002.0,0.29218573046432617,49.48,45.08,0,55,1,89.72,0,1,0,0,164.0,21605.0,2733.0,4.24442005122576,0.10000000000000142,57.48,42.42,1.0,0,1,0,0,1,28.0,34.0
189,0,1.7312270270270258,1.5134486486486491,408.0,36.0,26760750.0,0.08823529411764706,35.2,62.99,0,56,1,35.3,0,1,0,0,185.0,16858.0,747.0,4.28380187416332,0.13000000000000256,49.94,49.93,0.0,0,1,0,0,0,34.0,36.0
190,1,2.458981081081082,2.059378378378379,754.0,169.0,116214609.0,0.22413793103448276,33.61,64.54,1,52,1,66.3,1,0,0,0,302.0,41833.0,5533.0,15.36237122718236,0.03999999999999915,48.28,51.68,0.0,0,1,0,0,1,27.0,34.0
191,1,2.3348783783783778,1.9386756756756762,825.0,504.0,21810810.0,0.610909090909091,40.44,58.76,0,53,1,66.3,1,0,0,0,142.0,26674.0,4582.0,2.902662592754256,0.060000000000002274,58.48,41.46,0.0,0,1,0,0,1,34.0,33.0
192,1,1.1842783783783783,1.0591675675675676,195.0,0.0,26365857.0,0.0,63.3,34.7,0,56,1,89.72,0,1,0,0,76.0,6482.0,987.0,5.1671732522796345,0.0899999999999963,57.63,42.28,0.0,0,1,0,0,1,34.0,34.0
193,1,2.4338,2.4459864864864858,571.0,35.0,11032000.0,0.06129597197898424,42.7,51.15,0,58,1,89.72,0,1,0,0,103.0,13535.0,1402.0,3.9942938659058487,0.3200000000000003,57.14,42.54,0.0,0,1,0,0,1,37.0,34.0
194,0,1.521624324324325,1.2581297297297305,369.0,62.0,24079290.0,0.16802168021680217,56.85,41.31,0,54,1,182.12,1,0,0,0,72.0,12582.0,2366.0,37.912087912087905,0.10999999999999588,69.9,29.99,0.0,0,0,1,0,0,31.0,31.0
195,0,0.8998216216216209,1.005213513513512,300.0,0.0,2048113.0,0.0,49.51,34.22,0,56,1,182.12,1,0,0,0,22.0,4397.0,943.0,10.498409331919406,0.21999999999999886,42.44,57.34,0.0,0,1,0,0,1,34.0,34.0
196,0,1.36812972972973,1.5521864864864852,537.0,22.0,11480260.0,0.040968342644320296,45.75,47.05,0,48,1,66.1,0,1,0,0,90.0,11738.0,971.0,3.707518022657055,0.15000000000000568,43.8,56.05,0.0,0,0,1,0,0,29.0,26.0
197,0,1.6031378378378376,2.0234378378378386,370.0,17.0,4703359.0,0.04594594594594595,45.79,40.81,0,53,1,66.1,0,1,0,0,72.0,6546.0,521.0,4.414587332053743,0.0,50.14,49.86,0.0,0,1,0,0,0,29.0,31.0
198,0,2.5564162162162165,2.581210810810813,175.0,46.0,1654705.0,0.26285714285714284,45.33,50.28,0,56,1,31.47,0,0,1,0,68.0,4368.0,171.0,4.093567251461988,25.8,29.03,45.17,0.0,0,1,0,0,1,29.0,31.0
199,0,2.1170513513513503,1.6345108108108108,356.0,45.0,11254564.0,0.12640449438202248,45.48,51.88,0,53,1,66.3,1,0,0,0,75.0,11392.0,5394.0,18.594734890619208,0.05000000000000426,63.55,36.4,0.0,0,1,0,0,0,34.0,29.0
200,0,1.8622702702702696,1.8034891891891889,269.0,17.0,3261953.0,0.06319702602230483,36.27,57.92,0,47,1,66.3,1,0,0,0,54.0,7913.0,849.0,3.2979976442873973,0.3400000000000034,21.83,77.83,0.0,0,1,0,0,0,24.0,21.0
201,0,1.4935270270270262,1.5512405405405394,280.0,6.0,3238217.0,0.02142857142857143,40.49,47.81,0,57,1,36.14,0,1,0,0,46.0,5344.0,1439.0,3.1966643502432244,1.1300000000000026,39.32,59.55,0.0,0,1,0,0,1,37.0,38.0
202,0,1.3581405405405411,1.3288189189189177,109.0,16.0,8425681.0,0.14678899082568808,65.1,33.42,0,56,1,66.1,0,1,0,0,24.0,3966.0,324.0,1.851851851851852,1.1199999999999974,52.43,46.45,0.0,0,1,0,0,0,34.0,38.0
203,0,1.2667189189189187,1.793021621621623,465.0,30.0,3485615.0,0.06451612903225806,44.92,43.63,0,56,1,66.1,0,1,0,0,67.0,3952.0,509.0,2.161100196463654,1.029999999999994,53.63,45.34,0.0,0,0,1,0,0,33.0,32.0
204,1,1.3730864864864871,1.4154270270270282,296.0,12.0,5623240.0,0.04054054054054054,48.96,48.48,0,56,1,60.3,0,0,1,0,77.0,6111.0,294.0,15.646258503401361,3.629999999999996,33.12,63.25,1.0,0,0,1,0,1,30.0,36.0
206,1,1.8640351351351352,1.5036351351351354,898.0,346.0,215031516.0,0.38530066815144765,27.97,70.94,1,54,1,182.12,1,0,0,0,243.0,49747.0,4664.0,29.78130360205832,0.060000000000002274,32.6,67.34,1.0,0,0,1,0,0,35.0,31.0
207,1,1.5264567567567542,1.5348567567567548,148.0,3.0,5590042.0,0.02027027027027027,47.92,48.85,0,54,1,60.3,0,0,1,0,42.0,3966.0,179.0,12.290502793296087,0.35999999999999943,50.19,49.45,0.0,0,1,0,0,1,33.0,31.0
208,1,1.4895810810810826,1.5473918918918912,277.0,12.0,3600729.0,0.04332129963898917,47.79,47.29,0,54,1,60.3,0,0,1,0,75.0,4780.0,235.0,4.25531914893617,1.009999999999998,39.61,59.38,0.0,0,1,0,0,1,34.0,31.0
210,0,2.6554810810810805,2.762194594594594,170.0,19.0,3880451.0,0.11176470588235295,61.3,35.68,0,56,1,55.64,0,0,1,0,43.0,3845.0,484.0,1.0330578512396695,0.049999999999997165,66.25,33.7,0.0,0,1,0,0,1,35.0,38.0
211,0,0.9702108108108116,1.1499783783783797,550.0,16.0,4191338.0,0.02909090909090909,42.88,44.5,0,54,1,182.12,1,0,0,0,42.0,9548.0,461.0,10.629067245119305,0.12000000000000455,37.48,62.4,1.0,0,0,1,0,0,34.0,28.0
212,1,1.1231108108108103,1.1058243243243262,211.0,0.0,8137748.0,0.0,57.98,40.5,0,55,1,60.3,0,0,1,0,58.0,5656.0,242.0,10.330578512396695,1.7100000000000009,50.58,47.71,0.0,1,0,0,0,1,22.0,36.0
213,1,2.3398243243243253,2.3964513513513506,418.0,24.0,11571249.0,0.05741626794258373,53.27,39.91,0,59,1,89.72,0,1,0,0,78.0,9536.0,1264.0,4.272151898734177,0.10000000000000142,56.24,43.66,0.0,0,1,0,0,1,34.0,42.0
215,0,2.2191756756756766,2.1717351351351355,394.0,15.0,8190902.0,0.03807106598984772,44.14,48.63,0,56,1,89.72,0,1,0,0,110.0,9695.0,1259.0,3.256552819698173,0.010000000000005116,60.23,39.76,0.0,0,1,0,0,1,34.0,37.0
216,0,1.1868027027027015,1.4986972972972958,804.0,14.0,13968211.0,0.017412935323383085,49.83,39.53,0,51,1,182.12,1,0,0,0,71.0,13362.0,1026.0,6.042884990253412,1.4699999999999989,46.79,51.74,1.0,0,0,1,0,1,21.0,29.0
217,1,1.9601027027027007,1.7400459459459463,803.0,60.0,84991300.0,0.074719800747198,40.03,58.16,1,56,1,89.72,0,1,0,0,410.0,30867.0,3569.0,29.05575791538245,0.07000000000000027,51.27,48.66,0.0,0,0,1,0,0,33.0,36.0
218,0,1.8304405405405428,1.7885378378378376,505.0,37.0,19948100.0,0.07326732673267326,50.51,46.15,0,56,0,39.66,0,0,1,0,71.0,11600.0,2992.0,10.327540106951874,0.15000000000000213,77.61,22.24,0.0,0,0,1,0,0,29.0,35.0
219,0,1.8374540540540552,1.821621621621624,446.0,19.0,11166091.0,0.042600896860986545,51.8,40.39,0,53,0,182.12,1,0,0,0,54.0,7620.0,1163.0,21.324161650902838,0.21999999999999886,49.6,50.18,0.0,0,0,1,0,0,25.0,29.0
220,0,1.936697297297297,1.4062594594594588,170.0,66.0,36327000.0,0.38823529411764707,49.0,49.3,0,54,0,182.12,1,0,0,0,59.0,8115.0,3211.0,28.340080971659923,-3.552713678800501e-15,74.48,25.52,0.0,0,1,0,0,1,29.0,31.0
221,0,1.3824621621621622,1.3969567567567551,120.0,0.0,3546055.0,0.0,52.94,42.0,0,50,0,44.12,0,0,1,0,36.0,3568.0,360.0,4.166666666666666,11.47,34.83,53.7,0.0,0,1,0,0,1,27.0,29.0
222,0,2.458981081081081,2.441621621621621,235.0,15.0,4561525.0,0.06382978723404255,25.78,67.91,0,51,0,31.47,0,0,1,0,92.0,5694.0,288.0,3.8194444444444446,11.939999999999998,21.65,66.41,0.0,0,1,0,0,0,28.0,32.0
223,0,2.156543243243242,2.2244648648648653,561.0,66.0,22359500.0,0.11764705882352941,43.9,47.65,0,48,0,39.66,0,0,1,0,59.0,12700.0,2175.0,8.735632183908045,0.6799999999999997,63.42,35.9,0.0,0,0,1,1,1,27.0,25.0
224,0,2.0902243243243235,1.748175675675676,604.0,146.0,16240361.0,0.24172185430463577,44.27,52.53,0,49,0,66.3,1,0,0,0,111.0,17235.0,3760.0,4.042553191489361,0.049999999999993605,68.68,31.27,1.0,0,0,1,0,0,28.0,29.0
225,0,1.4154783783783782,1.6228783783783782,171.0,29.0,8813428.0,0.1695906432748538,63.67,34.6,0,49,0,36.14,0,1,0,0,28.0,3337.0,540.0,3.888888888888889,1.93,55.97,42.1,1.0,0,1,0,0,0,28.0,24.0
226,0,1.3312918918918908,1.3310648648648642,355.0,56.0,16647596.0,0.15774647887323945,54.18,40.26,0,53,0,35.3,0,1,0,0,47.0,5376.0,1221.0,14.496314496314495,0.14999999999999858,69.39,30.46,0.0,0,1,0,0,0,33.0,34.0
227,0,2.2623783783783784,2.320683783783781,595.0,37.0,8957000.0,0.06218487394957983,49.7,45.53,0,53,0,89.72,0,1,0,0,104.0,13010.0,3047.0,2.756809977026584,0.14000000000000054,45.5,54.36,0.0,0,1,0,0,0,26.0,32.0
228,0,2.020881081081081,2.2760486486486475,567.0,156.0,13125986.0,0.2751322751322751,38.93,57.84,0,58,0,35.3,1,0,0,0,242.0,15306.0,1188.0,3.2828282828282838,1.8500000000000012,41.74,56.41,0.0,0,1,0,0,0,26.0,32.0
229,0,1.468443243243243,1.8368540540540552,454.0,76.0,4601745.0,0.16740088105726872,52.31,43.83,0,50,0,35.3,1,0,0,0,86.0,9548.0,794.0,1.2594458438287155,0.5,49.17,50.33,0.0,0,0,1,0,0,29.0,26.0
230,0,2.1135405405405407,1.94408108108108,171.0,39.0,13905779.0,0.22807017543859648,18.14,77.37,0,54,0,32.74,0,0,1,0,123.0,12417.0,151.0,24.503311258278146,7.060000000000002,18.95,73.99,1.0,0,1,0,0,0,26.0,31.0
231,0,1.5811432432432428,1.6663972972972965,388.0,18.0,6709721.0,0.04639175257731959,49.48,42.57,0,49,0,66.1,0,1,0,0,85.0,8953.0,1374.0,2.9112081513828234,0.060000000000002274,49.8,50.14,0.0,0,1,0,0,0,20.0,27.0
232,0,1.0630135135135137,1.2406513513513526,253.0,7.0,1478000.0,0.02766798418972332,43.3,47.06,0,51,0,43.47,0,0,1,0,180.0,4362.0,250.0,0.0,0.9499999999999956,42.84,56.21,0.0,1,0,0,1,0,29.0,29.0
233,0,1.0555459459459469,1.0567513513513518,46.0,1.0,1564325.0,0.021739130434782608,61.42,35.99,0,52,0,31.0,0,0,1,0,13.0,1385.0,94.0,0.0,2.5500000000000043,64.71,32.74,1.0,1,0,0,1,0,27.0,29.0
234,0,2.3880297297297304,2.444137837837838,790.0,23.0,3706907.0,0.02911392405063291,35.77,63.18,0,52,0,31.22,0,1,0,0,177.0,17533.0,1343.0,2.8294862248696946,0.1699999999999875,28.46,71.37,0.0,1,0,0,0,0,31.0,29.0
235,0,2.295043243243243,2.432889189189188,513.0,19.0,2461333.0,0.037037037037037035,28.61,65.39,0,47,0,31.47,0,0,1,0,269.0,11583.0,456.0,3.2894736842105265,0.5600000000000023,31.78,67.66,0.0,0,0,1,0,0,25.0,24.0
236,1,1.8602810810810824,1.9489648648648648,316.0,7.0,4201300.0,0.022151898734177215,34.29,52.52,0,56,0,35.79,0,0,1,0,81.0,7114.0,206.0,5.339805825242718,20.30000000000001,21.54,58.16,0.0,1,0,0,0,1,30.0,39.0
238,1,1.2716648648648643,1.261335135135135,235.0,7.0,2298381.0,0.029787234042553193,31.58,64.6,0,55,0,60.3,0,0,1,0,44.0,5659.0,345.0,11.594202898550725,0.7899999999999922,35.37,63.84,1.0,0,1,0,0,0,31.0,30.0
239,1,1.4479648648648635,1.501432432432432,186.0,8.0,1849479.0,0.043010752688172046,38.33,60.13,0,53,0,60.3,0,0,1,0,55.0,4547.0,211.0,7.109004739336492,1.9399999999999975,33.93,64.13,0.0,0,1,0,0,0,23.0,29.0
240,1,2.164832432432432,1.7799378378378392,493.0,55.0,54652800.0,0.11156186612576065,41.33,57.86,0,57,0,39.66,0,0,1,0,166.0,19610.0,5258.0,22.42297451502473,0.060000000000002274,64.25,35.69,0.0,0,1,0,0,0,33.0,40.0
241,1,2.3551837837837852,2.018808108108109,379.0,51.0,57722100.0,0.1345646437994723,46.36,51.8,0,52,0,39.66,0,0,1,0,67.0,13100.0,4240.0,17.523584905660382,0.11999999999999746,60.38,39.5,0.0,0,0,1,0,0,27.0,30.0
242,1,1.7162729729729742,1.5907648648648658,764.0,40.0,28626300.0,0.05235602094240838,45.61,52.25,0,56,0,39.66,0,0,1,0,222.0,18800.0,5131.0,19.918144611186907,0.23000000000000045,81.89,17.88,0.0,0,1,0,0,1,32.0,38.0
243,1,1.9253297297297287,1.8311837837837843,460.0,23.0,32484000.0,0.05,47.92,49.13,0,54,0,39.66,0,0,1,0,69.0,10900.0,2858.0,12.246326102169348,0.039999999999992035,74.04,25.92,0.0,0,1,0,0,1,31.0,34.0
245,1,1.6703243243243242,1.5778135135135138,298.0,10.0,10146857.0,0.03355704697986577,35.33,58.37,0,57,0,31.22,0,1,0,0,71.0,9448.0,361.0,18.282548476454295,0.1600000000000108,32.07,67.77,0.0,0,1,0,0,1,35.0,38.0
246,1,1.5563891891891881,1.4592081081081076,304.0,16.0,14150500.0,0.05263157894736842,50.06,44.28,0,52,0,89.72,0,1,0,0,53.0,6200.0,735.0,10.068027210884352,0.1700000000000017,49.48,50.35,1.0,0,1,0,1,1,31.0,30.0
247,0,1.7765621621621617,1.4562054054054052,231.0,35.0,43517181.0,0.15151515151515152,41.64,57.82,1,56,0,35.3,0,1,0,0,51.0,12705.0,1894.0,36.272439281942965,0.10999999999999943,62.43,37.46,0.0,0,0,1,0,0,34.0,33.0
248,0,2.196224324324324,2.230040540540541,640.0,38.0,5731900.0,0.059375,45.05,44.53,0,47,0,89.72,0,1,0,0,148.0,12797.0,2325.0,1.6774193548387095,0.0799999999999983,39.95,59.97,0.0,0,0,1,0,1,26.0,21.0
249,0,1.1843756756756756,1.7328648648648652,642.0,44.0,4708548.0,0.06853582554517133,39.58,47.1,0,51,0,35.3,1,0,0,0,128.0,12477.0,955.0,5.968586387434557,0.8900000000000006,33.72,65.39,0.0,0,0,1,0,1,32.0,28.0
250,0,1.1185729729729728,1.264516216216217,288.0,14.0,4532584.0,0.04861111111111111,54.36,42.67,0,57,0,35.3,0,1,0,0,46.0,5439.0,1770.0,4.23728813559322,1.5399999999999991,35.39,63.07,0.0,0,1,0,0,1,35.0,38.0
251,0,0.9826405405405412,0.9502378378378382,514.0,20.0,8148209.0,0.038910505836575876,45.47,52.78,0,55,0,35.3,0,1,0,0,76.0,10356.0,2254.0,21.20674356699201,3.1300000000000026,57.01,39.86,1.0,0,0,1,0,0,32.0,29.0
252,0,2.106454054054054,2.193556756756757,556.0,15.0,3705194.0,0.02697841726618705,46.02,43.82,0,53,0,43.47,0,0,1,0,155.0,9605.0,573.0,2.094240837696335,1.3100000000000025,39.62,59.07,1.0,0,0,1,0,0,23.0,28.0
253,0,2.1333756756756745,2.0351729729729735,332.0,37.0,2698240.0,0.11144578313253012,31.95,60.09,0,57,0,31.47,0,0,1,0,106.0,7129.0,567.0,4.232804232804233,0.3200000000000003,39.96,59.72,1.0,0,1,0,0,1,31.0,36.0
254,1,1.1308864864864885,1.2079891891891887,294.0,7.0,1295727.0,0.023809523809523808,32.64,64.1,0,55,0,60.3,0,0,1,0,153.0,5700.0,228.0,8.771929824561402,7.019999999999996,37.03,55.95,1.0,1,0,0,0,1,34.0,32.0
255,0,1.892932432432434,1.7480567567567569,749.0,45.0,51428765.0,0.06008010680907877,53.35,45.32,1,57,0,44.12,0,0,1,0,162.0,21119.0,1641.0,10.176721511273612,0.9299999999999996,45.21,53.86,0.0,0,0,1,0,0,35.0,36.0
256,0,1.211664864864865,1.3101135135135138,275.0,2.0,3913200.0,0.007272727272727273,43.61,53.75,0,51,0,44.12,0,0,1,0,51.0,5681.0,591.0,1.5228426395939088,7.8799999999999955,42.2,49.92,0.0,0,1,0,0,1,29.0,30.0
257,0,0.8950864864864867,0.7689135135135139,565.0,25.0,23315759.0,0.04424778761061947,50.4,45.16,0,54,0,182.12,1,0,0,0,44.0,9741.0,1988.0,10.814889336016094,0.09000000000000341,58.4,41.51,1.0,0,0,1,0,0,28.0,35.0
258,0,0.7024945945945946,0.5753945945945937,276.0,5.0,8045515.0,0.018115942028985508,52.79,44.48,0,55,0,182.12,1,0,0,0,31.0,4600.0,923.0,14.517876489707474,0.07000000000000027,56.25,43.68,0.0,0,0,1,0,0,33.0,31.0
259,0,2.510243243243244,3.0015162162162152,1070.0,155.0,5431259.0,0.14485981308411214,35.23,53.08,0,57,0,36.14,0,1,0,0,115.0,13915.0,1752.0,1.0273972602739725,0.5099999999999909,30.2,69.29,0.0,0,1,0,0,0,34.0,30.0
260,1,2.8753108108108094,2.603524324324324,842.0,157.0,53849953.0,0.18646080760095013,39.33,60.18,0,55,0,55.64,0,0,1,0,219.0,38049.0,2845.0,3.5149384885764503,0.10999999999999943,52.39,47.5,1.0,1,0,0,0,0,33.0,36.0
261,0,2.1156540540540547,2.308351351351353,1019.0,18.0,7708513.0,0.017664376840039256,48.59,43.97,0,55,0,89.72,0,1,0,0,233.0,21360.0,3455.0,1.7366136034732274,0.10999999999999943,33.87,66.02,0.0,0,1,0,0,0,32.0,31.0
262,0,0.9789567567567574,1.4191891891891912,349.0,4.0,4848100.0,0.011461318051575931,57.45,32.35,0,56,0,66.1,0,1,0,0,43.0,5145.0,323.0,3.7151702786377703,0.15000000000000568,41.98,57.87,0.0,1,0,0,0,1,34.0,38.0
263,0,1.0634837837837852,1.2969945945945955,301.0,4.0,4488895.0,0.013289036544850499,38.83,48.59,0,58,0,35.3,0,1,0,0,73.0,3743.0,368.0,1.6304347826086956,0.5499999999999972,35.45,64.0,0.0,0,1,0,0,1,34.0,36.0
264,0,1.6190135135135135,1.6594324324324332,217.0,6.0,1890231.0,0.027649769585253458,42.04,56.38,0,54,0,44.12,0,0,1,0,66.0,6007.0,551.0,3.0852994555353903,1.8500000000000012,36.8,61.35,0.0,0,1,0,0,1,33.0,31.0
265,0,2.082948648648649,1.9656621621621624,433.0,30.0,36697027.0,0.06928406466512702,51.99,46.08,0,50,0,89.72,0,1,0,0,157.0,14452.0,2624.0,5.525914634146342,0.0899999999999963,64.53,35.38,0.0,0,0,1,0,1,27.0,29.0
266,0,1.0604405405405393,1.3211783783783764,805.0,32.0,11193200.0,0.03975155279503106,41.4,49.01,0,52,0,35.3,0,1,0,0,193.0,14432.0,1050.0,1.4285714285714286,0.18000000000000682,28.66,71.16,0.0,0,0,1,0,0,29.0,33.0
267,1,2.549013513513513,2.3114702702702727,243.0,7.0,21851700.0,0.02880658436213992,24.81,74.14,0,55,0,35.79,0,0,1,0,108.0,10225.0,232.0,8.620689655172415,0.7800000000000011,25.91,73.31,0.0,0,0,1,1,0,27.0,34.0
268,0,2.742091891891892,2.5175783783783787,906.0,120.0,71920980.0,0.13245033112582782,35.15,61.83,1,56,0,43.47,0,0,1,0,329.0,30820.0,1434.0,8.507670850767084,0.10000000000000142,37.23,62.67,0.0,1,0,0,0,0,36.0,37.0
269,1,2.385202702702704,1.8900054054054047,691.0,87.0,81945100.0,0.12590448625180897,47.3,51.7,0,56,0,39.66,0,0,1,0,193.0,30300.0,9840.0,41.77845528455285,0.010000000000001565,73.0,26.99,1.0,0,0,1,0,0,35.0,34.0
270,0,2.126381081081081,2.1939054054054044,161.0,14.0,349527.0,0.08695652173913043,30.49,65.67,0,56,0,31.47,0,0,1,0,63.0,4030.0,111.0,5.405405405405406,19.94,14.92,65.14,0.0,1,0,0,0,1,37.0,40.0
271,0,0.7063108108108103,0.7224513513513506,363.0,5.0,2241362.0,0.013774104683195593,44.83,42.6,0,44,0,182.12,1,0,0,0,33.0,5153.0,237.0,24.05063291139241,0.6000000000000014,53.73,45.67,1.0,1,0,0,0,0,23.0,23.0
272,0,0.9088567567567556,1.2098351351351346,324.0,9.0,8484280.0,0.027777777777777776,51.54,42.08,0,50,0,66.1,0,1,0,0,68.0,4531.0,534.0,2.0599250936329585,0.3100000000000023,43.83,55.86,0.0,0,1,0,0,0,29.0,28.0
273,0,1.9889513513513508,2.0099567567567567,433.0,2.0,2829721.0,0.004618937644341801,21.86,75.26,0,57,0,31.47,0,0,1,0,189.0,11043.0,380.0,3.4210526315789487,0.9200000000000016,33.72,65.36,1.0,0,1,0,0,1,35.0,34.0
274,1,1.9186270270270256,1.8382297297297283,755.0,58.0,32053543.0,0.07682119205298013,62.1,33.63,0,56,0,31.22,0,1,0,0,173.0,18690.0,1630.0,5.398773006134969,2.1700000000000017,42.58,55.25,0.0,0,1,0,0,0,35.0,35.0
275,0,1.7702081081081091,1.5562891891891897,271.0,12.0,18786919.0,0.04428044280442804,46.57,51.85,0,56,2,39.66,0,0,1,0,50.0,8100.0,2046.0,19.110459433040077,0.18999999999999773,54.92,44.89,0.0,1,0,0,0,1,27.0,33.0
276,0,1.1751027027027028,1.2781135135135155,316.0,6.0,10326594.0,0.0189873417721519,52.76,40.89,0,58,1,35.3,0,1,0,0,47.0,5995.0,1186.0,8.431703204047219,1.2199999999999989,39.88,58.9,0.0,1,0,0,0,0,36.0,37.0
277,0,0.9618081081081088,1.3742378378378373,800.0,48.0,9082292.0,0.06,46.11,51.91,0,51,2,35.3,1,0,0,0,127.0,17760.0,1098.0,3.0054644808743167,0.24000000000000196,44.94,54.82,0.0,0,0,1,0,0,28.0,29.0
279,0,1.8573243243243245,1.8253486486486472,132.0,4.0,4440648.0,0.030303030303030304,42.49,57.06,0,57,2,31.47,0,0,1,0,49.0,3893.0,132.0,5.303030303030303,0.12000000000000455,62.37,37.51,0.0,0,1,0,0,1,29.0,29.0
280,0,1.7156729729729738,1.7300675675675663,308.0,7.0,1383021.0,0.022727272727272728,31.45,61.18,0,55,4,31.47,0,0,1,0,112.0,5923.0,349.0,0.8595988538681949,0.9600000000000078,27.04,72.0,0.0,0,1,0,0,1,39.0,42.0
281,1,2.213794594594595,2.0864675675675683,525.0,230.0,36408753.0,0.4380952380952381,50.04,48.25,0,56,3,32.02,0,1,0,0,118.0,14143.0,1473.0,9.504412763068569,0.2999999999999972,59.03,40.67,0.0,0,1,0,0,1,34.0,34.0
282,1,1.7534324324324322,1.5930783783783786,644.0,47.0,63890455.0,0.07298136645962733,33.83,63.31,1,57,1,89.72,0,1,0,0,238.0,29035.0,2051.0,7.11847879083374,0.03999999999999915,41.12,58.84,0.0,0,0,1,0,1,35.0,35.0
283,0,1.920135135135134,1.7280513513513518,256.0,38.0,17730689.0,0.1484375,47.52,46.77,0,58,1,89.72,0,1,0,0,50.0,8097.0,1847.0,23.226854358419057,0.11999999999999035,64.93,34.95,1.0,0,0,1,0,1,39.0,35.0
284,1,2.2763621621621604,2.2187648648648644,1162.0,49.0,18035241.0,0.04216867469879518,51.46,46.7,0,57,2,89.72,0,1,0,0,188.0,21287.0,4074.0,4.639175257731959,0.2399999999999949,49.81,49.95,1.0,0,1,0,0,1,36.0,34.0
285,0,0.4930000000000003,0.4760486486486486,703.0,8.0,9403706.0,0.011379800853485065,59.77,35.49,0,52,0,182.12,1,0,0,0,50.0,10172.0,1956.0,8.1799591002045,0.4899999999999949,54.34,45.17,0.0,0,1,0,0,0,35.0,35.0
286,0,2.4367054054054056,2.3936810810810814,1199.0,32.0,13573495.0,0.026688907422852376,49.05,45.38,0,60,6,31.22,0,1,0,0,365.0,28300.0,1828.0,4.485776805251642,0.13000000000000256,38.83,61.04,0.0,0,1,0,0,1,36.0,36.0
287,0,1.683037837837837,1.753645945945946,320.0,15.0,1613303.0,0.046875,52.11,45.02,0,54,1,44.12,0,0,1,0,63.0,7178.0,601.0,2.9950083194675536,3.5900000000000034,21.89,74.52,0.0,0,1,0,0,1,24.0,34.0
288,1,2.3983189189189176,2.249189189189189,743.0,174.0,48124819.0,0.23418573351278602,47.33,52.35,0,59,3,36.14,0,1,0,0,172.0,20964.0,2257.0,7.6207354895879496,0.07000000000000027,56.9,43.03,0.0,0,1,0,0,1,34.0,37.0
289,0,2.77515945945946,2.8508216216216216,79.0,17.0,1757953.0,0.21518987341772153,41.54,49.66,0,55,1,31.47,0,0,1,0,27.0,1789.0,83.0,1.2048192771084338,4.660000000000005,50.76,44.58,1.0,0,0,1,0,1,34.0,32.0
290,0,2.1300783783783785,2.130635135135135,255.0,14.0,3589212.0,0.054901960784313725,35.17,60.46,0,53,1,31.47,0,0,1,0,79.0,7797.0,460.0,1.5217391304347827,15.370000000000005,19.61,65.02,0.0,0,1,0,0,0,31.0,31.0
291,0,0.9346513513513512,0.9559270270270276,219.0,14.0,7255575.0,0.0639269406392694,63.54,32.14,0,53,1,30.69,0,1,0,0,72.0,5889.0,434.0,3.9170506912442393,0.730000000000004,48.19,51.08,0.0,0,0,1,0,1,34.0,31.0
292,1,2.4597810810810805,2.8028945945945942,602.0,106.0,2850981.0,0.1760797342192691,37.67,51.24,0,57,2,32.02,0,1,0,0,40.0,8102.0,1542.0,5.058365758754863,0.7899999999999991,50.18,49.03,0.0,1,0,0,0,1,34.0,37.0
293,0,1.4389459459459468,1.6015216216216226,382.0,26.0,4798198.0,0.06806282722513089,50.42,40.58,0,56,3,43.47,0,0,1,0,80.0,6990.0,586.0,1.706484641638225,0.4599999999999938,34.99,64.55,0.0,0,1,0,0,1,35.0,36.0
294,1,1.8389378378378385,1.9024621621621625,272.0,3.0,1534132.0,0.011029411764705883,37.7,59.73,0,54,2,35.79,0,0,1,0,51.0,3942.0,230.0,4.782608695652174,1.5099999999999911,16.01,82.48,0.0,0,0,1,0,1,31.0,39.0
